deck_id,event_id,standing,character,character_card_id,deck_name,deck_symbol,swiss_record,swiss_wins,swiss_losses,swiss_draws,overall_record,overall_wins,overall_losses,overall_draws,made_top_cut,has_decklist,main_deck_size,sideboard_size
2026-03-21_brownsburg-in-us#1,2026-03-21_brownsburg-in-us,1,"biollante, giant plant monster",gdz01-003,Best Girl 1.0,water,3-1-1,3,1,1,6-1-1,6,1,1,1,1,71,10
2026-03-21_brownsburg-in-us#2,2026-03-21_brownsburg-in-us,2,"hedorah, smog monster",gdz01-009,Hedorah - Throws,water,3-1-1,3,1,1,5-2-1,5,2,1,1,1,62,10
2026-03-21_brownsburg-in-us#3,2026-03-21_brownsburg-in-us,3,"godzilla, titan of terror",gdz01-008,ToT Season 1 LC,earth,4-0-1,4,0,1,5-1-1,5,1,1,1,1,70,10
2026-03-21_brownsburg-in-us#4,2026-03-21_brownsburg-in-us,4,"mothra, divine moth",gdz01-013,In the Typhoon but about ten million times better,good,2-1-1 +1 bye,,,,3-2-1,3,2,1,1,1,75,10
2026-03-21_brownsburg-in-us#5,2026-03-21_brownsburg-in-us,5,"godzilla, titan of terror",gdz01-008,Napp Jones Deck,earth,4-0-1,4,0,1,4-1-1,4,1,1,1,1,65,10
2026-03-21_brownsburg-in-us#6,2026-03-21_brownsburg-in-us,6,"king ghidorah, three-headed monster",gdz01-011,Julian H Deck,all,3-1-1,3,1,1,3-2-1,3,2,1,1,1,66,10
2026-03-21_brownsburg-in-us#7,2026-03-21_brownsburg-in-us,7,"zeke yeager // zeke, beast titan",aot02-015,Zekeing it Deacon style,life,2-1-1 +1 bye,,,,2-2-1,2,2,1,1,1,62,10
2026-03-21_brownsburg-in-us#8,2026-03-21_brownsburg-in-us,8,mikasa ackerman,aot01-016,Mikasa 1,air,3-2-0,3,2,0,3-3-0,3,3,0,1,1,60,10
2026-03-21_brownsburg-in-us#9,2026-03-21_brownsburg-in-us,9,"reiner braun, marley’s shield // armored titan, finale",aot03-013,Rowan H Deck,chaos,3-2-0,3,2,0,3-2-0,3,2,0,0,1,69,10
2026-03-21_brownsburg-in-us#10,2026-03-21_brownsburg-in-us,10,ky kiske,ggs01-004,Aiden L Deck,order,3-2-0,3,2,0,3-2-0,3,2,0,0,1,63,10
2026-03-21_brownsburg-in-us#11,2026-03-21_brownsburg-in-us,11,"spacegodzilla, bio-quartz monster",gdz01-015,Spacegodzilla,chaos,2-2-0 +1 bye,,,,2-2-0,2,2,0,0,1,63,0
2026-03-21_brownsburg-in-us#12,2026-03-21_brownsburg-in-us,12,"godzilla, titan of terror",gdz01-008,Dizzy_Dragon_30 Deck,earth,2-2-1,2,2,1,2-2-1,2,2,1,0,1,71,10
2026-03-21_brownsburg-in-us#13,2026-03-21_brownsburg-in-us,13,mikasa ackerman,aot01-016,William A Deck,air,2-3-0,2,3,0,2-3-0,2,3,0,0,1,60,0
2026-03-21_brownsburg-in-us#14,2026-03-21_brownsburg-in-us,14,"meitenkun, sleeping prodigy",kf0x-002,Sleeper Build,good,2-3-0,2,3,0,2-3-0,2,3,0,0,1,84,10
2026-03-21_brownsburg-in-us#15,2026-03-21_brownsburg-in-us,15,"godzilla, shin godzilla",gdz01-007,IDtenTango Deck,death,2-3-0,2,3,0,2-3-0,2,3,0,0,1,66,0
2026-03-21_brownsburg-in-us#16,2026-03-21_brownsburg-in-us,16,"sung jinwoo, e rank hunter",sl01-001,Smoke Woo,death,1-3-1,1,3,1,1-3-1,1,3,1,0,1,77,10
2026-03-21_brownsburg-in-us#17,2026-03-21_brownsburg-in-us,17,"vax’ildan, dagger master",cr02-018,alliedBspex Deck,death,1-2-1,1,2,1,1-2-1,1,2,1,0,1,73,0
2026-03-21_brownsburg-in-us#18,2026-03-21_brownsburg-in-us,18,"mothra, divine moth",gdz01-013,Judgement Mothra,order,1-3-1,1,3,1,1-3-1,1,3,1,0,1,76,10
2026-03-21_brownsburg-in-us#19,2026-03-21_brownsburg-in-us,19,mark tyner,promo2025-098,Anton L Deck,evil,1-2-0,1,2,0,1-2-0,1,2,0,0,1,76,0
2026-03-21_brownsburg-in-us#20,2026-03-21_brownsburg-in-us,20,burning godzilla,gdz01-004,Jacob B Deck,earth,1-2-0,1,2,0,1-2-0,1,2,0,0,1,84,0
2026-03-21_brownsburg-in-us#21,2026-03-21_brownsburg-in-us,21,ky kiske,ggs01-004,Ky Kiske [Order],order,1-3-0,1,3,0,1-3-0,1,3,0,0,1,67,10
2026-03-21_brownsburg-in-us#22,2026-03-21_brownsburg-in-us,22,"sung jinwoo, e rank hunter",sl01-001,MiHwa Deck,death,0-4-1,0,4,1,0-4-1,0,4,1,0,1,78,0
2026-03-21_brownsburg-in-us#23,2026-03-21_brownsburg-in-us,23,sol badguy,ggs01-008,Sol Badguy,fire,0-3-0,0,3,0,0-3-0,0,3,0,0,1,60,0
2026-03-21_elgin-township-il-us#1,2026-03-21_elgin-township-il-us,1,,,,,,,,,,,,,0,0,0,0
2026-03-21_elgin-township-il-us#2,2026-03-21_elgin-township-il-us,2,,,,,,,,,,,,,0,0,0,0
2026-03-21_elgin-township-il-us#3,2026-03-21_elgin-township-il-us,3,,,,,,,,,,,,,0,0,0,0
2026-03-21_elgin-township-il-us#4,2026-03-21_elgin-township-il-us,4,,,,,,,,,,,,,0,0,0,0
2026-03-21_elgin-township-il-us#5,2026-03-21_elgin-township-il-us,5,,,,,,,,,,,,,0,0,0,0
2026-03-21_elgin-township-il-us#6,2026-03-21_elgin-township-il-us,6,,,,,,,,,,,,,0,0,0,0
2026-03-21_elgin-township-il-us#7,2026-03-21_elgin-township-il-us,7,,,,,,,,,,,,,0,0,0,0
2026-03-21_elgin-township-il-us#8,2026-03-21_elgin-township-il-us,8,,,,,,,,,,,,,0,0,0,0
2026-03-21_elgin-township-il-us#9,2026-03-21_elgin-township-il-us,9,,,,,,,,,,,,,0,0,0,0
2026-03-21_elgin-township-il-us#10,2026-03-21_elgin-township-il-us,10,,,,,,,,,,,,,0,0,0,0
2026-03-21_elgin-township-il-us#11,2026-03-21_elgin-township-il-us,11,,,,,,,,,,,,,0,0,0,0
2026-03-21_elgin-township-il-us#12,2026-03-21_elgin-township-il-us,12,,,,,,,,,,,,,0,0,0,0
2026-03-21_elgin-township-il-us#13,2026-03-21_elgin-township-il-us,13,,,,,,,,,,,,,0,0,0,0
2026-03-21_elgin-township-il-us#14,2026-03-21_elgin-township-il-us,14,,,,,,,,,,,,,0,0,0,0
2026-03-21_elgin-township-il-us#15,2026-03-21_elgin-township-il-us,15,,,,,,,,,,,,,0,0,0,0
2026-03-21_elgin-township-il-us#16,2026-03-21_elgin-township-il-us,16,,,,,,,,,,,,,0,0,0,0
2026-03-21_elgin-township-il-us#17,2026-03-21_elgin-township-il-us,17,,,,,,,,,,,,,0,0,0,0
2026-03-21_elgin-township-il-us#18,2026-03-21_elgin-township-il-us,18,,,,,,,,,,,,,0,0,0,0
2026-03-21_elgin-township-il-us#19,2026-03-21_elgin-township-il-us,19,,,,,,,,,,,,,0,0,0,0
2026-03-21_elgin-township-il-us#20,2026-03-21_elgin-township-il-us,20,,,,,,,,,,,,,0,0,0,0
2026-03-21_elgin-township-il-us#21,2026-03-21_elgin-township-il-us,21,,,,,,,,,,,,,0,0,0,0
2026-03-21_elgin-township-il-us#22,2026-03-21_elgin-township-il-us,22,,,,,,,,,,,,,0,0,0,0
2026-03-21_elgin-township-il-us#23,2026-03-21_elgin-township-il-us,23,,,,,,,,,,,,,0,0,0,0
2026-03-21_elgin-township-il-us#24,2026-03-21_elgin-township-il-us,24,,,,,,,,,,,,,0,0,0,0
2026-03-21_elgin-township-il-us#25,2026-03-21_elgin-township-il-us,25,,,,,,,,,,,,,0,0,0,0
2026-03-21_elgin-township-il-us#26,2026-03-21_elgin-township-il-us,26,,,,,,,,,,,,,0,0,0,0
2026-03-21_summerville-sc-us#1,2026-03-21_summerville-sc-us,1,,,,,,,,,,,,,0,0,0,0
2026-03-21_summerville-sc-us#2,2026-03-21_summerville-sc-us,2,,,,,,,,,,,,,0,0,0,0
2026-03-21_summerville-sc-us#3,2026-03-21_summerville-sc-us,3,,,,,,,,,,,,,0,0,0,0
2026-03-21_summerville-sc-us#4,2026-03-21_summerville-sc-us,4,,,,,,,,,,,,,0,0,0,0
2026-03-21_summerville-sc-us#5,2026-03-21_summerville-sc-us,5,,,,,,,,,,,,,0,0,0,0
2026-03-21_summerville-sc-us#6,2026-03-21_summerville-sc-us,6,,,,,,,,,,,,,0,0,0,0
2026-03-21_summerville-sc-us#7,2026-03-21_summerville-sc-us,7,,,,,,,,,,,,,0,0,0,0
2026-03-21_summerville-sc-us#8,2026-03-21_summerville-sc-us,8,,,,,,,,,,,,,0,0,0,0
2026-03-21_summerville-sc-us#9,2026-03-21_summerville-sc-us,9,,,,,,,,,,,,,0,0,0,0
2026-03-21_summerville-sc-us#10,2026-03-21_summerville-sc-us,10,,,,,,,,,,,,,0,0,0,0
2026-03-21_summerville-sc-us#11,2026-03-21_summerville-sc-us,11,,,,,,,,,,,,,0,0,0,0
2026-03-21_summerville-sc-us#12,2026-03-21_summerville-sc-us,12,,,,,,,,,,,,,0,0,0,0
2026-03-21_summerville-sc-us#13,2026-03-21_summerville-sc-us,13,,,,,,,,,,,,,0,0,0,0
2026-03-21_summerville-sc-us#14,2026-03-21_summerville-sc-us,14,,,,,,,,,,,,,0,0,0,0
2026-03-21_summerville-sc-us#15,2026-03-21_summerville-sc-us,15,,,,,,,,,,,,,0,0,0,0
2026-03-21_summerville-sc-us#16,2026-03-21_summerville-sc-us,16,,,,,,,,,,,,,0,0,0,0
2026-03-21_summerville-sc-us#17,2026-03-21_summerville-sc-us,17,,,,,,,,,,,,,0,0,0,0
2026-03-21_summerville-sc-us#18,2026-03-21_summerville-sc-us,18,,,,,,,,,,,,,0,0,0,0
2026-03-21_summerville-sc-us#19,2026-03-21_summerville-sc-us,19,,,,,,,,,,,,,0,0,0,0
2026-03-21_summerville-sc-us#20,2026-03-21_summerville-sc-us,20,,,,,,,,,,,,,0,0,0,0
2026-03-21_summerville-sc-us#21,2026-03-21_summerville-sc-us,21,,,,,,,,,,,,,0,0,0,0
2026-03-21_summerville-sc-us#22,2026-03-21_summerville-sc-us,22,,,,,,,,,,,,,0,0,0,0
2026-03-21_summerville-sc-us#23,2026-03-21_summerville-sc-us,23,,,,,,,,,,,,,0,0,0,0
2026-03-21_summerville-sc-us#24,2026-03-21_summerville-sc-us,24,,,,,,,,,,,,,0,0,0,0
2026-03-21_summerville-sc-us#25,2026-03-21_summerville-sc-us,25,,,,,,,,,,,,,0,0,0,0
2026-03-21_summerville-sc-us#26,2026-03-21_summerville-sc-us,26,,,,,,,,,,,,,0,0,0,0
2026-03-21_summerville-sc-us#27,2026-03-21_summerville-sc-us,27,,,,,,,,,,,,,0,0,0,0
2026-03-21_summerville-sc-us#28,2026-03-21_summerville-sc-us,28,,,,,,,,,,,,,0,0,0,0
2026-03-21_summerville-sc-us#29,2026-03-21_summerville-sc-us,29,,,,,,,,,,,,,0,0,0,0
2026-03-21_summerville-sc-us#30,2026-03-21_summerville-sc-us,30,,,,,,,,,,,,,0,0,0,0
2026-03-21_summerville-sc-us#31,2026-03-21_summerville-sc-us,31,,,,,,,,,,,,,0,0,0,0
2026-03-21_summerville-sc-us#32,2026-03-21_summerville-sc-us,32,,,,,,,,,,,,,0,0,0,0
2026-03-21_summerville-sc-us#33,2026-03-21_summerville-sc-us,33,,,,,,,,,,,,,0,0,0,0
2026-03-21_summerville-sc-us#34,2026-03-21_summerville-sc-us,34,,,,,,,,,,,,,0,0,0,0
2026-03-22_courtice-on-ca#1,2026-03-22_courtice-on-ca,1,,,,,,,,,,,,,0,0,0,0
2026-03-22_courtice-on-ca#2,2026-03-22_courtice-on-ca,2,,,,,,,,,,,,,0,0,0,0
2026-03-22_courtice-on-ca#3,2026-03-22_courtice-on-ca,3,,,,,,,,,,,,,0,0,0,0
2026-03-22_courtice-on-ca#4,2026-03-22_courtice-on-ca,4,,,,,,,,,,,,,0,0,0,0
2026-03-22_courtice-on-ca#5,2026-03-22_courtice-on-ca,5,,,,,,,,,,,,,0,0,0,0
2026-03-22_courtice-on-ca#6,2026-03-22_courtice-on-ca,6,,,,,,,,,,,,,0,0,0,0
2026-03-22_courtice-on-ca#7,2026-03-22_courtice-on-ca,7,,,,,,,,,,,,,0,0,0,0
2026-03-22_courtice-on-ca#8,2026-03-22_courtice-on-ca,8,,,,,,,,,,,,,0,0,0,0
2026-03-22_courtice-on-ca#9,2026-03-22_courtice-on-ca,9,,,,,,,,,,,,,0,0,0,0
2026-03-22_courtice-on-ca#10,2026-03-22_courtice-on-ca,10,,,,,,,,,,,,,0,0,0,0
2026-03-22_courtice-on-ca#11,2026-03-22_courtice-on-ca,11,,,,,,,,,,,,,0,0,0,0
2026-03-22_courtice-on-ca#12,2026-03-22_courtice-on-ca,12,,,,,,,,,,,,,0,0,0,0
2026-03-22_metairie-la-us#1,2026-03-22_metairie-la-us,1,"sung jinwoo, e rank hunter",sl01-001,Arise,life,2-0-2,2,0,2,4-0-2,4,0,2,1,1,60,10
2026-03-22_metairie-la-us#2,2026-03-22_metairie-la-us,2,"godzilla, titan of terror",gdz01-008,Titanic Terrorist,earth,3-1-0,3,1,0,4-2-0,4,2,0,1,1,61,10
2026-03-22_metairie-la-us#3,2026-03-22_metairie-la-us,3,mikasa ackerman,aot01-016,send in the air force,air,3-0-1,3,0,1,3-1-1,3,1,1,1,1,67,10
2026-03-22_metairie-la-us#4,2026-03-22_metairie-la-us,4,"godzilla, shin godzilla",gdz01-007,Shin Godzilla - Ponza,death,3-0-1,3,0,1,3-1-1,3,1,1,1,1,70,10
2026-03-22_metairie-la-us#5,2026-03-22_metairie-la-us,5,hange zoë,aot01-010,Ohm Deck Hange 1,life,2-1-1,2,1,1,2-1-1,2,1,1,0,1,69,10
2026-03-22_metairie-la-us#6,2026-03-22_metairie-la-us,6,"anguirus, fierce dragon",gdz01-001,Michael B Deck,earth,2-1-1,2,1,1,2-1-1,2,1,1,0,1,67,10
2026-03-22_metairie-la-us#7,2026-03-22_metairie-la-us,7,"grog strongjaw, mighty half-giant",cr02-007,I would like to take 1,earth,2-2-0,2,2,0,2-2-0,2,2,0,0,1,65,10
2026-03-22_metairie-la-us#8,2026-03-22_metairie-la-us,8,"reiner braun // reiner, armored titan",aot01-017,Reiner,death,2-2-0,2,2,0,2-2-0,2,2,0,0,1,72,10
2026-03-22_metairie-la-us#9,2026-03-22_metairie-la-us,9,"godzilla, king of the monsters",cha03gmm-001,Godzilla Yeet Cannon 9000,water,2-2-0,2,2,0,2-2-0,2,2,0,0,1,60,0
2026-03-22_metairie-la-us#10,2026-03-22_metairie-la-us,10,"pumat sol, magical proprietor",cr02-015,Bobbye D Deck,air,2-2-0,2,2,0,2-2-0,2,2,0,0,1,65,0
2026-03-22_metairie-la-us#11,2026-03-22_metairie-la-us,11,sol badguy,ggs01-008,Kreed P Deck,fire,1-2-1,1,2,1,1-2-1,1,2,1,0,1,69,0
2026-03-22_metairie-la-us#12,2026-03-22_metairie-la-us,12,"d'vana tendi, eager science officer",stk0x-045,HannaGeek Deck,fire,0-2-1 +1 bye,,,,0-2-1,0,2,1,0,1,70,0
2026-03-22_metairie-la-us#13,2026-03-22_metairie-la-us,13,woman,mha07-110,John W Deck,fire,0-3-0 +1 bye,,,,0-3-0,0,3,0,0,1,71,0
2026-03-22_metairie-la-us#14,2026-03-22_metairie-la-us,14,bridget,ggs01-001,ohm came through,water,0-2-1,0,2,1,0-2-1,0,2,1,0,1,68,10
2026-03-22_metairie-la-us#15,2026-03-22_metairie-la-us,15,"fearne calloway, mischievous faun",promo2025-050,Jazz Is Chaos,chaos,0-3-1,0,3,1,0-3-1,0,3,1,0,1,69,0
2026-03-22_metairie-la-us#16,2026-03-22_metairie-la-us,16,"sung jinwoo, e rank hunter",sl01-001,arise,life,0-1-0,0,1,0,0-1-0,0,1,0,0,1,69,0
2026-03-24_broken-arrow-ok-us#1,2026-03-24_broken-arrow-ok-us,1,mitchell cimino,promo2025-053,Mitchell C Deck,good,3-0-1,3,0,1,5-0-1,5,0,1,1,1,70,10
2026-03-24_broken-arrow-ok-us#2,2026-03-24_broken-arrow-ok-us,2,"pumat sol, magical proprietor",cr02-015,Pumat March LC,order,3-1-0,3,1,0,4-2-0,4,2,0,1,1,66,0
2026-03-24_broken-arrow-ok-us#3,2026-03-24_broken-arrow-ok-us,3,"godzilla, shin godzilla",gdz01-007,“Man is more frightening than Gojira.”,death,3-0-1,3,0,1,3-1-1,3,1,1,1,1,67,10
2026-03-24_broken-arrow-ok-us#4,2026-03-24_broken-arrow-ok-us,4,"king ghidorah, three-headed monster",gdz01-011,"King Ghidorah, Three Headed Monster || Evil V2",evil,3-1-0,3,1,0,3-2-0,3,2,0,1,1,71,10
2026-03-24_broken-arrow-ok-us#5,2026-03-24_broken-arrow-ok-us,5,"godzilla, titan of terror",gdz01-008,James W Deck,earth,3-1-0,3,1,0,3-1-0,3,1,0,0,1,62,0
2026-03-24_broken-arrow-ok-us#6,2026-03-24_broken-arrow-ok-us,6,"pumat sol, magical proprietor",cr02-015,RIP My Granny,order,2-2-0,2,2,0,2-2-0,2,2,0,0,1,68,10
2026-03-24_broken-arrow-ok-us#7,2026-03-24_broken-arrow-ok-us,7,"pieck finger, panzer unit cartman // cart titan, finale",aot03-011,Michael R Deck,order,2-2-0,2,2,0,2-2-0,2,2,0,0,1,80,10
2026-03-24_broken-arrow-ok-us#8,2026-03-24_broken-arrow-ok-us,8,"hedorah, smog monster",gdz01-009,steph :) Deck,water,2-2-0,2,2,0,2-2-0,2,2,0,0,1,63,0
2026-03-24_broken-arrow-ok-us#9,2026-03-24_broken-arrow-ok-us,9,"izuku midoriya, on the move // izuku midoriya, quirks unleashed",mha08-001,Deku | Air | Zilla | S1LC,water,2-2-0,2,2,0,2-2-0,2,2,0,0,1,77,10
2026-03-24_broken-arrow-ok-us#10,2026-03-24_broken-arrow-ok-us,10,"isla, dreaming brilliance",kf0x-023,Isla,void,2-2-0,2,2,0,2-2-0,2,2,0,0,1,61,10
2026-03-24_broken-arrow-ok-us#11,2026-03-24_broken-arrow-ok-us,11,"anguirus, fierce dragon",gdz01-001,Anguirus,earth,2-2-0,2,2,0,2-2-0,2,2,0,0,1,70,10
2026-03-24_broken-arrow-ok-us#12,2026-03-24_broken-arrow-ok-us,12,"grog strongjaw, mighty half-giant",cr02-007,Take damage?,earth,0-2-1 +1 bye,,,,0-2-1,0,2,1,0,1,62,10
2026-03-24_broken-arrow-ok-us#13,2026-03-24_broken-arrow-ok-us,13,ky kiske,ggs01-004,Where's my Super Suit?,order,1-3-0,1,3,0,1-3-0,1,3,0,0,1,62,10
2026-03-24_broken-arrow-ok-us#14,2026-03-24_broken-arrow-ok-us,14,"godzilla, titan of terror",gdz01-008,Garry Deck,earth,0-3-0 +1 bye,,,,0-3-0,0,3,0,0,1,62,0
2026-03-24_broken-arrow-ok-us#15,2026-03-24_broken-arrow-ok-us,15,mt. lady,mha07-064,Mt. Keyword,order,0-3-1,0,3,1,0-3-1,0,3,1,0,1,68,0
2026-03-24_broken-arrow-ok-us#16,2026-03-24_broken-arrow-ok-us,16,"sung jinwoo, e rank hunter",sl01-001,Sung Jinwoo,life,0-2-0,0,2,0,0-2-0,0,2,0,0,1,66,10
2026-03-27_amsterdam-ny-us#1,2026-03-27_amsterdam-ny-us,1,"godzilla, titan of terror",gdz01-008,Wormhole Formation,earth,4-0-1,4,0,1,7-0-1,7,0,1,1,1,64,10
2026-03-27_amsterdam-ny-us#2,2026-03-27_amsterdam-ny-us,2,"anguirus, fierce dragon",gdz01-001,Anguirus Deck,earth,4-1-0,4,1,0,6-2-0,6,2,0,1,1,60,10
2026-03-27_amsterdam-ny-us#3,2026-03-27_amsterdam-ny-us,3,"grog strongjaw, mighty half-giant",cr02-007,Grog Earth,earth,4-1-0,4,1,0,5-2-0,5,2,0,1,1,68,10
2026-03-27_amsterdam-ny-us#4,2026-03-27_amsterdam-ny-us,4,"sung jinwoo, e rank hunter",sl01-001,stefan trust,life,4-1-0,4,1,0,5-2-0,5,2,0,1,1,61,10
2026-03-27_amsterdam-ny-us#5,2026-03-27_amsterdam-ny-us,5,paul phoenix,tk801-043,????Order????,order,3-1-1,3,1,1,3-2-1,3,2,1,1,1,66,10
2026-03-27_amsterdam-ny-us#6,2026-03-27_amsterdam-ny-us,6,"godzilla, titan of terror",gdz01-008,Darwin H Deck,earth,3-1-1,3,1,1,3-2-1,3,2,1,1,1,60,10
2026-03-27_amsterdam-ny-us#7,2026-03-27_amsterdam-ny-us,7,"jamie siu, peacekeeping breakdancer",sf60x-023,Marcus T Deck,air,3-2-0,3,2,0,3-3-0,3,3,0,1,1,66,10
2026-03-27_amsterdam-ny-us#8,2026-03-27_amsterdam-ny-us,8,"godzilla, titan of terror",gdz01-008,"Godzilla, Titan of Terror",earth,3-2-0,3,2,0,3-3-0,3,3,0,1,1,61,10
2026-03-27_amsterdam-ny-us#9,2026-03-27_amsterdam-ny-us,9,"anguirus, fierce dragon",gdz01-001,Sean O'Brien Deck,chaos,3-2-0,3,2,0,3-2-0,3,2,0,0,1,68,10
2026-03-27_amsterdam-ny-us#10,2026-03-27_amsterdam-ny-us,10,mark tyner,promo2025-098,Womp womp,evil,2-1-2,2,1,2,2-1-2,2,1,2,0,1,80,10
2026-03-27_amsterdam-ny-us#11,2026-03-27_amsterdam-ny-us,11,"jacob johnson, 2019 uk national champion",promo2026-002,Yakub,good,2-2-1,2,2,1,2-2-1,2,2,1,0,1,70,10
2026-03-27_amsterdam-ny-us#12,2026-03-27_amsterdam-ny-us,12,"leatherhead, eager expat",tmnt01-005,Keith  Deck,water,2-2-1,2,2,1,2-2-1,2,2,1,0,1,73,10
2026-03-27_amsterdam-ny-us#13,2026-03-27_amsterdam-ny-us,13,"jet jaguar, warrior of justice",gdz01-010,JET JAGUAR!,good,2-3-0,2,3,0,2-3-0,2,3,0,0,1,60,10
2026-03-27_amsterdam-ny-us#14,2026-03-27_amsterdam-ny-us,14,"hedorah, smog monster",gdz01-009,All Smoged up,water,2-3-0,2,3,0,2-3-0,2,3,0,0,1,63,10
2026-03-27_amsterdam-ny-us#15,2026-03-27_amsterdam-ny-us,15,woman,mha07-110,Blaze C Deck,void,2-3-0,2,3,0,2-3-0,2,3,0,0,1,60,10
2026-03-27_amsterdam-ny-us#16,2026-03-27_amsterdam-ny-us,16,nagoriyuki,ggs01-006,Nagoriyuki Amsterdam,order,2-3-0,2,3,0,2-3-0,2,3,0,0,1,60,10
2026-03-27_amsterdam-ny-us#17,2026-03-27_amsterdam-ny-us,17,"anguirus, fierce dragon",gdz01-001,Rampaging Dragon,earth,2-3-0,2,3,0,2-3-0,2,3,0,0,1,72,10
2026-03-27_amsterdam-ny-us#18,2026-03-27_amsterdam-ny-us,18,"godzilla, shin godzilla",gdz01-007,Shin Godzilla,death,2-2-0,2,2,0,2-2-0,2,2,0,0,1,69,10
2026-03-27_amsterdam-ny-us#19,2026-03-27_amsterdam-ny-us,19,"mechagodzilla, modified type-3 kiryu",gdz01-012,Mechagodzilla OP26 S1 LC,good,1-2-1,1,2,1,1-2-1,1,2,1,0,1,70,10
2026-03-27_amsterdam-ny-us#20,2026-03-27_amsterdam-ny-us,20,"caduceus clay, insightful caretaker",cr02-003,3/27 LC,death,1-3-1,1,3,1,1-3-1,1,3,1,0,1,69,10
2026-03-27_amsterdam-ny-us#21,2026-03-27_amsterdam-ny-us,21,"rodan, giant monster of the sky",cha03krm-003,Plunder LC March 2026,void,1-3-0,1,3,0,1-3-0,1,3,0,0,1,87,10
2026-03-27_amsterdam-ny-us#22,2026-03-27_amsterdam-ny-us,22,"godzilla, king of the monsters",cha03gmm-001,Godzilla Raids Again,earth,1-3-0,1,3,0,1-3-0,1,3,0,0,1,66,10
2026-03-27_amsterdam-ny-us#23,2026-03-27_amsterdam-ny-us,23,"fresh cut grass, positive reinforcement",promo2024-001,Melisant Deck,,0-4-1,0,4,1,0-4-1,0,4,1,0,1,81,10
2026-03-27_amsterdam-ny-us#24,2026-03-27_amsterdam-ny-us,24,"annie leonhart, awakened // female titan, finale",aot03-001,Ted H Deck,death,0-5-0,0,5,0,0-5-0,0,5,0,0,1,79,0
2026-03-27_elkhart-in-us#1,2026-03-27_elkhart-in-us,1,"godzilla, titan of terror",gdz01-008,ToT Season 1 LC,earth,3-0-0,3,0,0,3-0-0,3,0,0,0,1,70,10
2026-03-27_elkhart-in-us#2,2026-03-27_elkhart-in-us,2,"pumat sol, magical proprietor",cr02-015,Walking Pumat,order,1-1-0 +1 bye,,,,1-1-0,1,1,0,0,1,65,10
2026-03-27_elkhart-in-us#3,2026-03-27_elkhart-in-us,3,"zeke yeager // zeke, beast titan",aot02-015,Zeke's Day Out,life,1-1-0 +1 bye,,,,1-1-0,1,1,0,0,1,62,10
2026-03-27_elkhart-in-us#4,2026-03-27_elkhart-in-us,4,"sung jinwoo, e rank hunter",sl01-001,Smoke Woo,life,1-1-1,1,1,1,1-1-1,1,1,1,0,1,73,10
2026-03-27_elkhart-in-us#5,2026-03-27_elkhart-in-us,5,"anguirus, fierce dragon",gdz01-001,James Ulizza Deck,chaos,1-1-1,1,1,1,1-1-1,1,1,1,0,1,77,10
2026-03-27_elkhart-in-us#6,2026-03-27_elkhart-in-us,6,"izuku midoriya, on the move // izuku midoriya, quirks unleashed",mha08-001,Donald M Deck,good,0-2-0 +1 bye,,,,0-2-0,0,2,0,0,1,60,10
2026-03-27_elkhart-in-us#7,2026-03-27_elkhart-in-us,7,"mikasa ackerman, hizuru’s hope",aot03-010,Robert G Deck,death,1-2-0,1,2,0,1-2-0,1,2,0,0,1,60,10
2026-03-28_alicante-es#1,2026-03-28_alicante-es,1,"godzilla, king of the monsters",cha03gmm-001,Godzilla Local Championship 28-3-26,earth,3-1-1,3,1,1,6-1-1,6,1,1,1,1,60,10
2026-03-28_alicante-es#2,2026-03-28_alicante-es,2,"anguirus, fierce dragon",gdz01-001,Anguirus Standard Earth,earth,3-1-1,3,1,1,5-2-1,5,2,1,1,1,70,10
2026-03-28_alicante-es#3,2026-03-28_alicante-es,3,"godzilla, king of the monsters",cha03gmm-001,Godzilla Kaijus,earth,3-2-0,3,2,0,4-3-0,4,3,0,1,1,64,10
2026-03-28_alicante-es#4,2026-03-28_alicante-es,4,"donatello, the smart one",tmnt01-004,Sergio de francisco Deck,void,3-2-0,3,2,0,4-3-0,4,3,0,1,1,78,10
2026-03-28_alicante-es#5,2026-03-28_alicante-es,5,"king ghidorah, three-headed monster",gdz01-011,Teo V Deck,death,4-0-1,4,0,1,4-1-1,4,1,1,1,1,72,10
2026-03-28_alicante-es#6,2026-03-28_alicante-es,6,"godzilla, king of the monsters",cha03gmm-001,Wertry  Deck,chaos,3-0-2,3,0,2,3-1-2,3,1,2,1,1,61,0
2026-03-28_alicante-es#7,2026-03-28_alicante-es,7,"sung jinwoo, e rank hunter",sl01-001,Kevin Torregrosa WT Deck,death,3-1-1,3,1,1,3-2-1,3,2,1,1,1,75,10
2026-03-28_alicante-es#8,2026-03-28_alicante-es,8,"zeke yeager, warchief",aot03-015,Zeke Warchief - Granados Warning Team,chaos,3-1-1,3,1,1,3-2-1,3,2,1,1,1,70,10
2026-03-28_alicante-es#9,2026-03-28_alicante-es,9,"reiner braun // reiner, armored titan",aot01-017,sergio t Deck,death,2-0-3,2,0,3,2-0-3,2,0,3,0,1,74,10
2026-03-28_alicante-es#10,2026-03-28_alicante-es,10,"godzilla, titan of terror",gdz01-008,LAURA S Deck,earth,3-2-0,3,2,0,3-2-0,3,2,0,0,1,75,0
2026-03-28_alicante-es#11,2026-03-28_alicante-es,11,nagoriyuki,ggs01-006,Alejandra🍍 Deck,order,3-2-0,3,2,0,3-2-0,3,2,0,0,1,64,10
2026-03-28_alicante-es#12,2026-03-28_alicante-es,12,"anguirus, fierce dragon",gdz01-001,Ilygan Deck,earth,2-1-2,2,1,2,2-1-2,2,1,2,0,1,66,10
2026-03-28_alicante-es#13,2026-03-28_alicante-es,13,"hedorah, smog monster",gdz01-009,Bun Deck Hedorah,water,2-2-1,2,2,1,2-2-1,2,2,1,0,1,61,10
2026-03-28_alicante-es#14,2026-03-28_alicante-es,14,"godzilla, king of the monsters",cha03gmm-001,Juan García de Quirós  Deck,chaos,2-2-1,2,2,1,2-2-1,2,2,1,0,1,60,10
2026-03-28_alicante-es#15,2026-03-28_alicante-es,15,"mothra, divine moth",gdz01-013,mario S Deck,air,2-3-0,2,3,0,2-3-0,2,3,0,0,1,73,0
2026-03-28_alicante-es#16,2026-03-28_alicante-es,16,"godzilla, king of the monsters",cha03gmm-001,Meu deus um lagarto,confused,2-3-0,2,3,0,2-3-0,2,3,0,0,1,60,10
2026-03-28_alicante-es#17,2026-03-28_alicante-es,17,"hedorah, smog monster",gdz01-009,Hedorah,earth,2-3-0,2,3,0,2-3-0,2,3,0,0,1,62,10
2026-03-28_alicante-es#18,2026-03-28_alicante-es,18,"grog strongjaw, mighty half-giant",cr02-007,Burkino Deck,earth,2-3-0,2,3,0,2-3-0,2,3,0,0,1,62,10
2026-03-28_alicante-es#19,2026-03-28_alicante-es,19,"biollante, giant plant monster",gdz01-003,Alex Torregrosa WT Deck,water,1-2-2,1,2,2,1-2-2,1,2,2,0,1,72,10
2026-03-28_alicante-es#20,2026-03-28_alicante-es,20,"sung jinwoo, e rank hunter",sl01-001,Kin yo nun WT Deck,death,0-3-1 +1 bye,,,,0-3-1,0,3,1,0,1,81,10
2026-03-28_alicante-es#21,2026-03-28_alicante-es,21,"hedorah, smog monster",gdz01-009,√Ålvaro C Deck,death,1-4-0,1,4,0,1-4-0,1,4,0,0,1,65,0
2026-03-28_alicante-es#22,2026-03-28_alicante-es,22,"jamie siu, peacekeeping breakdancer",sf60x-023,Dario Gosalbez Deck,air,1-4-0,1,4,0,1-4-0,1,4,0,0,1,61,0
2026-03-28_alicante-es#23,2026-03-28_alicante-es,23,"izuku midoriya, on the move // izuku midoriya, quirks unleashed",mha08-001,Izuku midoriya's deck,life,0-4-0 +1 bye,,,,0-4-0,0,4,0,0,1,60,0
2026-03-28_alicante-es#24,2026-03-28_alicante-es,24,"grog strongjaw, mighty half-giant",cr02-007,Raquel Martín Deck,earth,0-3-1,0,3,1,0-3-1,0,3,1,0,1,71,10
2026-03-28_alicante-es#25,2026-03-28_alicante-es,25,"king ghidorah, emperor of the cosmos",cha03krm-001,"King Ghidorah, Emperor of the Cosmos 🃏🃏🃏",evil,0-1-0,0,1,0,0-1-0,0,1,0,0,1,77,10
2026-03-28_brookfield-wi-us#1,2026-03-28_brookfield-wi-us,1,"mechagodzilla, kiryu",cha03gmm-002,Mechagodzilla,earth,4-0-1,4,0,1,4-0-1,4,0,1,0,1,66,10
2026-03-28_brookfield-wi-us#2,2026-03-28_brookfield-wi-us,2,"rodan, giant monster of the sky",cha03krm-003,rodan GU,air,4-1-0,4,1,0,4-1-0,4,1,0,0,1,67,10
2026-03-28_brookfield-wi-us#3,2026-03-28_brookfield-wi-us,3,"godzilla, titan of terror",gdz01-008,Jorge Z tot,earth,3-0-2,3,0,2,3-0-2,3,0,2,0,1,70,10
2026-03-28_brookfield-wi-us#4,2026-03-28_brookfield-wi-us,4,"annie leonhart, awakened // female titan, finale",aot03-001,Annie AOT3 Death,death,3-0-2,3,0,2,3-0-2,3,0,2,0,1,60,0
2026-03-28_brookfield-wi-us#5,2026-03-28_brookfield-wi-us,5,krista lenz,aot01-013,Krista,order,3-1-1,3,1,1,3-1-1,3,1,1,0,1,60,10
2026-03-28_brookfield-wi-us#6,2026-03-28_brookfield-wi-us,6,"zeke yeager, warchief",aot03-015,WI Zeke Deck,chaos,3-1-1,3,1,1,3-1-1,3,1,1,0,1,68,10
2026-03-28_brookfield-wi-us#7,2026-03-28_brookfield-wi-us,7,"biollante, giant plant monster",gdz01-003,GU Bio,water,3-1-1,3,1,1,3-1-1,3,1,1,0,1,71,10
2026-03-28_brookfield-wi-us#8,2026-03-28_brookfield-wi-us,8,"mechagodzilla, modified type-3 kiryu",gdz01-012,Ethan H Deck,order,3-2-0,3,2,0,3-2-0,3,2,0,0,1,60,10
2026-03-28_brookfield-wi-us#9,2026-03-28_brookfield-wi-us,9,"godzilla, titan of terror",gdz01-008,Garrison B Deck,earth,3-2-0,3,2,0,3-2-0,3,2,0,0,1,62,0
2026-03-28_brookfield-wi-us#10,2026-03-28_brookfield-wi-us,10,woman,mha07-110,Ezra M Deck - Wom,void,2-1-2,2,1,2,2-1-2,2,1,2,0,1,60,10
2026-03-28_brookfield-wi-us#11,2026-03-28_brookfield-wi-us,11,"godzilla, titan of terror",gdz01-008,For Jake,earth,2-2-1,2,2,1,2-2-1,2,2,1,0,1,63,10
2026-03-28_brookfield-wi-us#12,2026-03-28_brookfield-wi-us,12,"anguirus, fierce dragon",gdz01-001,Pauper Funny Dragon,earth,2-2-1,2,2,1,2-2-1,2,2,1,0,1,60,10
2026-03-28_brookfield-wi-us#13,2026-03-28_brookfield-wi-us,13,"hedorah, smog monster",gdz01-009,Hedorah LC,earth,2-3-0,2,3,0,2-3-0,2,3,0,0,1,64,10
2026-03-28_brookfield-wi-us#14,2026-03-28_brookfield-wi-us,14,"king ghidorah, three-headed monster",gdz01-011,Juicy G,death,2-3-0,2,3,0,2-3-0,2,3,0,0,1,60,10
2026-03-28_brookfield-wi-us#15,2026-03-28_brookfield-wi-us,15,"gigan, space monster",gdz01-006,🔪🐔,air,2-3-0,2,3,0,2-3-0,2,3,0,0,1,60,10
2026-03-28_brookfield-wi-us#16,2026-03-28_brookfield-wi-us,16,"godzilla, king of the monsters",cha03gmm-001,Forgot About Dre,chaos,2-3-0,2,3,0,2-3-0,2,3,0,0,1,60,10
2026-03-28_brookfield-wi-us#17,2026-03-28_brookfield-wi-us,17,"king ghidorah, three-headed monster",gdz01-011,Ghidorah,death,1-1-3,1,1,3,1-1-3,1,1,3,0,1,73,10
2026-03-28_brookfield-wi-us#18,2026-03-28_brookfield-wi-us,18,"hedorah, smog monster",gdz01-009,My little fart monster,earth,1-3-1,1,3,1,1-3-1,1,3,1,0,1,60,10
2026-03-28_brookfield-wi-us#19,2026-03-28_brookfield-wi-us,19,"leatherhead, eager expat",tmnt01-005,Pool Party,water,0-3-1 +1 bye,,,,0-3-1,0,3,1,0,1,60,10
2026-03-28_brookfield-wi-us#20,2026-03-28_brookfield-wi-us,20,"godzilla, titan of terror",gdz01-008,ToT LC,earth,1-4-0,1,4,0,1-4-0,1,4,0,0,1,63,0
2026-03-28_brookfield-wi-us#21,2026-03-28_brookfield-wi-us,21,"anguirus, fierce dragon",gdz01-001,Marco S Deck,earth,1-3-0,1,3,0,1-3-0,1,3,0,0,1,71,10
2026-03-28_brookfield-wi-us#22,2026-03-28_brookfield-wi-us,22,"godzilla, titan of terror",gdz01-008,Slightly Less Broke Godzilla,earth,1-3-0,1,3,0,1-3-0,1,3,0,0,1,64,10
2026-03-28_brookfield-wi-us#23,2026-03-28_brookfield-wi-us,23,paul phoenix,tk801-043,Geo Castle Deck,all,0-3-2,0,3,2,0-3-2,0,3,2,0,1,60,10
2026-03-28_brookfield-wi-us#24,2026-03-28_brookfield-wi-us,24,sol badguy,ggs01-008,Alexander A Deck,chaos,0-3-1,0,3,1,0-3-1,0,3,1,0,1,60,0
2026-03-28_fairview-heights-il-us#1,2026-03-28_fairview-heights-il-us,1,"godzilla, titan of terror",gdz01-008,Hunter of Terror,earth,3-0-1,3,0,1,5-0-1,5,0,1,1,1,62,10
2026-03-28_fairview-heights-il-us#2,2026-03-28_fairview-heights-il-us,2,"sung jinwoo, e rank hunter",sl01-001,Is it really solo when there are so many backups?,life,2-1-1,2,1,1,3-2-1,3,2,1,1,1,70,10
2026-03-28_fairview-heights-il-us#3,2026-03-28_fairview-heights-il-us,3,"king ghidorah, three-headed monster",gdz01-011,"King Ghidorah, Three Headed Monster || Evil V2",evil,3-0-1,3,0,1,3-1-1,3,1,1,1,1,70,10
2026-03-28_fairview-heights-il-us#4,2026-03-28_fairview-heights-il-us,4,"godzilla, king of the monsters",cha03gmm-001,Godzilla,chaos,2-1-1,2,1,1,2-2-1,2,2,1,1,1,63,10
2026-03-28_fairview-heights-il-us#5,2026-03-28_fairview-heights-il-us,5,"godzilla, titan of terror",gdz01-008,Tot,earth,2-2-0,2,2,0,2-2-0,2,2,0,0,1,67,10
2026-03-28_fairview-heights-il-us#6,2026-03-28_fairview-heights-il-us,6,"rodan, giant monster of the sky",cha03krm-003,Rodan | Air | Zilla | LCs | R1,air,2-2-0,2,2,0,2-2-0,2,2,0,0,1,70,10
2026-03-28_fairview-heights-il-us#7,2026-03-28_fairview-heights-il-us,7,"fearne calloway, mischievous faun",promo2025-050,Fearne Chaos,chaos,2-2-0,2,2,0,2-2-0,2,2,0,0,1,63,10
2026-03-28_fairview-heights-il-us#8,2026-03-28_fairview-heights-il-us,8,"rodan, giant monster of the sky",cha03krm-003,Rodan Impact Gaming Center LC 1,void,1-3-0,1,3,0,1-3-0,1,3,0,0,1,75,10
2026-03-28_fairview-heights-il-us#9,2026-03-28_fairview-heights-il-us,9,"erwin smith, 13th commander of the survey corps",aot01-009,Erwin Order,order,1-3-0,1,3,0,1-3-0,1,3,0,0,1,77,10
2026-03-28_fairview-heights-il-us#10,2026-03-28_fairview-heights-il-us,10,"godzilla, titan of terror",gdz01-008,ToT LC Deck,water,0-4-0,0,4,0,0-4-0,0,4,0,0,1,70,0
2026-03-28_moonee-ponds-au#1,2026-03-28_moonee-ponds-au,1,"godzilla, titan of terror",gdz01-008,Alex G (Kumiho) Deck,earth,1-0-1 +1 bye,,,,1-0-1,1,0,1,0,1,74,10
2026-03-28_moonee-ponds-au#2,2026-03-28_moonee-ponds-au,2,"biollante, giant plant monster",gdz01-003,Jye W Deck,water,2-0-1,2,0,1,2-0-1,2,0,1,0,1,61,10
2026-03-28_moonee-ponds-au#3,2026-03-28_moonee-ponds-au,3,bridget,ggs01-001,Phoenix Deck,water,2-1-0,2,1,0,2-1-0,2,1,0,0,1,71,10
2026-03-28_moonee-ponds-au#4,2026-03-28_moonee-ponds-au,4,"godzilla, shin godzilla",gdz01-007,Mtnstu Deck,death,0-2-0 +1 bye,,,,0-2-0,0,2,0,0,1,66,0
2026-03-28_moonee-ponds-au#5,2026-03-28_moonee-ponds-au,5,ashley fullerton,promo2025-097,Bestmab Deck,water,0-2-0 +1 bye,,,,0-2-0,0,2,0,0,1,74,10
2026-03-28_pueblo-co-us#1,2026-03-28_pueblo-co-us,1,"king ghidorah, emperor of the cosmos",cha03krm-001,Ashton J Deck,evil,3-0-0,3,0,0,3-0-1,3,0,1,0,1,74,10
2026-03-28_pueblo-co-us#2,2026-03-28_pueblo-co-us,2,"sung jinwoo, e rank hunter",sl01-001,Royal_Butterfly_7198 Deck,death,2-0-1,2,0,1,2-0-2,2,0,2,0,1,62,10
2026-03-28_pueblo-co-us#3,2026-03-28_pueblo-co-us,3,"rodan, fire rodan",gdz01-014,Fire rodan LC1,void,2-1-0,2,1,0,2-1-1,2,1,1,0,1,73,10
2026-03-28_pueblo-co-us#4,2026-03-28_pueblo-co-us,4,"reiner braun, warrior // reiner, armored titan advancing",aot02-013,Reiner armored kaiju,chaos,1-1-1 +1 bye,,,,1-1-1,1,1,1,0,1,76,10
2026-03-28_pueblo-co-us#5,2026-03-28_pueblo-co-us,5,"mikasa ackerman, hizuru’s hope",aot03-010,Valiant unicorn Deck,confused,0-2-0 +1 bye,,,,0-2-1,0,2,1,0,1,65,0
2026-03-28_pueblo-co-us#6,2026-03-28_pueblo-co-us,6,"anguirus, fierce dragon",gdz01-001,Angry hedgehog,earth,0-2-0 +1 bye,,,,0-2-1,0,2,1,0,1,60,0
2026-03-28_pueblo-co-us#7,2026-03-28_pueblo-co-us,7,vash the stampede,ts01-001,DentedDayXach  Deck,death,0-2-0 +1 bye,,,,0-2-1,0,2,1,0,1,60,0
2026-03-28_reno-nv-us#1,2026-03-28_reno-nv-us,1,nagoriyuki,ggs01-006,RoK LCS Nago ORDER,order,3-1-1,3,1,1,6-1-1,6,1,1,1,1,66,10
2026-03-28_reno-nv-us#2,2026-03-28_reno-nv-us,2,"meitenkun, sleeping prodigy",kf0x-002,King of Naps,earth,3-1-1,3,1,1,5-2-1,5,2,1,1,1,62,10
2026-03-28_reno-nv-us#3,2026-03-28_reno-nv-us,3,"zeke yeager, warchief",aot03-015,WarChief Keef,life,4-0-1,4,0,1,5-1-1,5,1,1,1,1,65,10
2026-03-28_reno-nv-us#4,2026-03-28_reno-nv-us,4,"ryu, world warrior",sf60x-001,Ryu Needs A Massage,all,3-0-2,3,0,2,4-1-2,4,1,2,1,1,60,10
2026-03-28_reno-nv-us#5,2026-03-28_reno-nv-us,5,"anguirus, fierce dragon",gdz01-001,Angurius Rage,confused,3-1-1,3,1,1,3-2-1,3,2,1,1,1,60,10
2026-03-28_reno-nv-us#6,2026-03-28_reno-nv-us,6,"godzilla, titan of terror",gdz01-008,Titan of Terror-izing Locals,earth,3-1-1,3,1,1,3-2-1,3,2,1,1,1,65,10
2026-03-28_reno-nv-us#7,2026-03-28_reno-nv-us,7,woman,mha07-110,Evil Woman,evil,3-1-1,3,1,1,3-2-1,3,2,1,1,1,60,10
2026-03-28_reno-nv-us#8,2026-03-28_reno-nv-us,8,"king ghidorah, emperor of the cosmos",cha03krm-001,KG reno,evil,3-1-1,3,1,1,3-2-1,3,2,1,1,1,76,10
2026-03-28_reno-nv-us#9,2026-03-28_reno-nv-us,9,"pieck finger, panzer unit cartman // cart titan, finale",aot03-011,Eduardo Y Deck,death,3-2-0,3,2,0,3-2-0,3,2,0,0,1,66,10
2026-03-28_reno-nv-us#10,2026-03-28_reno-nv-us,10,"hedorah, smog monster",gdz01-009,Hedorah Water,water,3-2-0,3,2,0,3-2-0,3,2,0,0,1,60,10
2026-03-28_reno-nv-us#11,2026-03-28_reno-nv-us,11,"gigan, space monster",gdz01-006,"Gigan, Space Monster [Air]",air,2-1-2,2,1,2,2-1-2,2,1,2,0,1,60,10
2026-03-28_reno-nv-us#12,2026-03-28_reno-nv-us,12,"anguirus, fierce dragon",gdz01-001,Elizabeth Deck,earth,2-2-1,2,2,1,2-2-1,2,2,1,0,1,62,0
2026-03-28_reno-nv-us#13,2026-03-28_reno-nv-us,13,"hedorah, smog monster",gdz01-009,Hedorah - Death,death,2-2-1,2,2,1,2-2-1,2,2,1,0,1,68,10
2026-03-28_reno-nv-us#14,2026-03-28_reno-nv-us,14,"izuku midoriya, on the move // izuku midoriya, quirks unleashed",mha08-001,1945,water,2-2-1,2,2,1,2-2-1,2,2,1,0,1,72,10
2026-03-28_reno-nv-us#15,2026-03-28_reno-nv-us,15,bridget,ggs01-001,Skylerise Deck,air,2-3-0,2,3,0,2-3-0,2,3,0,0,1,77,10
2026-03-28_reno-nv-us#16,2026-03-28_reno-nv-us,16,"mechagodzilla, modified type-3 kiryu",gdz01-012,Mechagodzilla Order,order,2-3-0,2,3,0,2-3-0,2,3,0,0,1,70,10
2026-03-28_reno-nv-us#17,2026-03-28_reno-nv-us,17,kinoko komori,mha07-082,Andrew (Flashray) Deck,water,2-3-0,2,3,0,2-3-0,2,3,0,0,1,69,10
2026-03-28_reno-nv-us#18,2026-03-28_reno-nv-us,18,"zeke yeager, warchief",aot03-015,Infini Zeke,chaos,1-2-2,1,2,2,1-2-2,1,2,2,0,1,70,10
2026-03-28_reno-nv-us#19,2026-03-28_reno-nv-us,19,"mechagodzilla, modified type-3 kiryu",gdz01-012,I need Dragonzord POWER!,good,1-3-1,1,3,1,1-3-1,1,3,1,0,1,65,10
2026-03-28_reno-nv-us#20,2026-03-28_reno-nv-us,20,"jet jaguar, warrior of justice",gdz01-010,Robo Smiles Bigly,void,1-2-1,1,2,1,1-2-1,1,2,1,0,1,65,10
2026-03-28_reno-nv-us#21,2026-03-28_reno-nv-us,21,"mothra, divine moth",gdz01-013,Mothra,air,1-3-1,1,3,1,1-3-1,1,3,1,0,1,61,10
2026-03-28_reno-nv-us#22,2026-03-28_reno-nv-us,22,i-no,ggs01-003,i-know,void,1-3-1,1,3,1,1-3-1,1,3,1,0,1,63,10
2026-03-28_reno-nv-us#23,2026-03-28_reno-nv-us,23,"king ghidorah, emperor of the cosmos",cha03krm-001,King Dorah,void,0-4-0 +1 bye,,,,0-4-0,0,4,0,0,1,66,10
2026-03-28_reno-nv-us#24,2026-03-28_reno-nv-us,24,"gigan, space monster",gdz01-006,Steven S (Surfwiz) Deck,air,1-4-0,1,4,0,1-4-0,1,4,0,0,1,60,10
2026-03-28_reno-nv-us#25,2026-03-28_reno-nv-us,25,"battra, beast of destruction",gdz01-002,Wuce Brane,air,1-2-0,1,2,0,1-2-0,1,2,0,0,1,60,10
2026-03-28_reno-nv-us#26,2026-03-28_reno-nv-us,26,"spacegodzilla, bio-quartz monster",gdz01-015,Godzilla in SSSSPPPPAAAAAACCCCEEEEEEE,chaos,0-3-0,0,3,0,0-3-0,0,3,0,0,1,65,10
2026-03-28_san-antonio-tx-us#1,2026-03-28_san-antonio-tx-us,1,"king ghidorah, three-headed monster",gdz01-011,King Geedorah,death,3-1-1,3,1,1,6-1-1,6,1,1,1,1,70,10
2026-03-28_san-antonio-tx-us#2,2026-03-28_san-antonio-tx-us,2,"godzilla, titan of terror",gdz01-008,Carlos F Deck,earth,5-0-0,5,0,0,7-1-0,7,1,0,1,1,67,10
2026-03-28_san-antonio-tx-us#3,2026-03-28_san-antonio-tx-us,3,"zeke yeager // zeke, beast titan",aot02-015,Zeke Season One Local Championship 2026,life,3-1-1,3,1,1,4-2-1,4,2,1,1,1,63,10
2026-03-28_san-antonio-tx-us#4,2026-03-28_san-antonio-tx-us,4,"biollante, giant plant monster",gdz01-003,Plant,earth,3-1-1,3,1,1,4-2-1,4,2,1,1,1,69,10
2026-03-28_san-antonio-tx-us#5,2026-03-28_san-antonio-tx-us,5,mark tyner,promo2025-098,Matthew A Deck,evil,4-0-1,4,0,1,4-1-1,4,1,1,1,1,72,10
2026-03-28_san-antonio-tx-us#6,2026-03-28_san-antonio-tx-us,6,"zeke yeager // zeke, beast titan",aot02-015,EasyModeNub Deck,life,3-1-1,3,1,1,3-2-1,3,2,1,1,1,62,10
2026-03-28_san-antonio-tx-us#7,2026-03-28_san-antonio-tx-us,7,"mothra, divine moth",gdz01-013,William Deck,air,3-1-1,3,1,1,3-2-1,3,2,1,1,1,77,10
2026-03-28_san-antonio-tx-us#8,2026-03-28_san-antonio-tx-us,8,"mothra, divine moth",gdz01-013,The End of Evangelion,air,3-2-0,3,2,0,3-3-0,3,3,0,1,1,79,10
2026-03-28_san-antonio-tx-us#9,2026-03-28_san-antonio-tx-us,9,"king ghidorah, emperor of the cosmos",cha03krm-001,"King Ghidorah, Emperor",evil,3-2-0,3,2,0,3-2-0,3,2,0,0,1,66,0
2026-03-28_san-antonio-tx-us#10,2026-03-28_san-antonio-tx-us,10,"godzilla, titan of terror",gdz01-008,SpenpaiDesu Deck,earth,3-2-0,3,2,0,3-2-0,3,2,0,0,1,64,10
2026-03-28_san-antonio-tx-us#11,2026-03-28_san-antonio-tx-us,11,"reiner braun // reiner, armored titan",aot01-017,Reiner,death,2-2-1,2,2,1,2-2-1,2,2,1,0,1,73,10
2026-03-28_san-antonio-tx-us#12,2026-03-28_san-antonio-tx-us,12,"godzilla, titan of terror",gdz01-008,Titanic Terrorist,earth,2-2-1,2,2,1,2-2-1,2,2,1,0,1,64,10
2026-03-28_san-antonio-tx-us#13,2026-03-28_san-antonio-tx-us,13,"rodan, giant monster of the sky",cha03krm-003,RODOOM,void,2-2-1,2,2,1,2-2-1,2,2,1,0,1,85,10
2026-03-28_san-antonio-tx-us#14,2026-03-28_san-antonio-tx-us,14,"hedorah, smog monster",gdz01-009,Zomzy Deck,water,2-2-1,2,2,1,2-2-1,2,2,1,0,1,65,10
2026-03-28_san-antonio-tx-us#15,2026-03-28_san-antonio-tx-us,15,"battra, beast of destruction",gdz01-002,Battra Seals,void,2-3-0,2,3,0,2-3-0,2,3,0,0,1,65,10
2026-03-28_san-antonio-tx-us#16,2026-03-28_san-antonio-tx-us,16,nagoriyuki,ggs01-006,Nagoriyuki,order,2-3-0,2,3,0,2-3-0,2,3,0,0,1,77,10
2026-03-28_san-antonio-tx-us#17,2026-03-28_san-antonio-tx-us,17,"godzilla, king of the monsters",cha03gmm-001,Cory Deck,earth,2-3-0,2,3,0,2-3-0,2,3,0,0,1,60,0
2026-03-28_san-antonio-tx-us#18,2026-03-28_san-antonio-tx-us,18,"dolores, hidden wisdom",kf0x-024,Javier Garcia Deck,earth,1-3-0,1,3,0,1-3-0,1,3,0,0,1,69,10
2026-03-28_san-antonio-tx-us#19,2026-03-28_san-antonio-tx-us,19,"godzilla, king of the monsters",cha03gmm-001,Loading Deck,earth,1-4-0,1,4,0,1-4-0,1,4,0,0,1,62,0
2026-03-28_san-antonio-tx-us#20,2026-03-28_san-antonio-tx-us,20,"hedorah, smog monster",gdz01-009,Mr.Bean Deck,earth,1-4-0,1,4,0,1-4-0,1,4,0,0,1,66,0
2026-03-28_san-antonio-tx-us#21,2026-03-28_san-antonio-tx-us,21,"grog strongjaw, mighty half-giant",cr02-007,Grog Strongjaw - Exandria/Godzilla,fire,0-4-0 +1 bye,,,,0-4-0,0,4,0,0,1,71,0
2026-03-28_san-antonio-tx-us#22,2026-03-28_san-antonio-tx-us,22,"percival de rolo iii, pepperbox sharpshooter",cr02-213,George V Deck,order,0-2-0,0,2,0,0-2-0,0,2,0,0,1,60,0
2026-03-28_san-antonio-tx-us#23,2026-03-28_san-antonio-tx-us,23,"king ghidorah, emperor of the cosmos",cha03krm-001,Justin D Deck,confused,0-2-0,0,2,0,0-2-0,0,2,0,0,1,80,10
2026-03-28_san-antonio-tx-us#24,2026-03-28_san-antonio-tx-us,24,"kenny ackerman, the ripper",aot02-010,The Tommy Deck,death,0-3-0,0,3,0,0-3-0,0,3,0,0,1,67,10
2026-03-28_sheffield-gb#1,2026-03-28_sheffield-gb,1,"godzilla, titan of terror",gdz01-008,Mimzilla,earth,3-1-1,3,1,1,6-1-1,6,1,1,1,1,60,10
2026-03-28_sheffield-gb#2,2026-03-28_sheffield-gb,2,"godzilla, titan of terror",gdz01-008,Mike Deck,earth,3-2-0,3,2,0,5-3-0,5,3,0,1,1,67,10
2026-03-28_sheffield-gb#3,2026-03-28_sheffield-gb,3,"godzilla, shin godzilla",gdz01-007,shiggyilla,death,4-1-0,4,1,0,5-2-0,5,2,0,1,1,64,10
2026-03-28_sheffield-gb#4,2026-03-28_sheffield-gb,4,"jester lavorre, prankster priestess",crmn-001,Funny Pun About Jester,chaos,3-2-0,3,2,0,4-3-0,4,3,0,1,1,67,10
2026-03-28_sheffield-gb#5,2026-03-28_sheffield-gb,5,"godzilla, king of the monsters",cha03gmm-001,Nathan James LC,earth,5-0-0,5,0,0,5-1-0,5,1,0,1,1,62,10
2026-03-28_sheffield-gb#6,2026-03-28_sheffield-gb,6,"king ghidorah, three-headed monster",gdz01-011,Dora? I hardly know her,death,4-1-0,4,1,0,4-2-0,4,2,0,1,1,74,10
2026-03-28_sheffield-gb#7,2026-03-28_sheffield-gb,7,"anguirus, fierce dragon",gdz01-001,Thomas Dudley Deck,chaos,3-2-0,3,2,0,3-3-0,3,3,0,1,1,60,0
2026-03-28_sheffield-gb#8,2026-03-28_sheffield-gb,8,"reiner braun, marley’s shield // armored titan, finale",aot03-013,Rein time,chaos,3-2-0,3,2,0,3-3-0,3,3,0,1,1,72,10
2026-03-28_sheffield-gb#9,2026-03-28_sheffield-gb,9,"godzilla, shin godzilla",gdz01-007,Thomas H Deck,death,3-2-0,3,2,0,3-2-0,3,2,0,0,1,70,0
2026-03-28_sheffield-gb#10,2026-03-28_sheffield-gb,10,"izuku midoriya, on the move // izuku midoriya, quirks unleashed",mha08-001,Kai Tyack  Deck,water,2-1-2,2,1,2,2-1-2,2,1,2,0,1,72,10
2026-03-28_sheffield-gb#11,2026-03-28_sheffield-gb,11,"godzilla, titan of terror",gdz01-008,Titan of terror,earth,2-2-1,2,2,1,2-2-1,2,2,1,0,1,64,10
2026-03-28_sheffield-gb#12,2026-03-28_sheffield-gb,12,"anguirus, fierce dragon",gdz01-001,Emma Deck,earth,2-2-1,2,2,1,2-2-1,2,2,1,0,1,66,10
2026-03-28_sheffield-gb#13,2026-03-28_sheffield-gb,13,nagoriyuki,ggs01-006,Dan A Deck,order,2-2-1,2,2,1,2-2-1,2,2,1,0,1,68,10
2026-03-28_sheffield-gb#14,2026-03-28_sheffield-gb,14,"meitenkun, sleeping prodigy",kf0x-002,Rocco C Deck,air,1-3-0 +1 bye,,,,1-3-0,1,3,0,0,1,77,0
2026-03-28_sheffield-gb#15,2026-03-28_sheffield-gb,15,ky kiske,ggs01-004,Aemaeth Ky,order,1-3-0 +1 bye,,,,1-3-0,1,3,0,0,1,84,0
2026-03-28_sheffield-gb#16,2026-03-28_sheffield-gb,16,"leatherhead, eager expat",tmnt01-005,Crikey,water,1-2-2,1,2,2,1-2-2,1,2,2,0,1,66,10
2026-03-28_sheffield-gb#17,2026-03-28_sheffield-gb,17,"pumat sol, magical proprietor",cr02-015,Pumat Sol,order,0-3-1 +1 bye,,,,0-3-1,0,3,1,0,1,66,10
2026-03-28_sheffield-gb#18,2026-03-28_sheffield-gb,18,burning godzilla,gdz01-004,Zilla's On Fire... Your Characters Terrified Cause Zilla's on fire... NA NA NA NA NA NA,earth,1-3-1,1,3,1,1-3-1,1,3,1,0,1,84,0
2026-03-28_sheffield-gb#19,2026-03-28_sheffield-gb,19,"godzilla, titan of terror",gdz01-008,DatLoudBoi Deck,earth,1-3-0,1,3,0,1-3-0,1,3,0,0,1,61,10
2026-03-28_sheffield-gb#20,2026-03-28_sheffield-gb,20,"biollante, giant plant monster",gdz01-003,Richard B Deck,water,0-4-0 +1 bye,,,,0-4-0,0,4,0,0,1,70,10
2026-03-28_sheffield-gb#21,2026-03-28_sheffield-gb,21,"nott the brave, chaotic meddler",cr02-012,Nott the Hernz Playing Some Weird Gimmick Deck Again,chaos,0-3-2,0,3,2,0-3-2,0,3,2,0,1,67,10
2026-03-28_wynne-ar-us#1,2026-03-28_wynne-ar-us,1,"shun'ei, amped-up illusionist",kf0x-001,Zach Bargery Deck,air,3-1-1,3,1,1,6-1-1,6,1,1,1,1,64,10
2026-03-28_wynne-ar-us#2,2026-03-28_wynne-ar-us,2,"anguirus, fierce dragon",gdz01-001,Angry Dragon Armadillo Turtle Thingy,earth,4-1-0,4,1,0,6-2-0,6,2,0,1,1,68,0
2026-03-28_wynne-ar-us#3,2026-03-28_wynne-ar-us,3,"king ghidorah, three-headed monster",gdz01-011,Ghidorka,all,4-0-1,4,0,1,5-1-1,5,1,1,1,1,60,10
2026-03-28_wynne-ar-us#4,2026-03-28_wynne-ar-us,4,"reiner braun, marley’s shield // armored titan, finale",aot03-013,attempt 387,chaos,3-1-1,3,1,1,4-2-1,4,2,1,1,1,66,10
2026-03-28_wynne-ar-us#5,2026-03-28_wynne-ar-us,5,"mechagodzilla, modified type-3 kiryu",gdz01-012,Amish Model 3,order,3-1-1,3,1,1,3-2-1,3,2,1,1,1,65,10
2026-03-28_wynne-ar-us#6,2026-03-28_wynne-ar-us,6,"godzilla, shin godzilla",gdz01-007,Shin Ponzilla,death,3-1-1,3,1,1,3-2-1,3,2,1,1,1,67,10
2026-03-28_wynne-ar-us#7,2026-03-28_wynne-ar-us,7,"godzilla, titan of terror",gdz01-008,Trey M Deck,earth,3-2-0,3,2,0,3-3-0,3,3,0,1,1,63,10
2026-03-28_wynne-ar-us#8,2026-03-28_wynne-ar-us,8,"king ghidorah, three-headed monster",gdz01-011,Michael R Deck,all,3-2-0,3,2,0,3-3-0,3,3,0,1,1,70,10
2026-03-28_wynne-ar-us#9,2026-03-28_wynne-ar-us,9,"porco galliard // jaw titan, crushing biter",aot03-012,Nick N Deck,fire,3-2-0,3,2,0,3-2-0,3,2,0,0,1,60,10
2026-03-28_wynne-ar-us#10,2026-03-28_wynne-ar-us,10,sol badguy,ggs01-008,GET DOWN TO ROCK! GET UP TO BURN!,chaos,2-2-1,2,2,1,2-2-1,2,2,1,0,1,67,10
2026-03-28_wynne-ar-us#11,2026-03-28_wynne-ar-us,11,"anguirus, fierce dragon",gdz01-001,Corona Ballin',chaos,2-3-0,2,3,0,2-3-0,2,3,0,0,1,61,10
2026-03-28_wynne-ar-us#12,2026-03-28_wynne-ar-us,12,"spacegodzilla, bio-quartz monster",gdz01-015,Tre Deck,chaos,2-3-0,2,3,0,2-3-0,2,3,0,0,1,60,0
2026-03-28_wynne-ar-us#13,2026-03-28_wynne-ar-us,13,"godzilla, titan of terror",gdz01-008,Totzilla,earth,2-3-0,2,3,0,2-3-0,2,3,0,0,1,67,0
2026-03-28_wynne-ar-us#14,2026-03-28_wynne-ar-us,14,"hedorah, smog monster",gdz01-009,Cheshire G Deck,water,2-3-0,2,3,0,2-3-0,2,3,0,0,1,74,0
2026-03-28_wynne-ar-us#15,2026-03-28_wynne-ar-us,15,byakko,yyhdt-162,Steven T Deck,earth,0-4-0 +1 bye,,,,0-4-0,0,4,0,0,1,61,0
2026-03-28_wynne-ar-us#16,2026-03-28_wynne-ar-us,16,bui,yyhdt-001,Chris R Deck,confused,1-4-0,1,4,0,1-4-0,1,4,0,0,1,66,0
2026-03-28_wynne-ar-us#17,2026-03-28_wynne-ar-us,17,"armin arlert, scared strategist",aot01-332,Joshua BREWER Deck,order,0-4-0 +1 bye,,,,0-4-0,0,4,0,0,1,68,0
2026-03-28_wynne-ar-us#18,2026-03-28_wynne-ar-us,18,"jacob johnson, 2019 uk national champion",promo2026-002,El Johnson,good,0-3-0,0,3,0,0-3-0,0,3,0,0,1,72,10
2026-03-29_lewis-center-oh-us#1,2026-03-29_lewis-center-oh-us,1,"godzilla, titan of terror",gdz01-008,Tyler  H Deck,earth,4-1-0,4,1,0,7-1-0,7,1,0,1,1,67,10
2026-03-29_lewis-center-oh-us#2,2026-03-29_lewis-center-oh-us,2,"hedorah, smog monster",gdz01-009,Hedorah OH LC,water,3-1-1,3,1,1,5-2-1,5,2,1,1,1,63,10
2026-03-29_lewis-center-oh-us#3,2026-03-29_lewis-center-oh-us,3,"biollante, giant plant monster",gdz01-003,DisasterDan Deck,earth,2-1-2,2,1,2,3-2-2,3,2,2,1,1,68,10
2026-03-29_lewis-center-oh-us#4,2026-03-29_lewis-center-oh-us,4,"sung jinwoo, e rank hunter",sl01-001,Smoke Woo,life,2-2-1,2,2,1,3-3-1,3,3,1,1,1,75,10
2026-03-29_lewis-center-oh-us#5,2026-03-29_lewis-center-oh-us,5,"rodan, giant monster of the sky",cha03krm-003,I Would Like to Rage! Should See More Play Please Put Free 5 Checks in Your Deck,void,4-0-1,4,0,1,4-1-1,4,1,1,1,1,79,10
2026-03-29_lewis-center-oh-us#6,2026-03-29_lewis-center-oh-us,6,"king ghidorah, three-headed monster",gdz01-011,KGMKII,death,4-1-0,4,1,0,4-2-0,4,2,0,1,1,86,10
2026-03-29_lewis-center-oh-us#7,2026-03-29_lewis-center-oh-us,7,"zeke yeager // zeke, beast titan",aot02-015,“The one who made it good”,life,3-1-1,3,1,1,3-2-1,3,2,1,1,1,62,10
2026-03-29_lewis-center-oh-us#8,2026-03-29_lewis-center-oh-us,8,"pumat sol, magical proprietor",cr02-015,Ohio Pumat,order,3-2-0,3,2,0,3-3-0,3,3,0,1,1,66,10
2026-03-29_lewis-center-oh-us#9,2026-03-29_lewis-center-oh-us,9,"mothra, divine moth",gdz01-013,In the Typhoon but about ten million times better,good,2-2-1,2,2,1,2-2-1,2,2,1,0,1,75,10
2026-03-29_lewis-center-oh-us#10,2026-03-29_lewis-center-oh-us,10,"godzilla, titan of terror",gdz01-008,Gunziller,earth,2-3-0,2,3,0,2-3-0,2,3,0,0,1,67,10
2026-03-29_lewis-center-oh-us#11,2026-03-29_lewis-center-oh-us,11,"godzilla, titan of terror",gdz01-008,ToT Season 1 LC,earth,2-3-0,2,3,0,2-3-0,2,3,0,0,1,70,10
2026-03-29_lewis-center-oh-us#12,2026-03-29_lewis-center-oh-us,12,"biollante, giant plant monster",gdz01-003,Biollante - Lewis Circle LC March 2026,earth,2-3-0,2,3,0,2-3-0,2,3,0,0,1,67,10
2026-03-29_lewis-center-oh-us#13,2026-03-29_lewis-center-oh-us,13,mirko,mha07-046,NoBreathBun,death,2-3-0,2,3,0,2-3-0,2,3,0,0,1,72,10
2026-03-29_lewis-center-oh-us#14,2026-03-29_lewis-center-oh-us,14,"pieck finger, panzer unit cartman // cart titan, finale",aot03-011,Ross W Deck,death,1-2-2,1,2,2,1-2-2,1,2,2,0,1,67,10
2026-03-29_lewis-center-oh-us#15,2026-03-29_lewis-center-oh-us,15,burning godzilla,gdz01-004,I'm too cooked to think of a clever name,void,1-2-2,1,2,2,1-2-2,1,2,2,0,1,80,10
2026-03-29_lewis-center-oh-us#16,2026-03-29_lewis-center-oh-us,16,woman,mha07-110,Karl H Deck,void,1-3-1,1,3,1,1-3-1,1,3,1,0,1,65,10
2026-03-29_lewis-center-oh-us#17,2026-03-29_lewis-center-oh-us,17,may,ggs01-005,Sabrina V Deck,earth,0-4-1,0,4,1,0-4-1,0,4,1,0,1,61,10
2026-03-29_lewis-center-oh-us#18,2026-03-29_lewis-center-oh-us,18,paul phoenix,tk801-043,"Almond Raw, the Saint of the Nut",all,0-4-1,0,4,1,0-4-1,0,4,1,0,1,65,10
2026-03-29_rochester-ny-us#1,2026-03-29_rochester-ny-us,1,paul phoenix,tk801-043,????Order????,order,3-0-1,3,0,1,3-0-1,3,0,1,0,1,66,10
2026-03-29_rochester-ny-us#2,2026-03-29_rochester-ny-us,2,"godzilla, shin godzilla",gdz01-007,Surfshark Wavebreaker,chaos,3-1-0,3,1,0,3-1-0,3,1,0,0,1,63,10
2026-03-29_rochester-ny-us#3,2026-03-29_rochester-ny-us,3,"grog strongjaw, mighty half-giant",cr02-007,Grog Earth,earth,3-1-0,3,1,0,3-1-0,3,1,0,0,1,68,10
2026-03-29_rochester-ny-us#4,2026-03-29_rochester-ny-us,4,"sung jinwoo, e rank hunter",sl01-001,stefan trust,life,3-1-0,3,1,0,3-1-0,3,1,0,0,1,60,10
2026-03-29_rochester-ny-us#5,2026-03-29_rochester-ny-us,5,"donatello, the smart one",tmnt01-004,Donatello Void,void,2-1-1,2,1,1,2-1-1,2,1,1,0,1,69,10
2026-03-29_rochester-ny-us#6,2026-03-29_rochester-ny-us,6,mark tyner,promo2025-098,pleaseeeee dont errata,evil,1-2-0 +1 bye,,,,1-2-0,1,2,0,0,1,78,10
2026-03-29_rochester-ny-us#7,2026-03-29_rochester-ny-us,7,"anguirus, fierce dragon",gdz01-001,Besto Friendo,earth,1-2-0 +1 bye,,,,1-2-0,1,2,0,0,1,60,10
2026-03-29_rochester-ny-us#8,2026-03-29_rochester-ny-us,8,"mechagodzilla, modified type-3 kiryu",gdz01-012,Mechagodzilla OP26 S1 LC,good,2-2-0,2,2,0,2-2-0,2,2,0,0,1,70,10
2026-03-29_rochester-ny-us#9,2026-03-29_rochester-ny-us,9,"sung jinwoo, e rank hunter",sl01-001,Mayummi Deck,life,0-3-0 +1 bye,,,,0-3-0,0,3,0,0,1,67,10
2026-03-29_rochester-ny-us#10,2026-03-29_rochester-ny-us,10,"jet jaguar, warrior of justice",gdz01-010,JET JAGUAR!,good,1-3-0,1,3,0,1-3-0,1,3,0,0,1,60,10
2026-03-29_rochester-ny-us#11,2026-03-29_rochester-ny-us,11,"hedorah, smog monster",gdz01-009,All Smoged up,water,0-3-0 +1 bye,,,,0-3-0,0,3,0,0,1,63,10
2026-03-29_san-francisco-ca-us#1,2026-03-29_san-francisco-ca-us,1,"pieck finger, panzer unit cartman // cart titan, finale",aot03-011,Order P,order,3-1-0,3,1,0,5-1-0,5,1,0,1,1,63,10
2026-03-29_san-francisco-ca-us#2,2026-03-29_san-francisco-ca-us,2,"gigan, space monster",gdz01-006,Jorge R Deck,evil,3-1-0,3,1,0,4-2-0,4,2,0,1,1,61,0
2026-03-29_san-francisco-ca-us#3,2026-03-29_san-francisco-ca-us,3,"meitenkun, sleeping prodigy",kf0x-002,King of Naps,earth,3-1-0,3,1,0,3-2-0,3,2,0,1,1,62,10
2026-03-29_san-francisco-ca-us#4,2026-03-29_san-francisco-ca-us,4,"hedorah, smog monster",gdz01-009,Hedorah Water,water,3-1-0,3,1,0,3-2-0,3,2,0,1,1,60,10
2026-03-29_san-francisco-ca-us#5,2026-03-29_san-francisco-ca-us,5,"godzilla, titan of terror",gdz01-008,Ricky-san Deck,earth,3-1-0,3,1,0,3-1-0,3,1,0,0,1,61,10
2026-03-29_san-francisco-ca-us#6,2026-03-29_san-francisco-ca-us,6,"king ghidorah, three-headed monster",gdz01-011,Steven S (Surfwiz) Deck,death,2-2-0,2,2,0,2-2-0,2,2,0,0,1,70,10
2026-03-29_san-francisco-ca-us#7,2026-03-29_san-francisco-ca-us,7,woman,mha07-110,Evil Woman,evil,2-2-0,2,2,0,2-2-0,2,2,0,0,1,60,10
2026-03-29_san-francisco-ca-us#8,2026-03-29_san-francisco-ca-us,8,"anguirus, fierce dragon",gdz01-001,"Anguirus, Fierce Dragon [Earth]",earth,2-2-0,2,2,0,2-2-0,2,2,0,0,1,60,0
2026-03-29_san-francisco-ca-us#9,2026-03-29_san-francisco-ca-us,9,"zeke yeager, warchief",aot03-015,WarChief Keef,life,2-2-0,2,2,0,2-2-0,2,2,0,0,1,65,10
2026-03-29_san-francisco-ca-us#10,2026-03-29_san-francisco-ca-us,10,nagoriyuki,ggs01-006,RoK LCS Nago ORDER,order,2-2-0,2,2,0,2-2-0,2,2,0,0,1,66,10
2026-03-29_san-francisco-ca-us#11,2026-03-29_san-francisco-ca-us,11,mikasa ackerman,aot01-016,Deck,air,1-3-0,1,3,0,1-3-0,1,3,0,0,1,60,10
2026-03-29_san-francisco-ca-us#12,2026-03-29_san-francisco-ca-us,12,"isla, dreaming brilliance",kf0x-023,An Isla Of One,void,1-3-0,1,3,0,1-3-0,1,3,0,0,1,63,10
2026-03-29_san-francisco-ca-us#13,2026-03-29_san-francisco-ca-us,13,"nott the brave, chaotic meddler",cr02-012,PainfullIll,chaos,1-3-0,1,3,0,1-3-0,1,3,0,0,1,60,10
2026-03-29_san-francisco-ca-us#14,2026-03-29_san-francisco-ca-us,14,happy chaos,ggs01-002,soouuper Deck,chaos,0-4-0,0,4,0,0-4-0,0,4,0,0,1,60,10
2026-04-04_concord-nc-us#1,2026-04-04_concord-nc-us,1,"reiner braun, marley’s shield // armored titan, finale",aot03-013,Assemble Meeple,order,2-0-2 +1 bye,,,,5-0-2,5,0,2,1,1,60,10
2026-04-04_concord-nc-us#2,2026-04-04_concord-nc-us,2,"king ghidorah, three-headed monster",gdz01-011,King G,death,4-0-1,4,0,1,6-1-1,6,1,1,1,1,70,0
2026-04-04_concord-nc-us#3,2026-04-04_concord-nc-us,3,"godzilla, titan of terror",gdz01-008,"Godzilla, Titan of Terror",earth,3-0-2,3,0,2,4-1-2,4,1,2,1,1,70,10
2026-04-04_concord-nc-us#4,2026-04-04_concord-nc-us,4,"godzilla, king of the monsters",cha03gmm-001,Godzilla Season 1 LCs,chaos,3-1-1,3,1,1,4-2-1,4,2,1,1,1,60,10
2026-04-04_concord-nc-us#5,2026-04-04_concord-nc-us,5,"biollante, giant plant monster",gdz01-003,Plants Vs Zombies,water,3-0-2,3,0,2,3-1-2,3,1,2,1,1,67,10
2026-04-04_concord-nc-us#6,2026-04-04_concord-nc-us,6,"godzilla, titan of terror",gdz01-008,Pocket ToTs,earth,3-1-1,3,1,1,3-2-1,3,2,1,1,1,64,10
2026-04-04_concord-nc-us#7,2026-04-04_concord-nc-us,7,"godzilla, titan of terror",gdz01-008,Meta Riding,earth,3-1-1,3,1,1,3-2-1,3,2,1,1,1,65,10
2026-04-04_concord-nc-us#8,2026-04-04_concord-nc-us,8,"king ghidorah, three-headed monster",gdz01-011,a legal deck this time,evil,3-2-0,3,2,0,3-3-0,3,3,0,1,1,70,10
2026-04-04_concord-nc-us#9,2026-04-04_concord-nc-us,9,"reiner braun, marley’s shield // armored titan, finale",aot03-013,Reiner 3 R1 LC,chaos,3-2-0,3,2,0,3-2-0,3,2,0,0,1,67,10
2026-04-04_concord-nc-us#10,2026-04-04_concord-nc-us,10,bridget,ggs01-001,Bridge,water,3-2-0,3,2,0,3-2-0,3,2,0,0,1,60,10
2026-04-04_concord-nc-us#11,2026-04-04_concord-nc-us,11,"godzilla, titan of terror",gdz01-008,Jamie S Deck,earth,2-1-2,2,1,2,2-1-2,2,1,2,0,1,67,10
2026-04-04_concord-nc-us#12,2026-04-04_concord-nc-us,12,"godzilla, titan of terror",gdz01-008,Joseph v Deck,earth,2-2-1,2,2,1,2-2-1,2,2,1,0,1,67,10
2026-04-04_concord-nc-us#13,2026-04-04_concord-nc-us,13,burning godzilla,gdz01-004,Andrew Z Deck,void,2-3-0,2,3,0,2-3-0,2,3,0,0,1,71,10
2026-04-04_concord-nc-us#14,2026-04-04_concord-nc-us,14,"mechagodzilla, modified type-3 kiryu",gdz01-012,Tyler B Deck,good,2-3-0,2,3,0,2-3-0,2,3,0,0,1,60,10
2026-04-04_concord-nc-us#15,2026-04-04_concord-nc-us,15,"reiner braun // reiner, armored titan",aot01-017,Ethan Q MMLC,death,2-3-0,2,3,0,2-3-0,2,3,0,0,1,65,10
2026-04-04_concord-nc-us#16,2026-04-04_concord-nc-us,16,"biollante, giant plant monster",gdz01-003,Plant,earth,1-3-0 +1 bye,,,,1-3-0,1,3,0,0,1,62,10
2026-04-04_concord-nc-us#17,2026-04-04_concord-nc-us,17,"godzilla, shin godzilla",gdz01-007,Seamus B Deck (shin),death,1-2-2,1,2,2,1-2-2,1,2,2,0,1,66,10
2026-04-04_concord-nc-us#18,2026-04-04_concord-nc-us,18,"hedorah, smog monster",gdz01-009,Mitch H Deck,water,0-2-1 +1 bye,,,,0-2-1,0,2,1,0,1,60,10
2026-04-04_concord-nc-us#19,2026-04-04_concord-nc-us,19,"rodan, giant monster of the sky",cha03krm-003,DexToast Dan,void,1-3-1,1,3,1,1-3-1,1,3,1,0,1,70,0
2026-04-04_concord-nc-us#20,2026-04-04_concord-nc-us,20,"reiner braun // reiner, armored titan",aot01-017,Reiner LC,death,1-2-0,1,2,0,1-2-0,1,2,0,0,1,74,10
2026-04-04_concord-nc-us#21,2026-04-04_concord-nc-us,21,"jacob johnson, 2019 uk national champion",promo2026-002,LC,water,1-2-0,1,2,0,1-2-0,1,2,0,0,1,72,10
2026-04-04_concord-nc-us#22,2026-04-04_concord-nc-us,22,bridget,ggs01-001,TheGod0siris Deck,water,1-4-0,1,4,0,1-4-0,1,4,0,0,1,60,10
2026-04-04_concord-nc-us#23,2026-04-04_concord-nc-us,23,"biollante, giant plant monster",gdz01-003,Big man biollante big man biollante big man biollante big man biollante,earth,0-1-2,0,1,2,0-1-2,0,1,2,0,1,67,10
2026-04-04_concord-nc-us#24,2026-04-04_concord-nc-us,24,"donatello, the smart one",tmnt01-004,Donny,void,0-4-1,0,4,1,0-4-1,0,4,1,0,1,68,10
2026-04-04_concord-nc-us#25,2026-04-04_concord-nc-us,25,bridget,ggs01-001,amt Deck,water,0-2-0,0,2,0,0-2-0,0,2,0,0,1,60,10
2026-04-04_everett-wa-us#1,2026-04-04_everett-wa-us,1,"godzilla, titan of terror",gdz01-008,John B ToT LC 1,earth,3-1-0,3,1,0,5-1-0,5,1,0,1,1,67,10
2026-04-04_everett-wa-us#2,2026-04-04_everett-wa-us,2,ky kiske,ggs01-004,Order Ky Kiske,order,2-2-0,2,2,0,3-3-0,3,3,0,1,1,60,10
2026-04-04_everett-wa-us#3,2026-04-04_everett-wa-us,3,"anguirus, fierce dragon",gdz01-001,Angy,earth,4-0-0,4,0,0,4-1-0,4,1,0,1,1,66,10
2026-04-04_everett-wa-us#4,2026-04-04_everett-wa-us,4,ky kiske,ggs01-004,Ky Kiske [Order] - Geeky Villain R1 LC,order,3-1-0,3,1,0,3-2-0,3,2,0,1,1,66,10
2026-04-04_everett-wa-us#5,2026-04-04_everett-wa-us,5,"caduceus clay, insightful caretaker",cr02-003,Mountfang - Caduceus Clay - Life,life,2-2-0,2,2,0,2-2-0,2,2,0,0,1,76,10
2026-04-04_everett-wa-us#6,2026-04-04_everett-wa-us,6,"dolores, hidden wisdom",kf0x-024,Hollishiker - Dolores (Earth),earth,1-2-1,1,2,1,1-2-1,1,2,1,0,1,60,10
2026-04-04_everett-wa-us#7,2026-04-04_everett-wa-us,7,jin,yyhdt-046,TJ B Deck,void,1-2-1,1,2,1,1-2-1,1,2,1,0,1,64,10
2026-04-04_everett-wa-us#8,2026-04-04_everett-wa-us,8,"rodan, fire rodan",gdz01-014,Fire Rodan,air,1-2-1,1,2,1,1-2-1,1,2,1,0,1,65,0
2026-04-04_everett-wa-us#9,2026-04-04_everett-wa-us,9,"eren yeager, promising scout // attack titan, ferocious challenger",aot01-331,Sear Deck,air,1-3-0,1,3,0,1-3-0,1,3,0,0,1,60,0
2026-04-04_everett-wa-us#10,2026-04-04_everett-wa-us,10,war hammer titan,aot03-014,Hockey Warhammer Titan,death,0-3-1,0,3,1,0-3-1,0,3,1,0,1,72,10
2026-04-04_gatineau-qc-ca#1,2026-04-04_gatineau-qc-ca,1,the joker,promo2024-005,Joker,void,3-0-1,3,0,1,5-0-1,5,0,1,1,1,60,10
2026-04-04_gatineau-qc-ca#2,2026-04-04_gatineau-qc-ca,2,"scanlan shorthalt, devious troubadour",cr02-016,Scatman Shorthalt,order,2-1-1,2,1,1,3-2-1,3,2,1,1,1,63,10
2026-04-04_gatineau-qc-ca#3,2026-04-04_gatineau-qc-ca,3,"hedorah, smog monster",gdz01-009,silverKnight395 Deck,earth,2-1-1,2,1,1,2-2-1,2,2,1,1,1,65,10
2026-04-04_gatineau-qc-ca#4,2026-04-04_gatineau-qc-ca,4,burning godzilla,gdz01-004,Godzilla on Fire,earth,2-1-1,2,1,1,2-2-1,2,2,1,1,1,85,10
2026-04-04_gatineau-qc-ca#5,2026-04-04_gatineau-qc-ca,5,"sung jinwoo, e rank hunter",sl01-001,Nicolas T Deck,death,2-1-1,2,1,1,2-1-1,2,1,1,0,1,76,0
2026-04-04_gatineau-qc-ca#6,2026-04-04_gatineau-qc-ca,6,"anguirus, fierce dragon",gdz01-001,Anguirus the Big Blue Dragon,earth,2-1-1,2,1,1,2-1-1,2,1,1,0,1,72,0
2026-04-04_gatineau-qc-ca#7,2026-04-04_gatineau-qc-ca,7,ky kiske,ggs01-004,WiLDRAGE Deck,order,2-2-0,2,2,0,2-2-0,2,2,0,0,1,67,10
2026-04-04_gatineau-qc-ca#8,2026-04-04_gatineau-qc-ca,8,"isla, dreaming brilliance",kf0x-023,Sean W Deck,life,1-3-0,1,3,0,1-3-0,1,3,0,0,1,61,0
2026-04-04_gatineau-qc-ca#9,2026-04-04_gatineau-qc-ca,9,sol badguy,ggs01-008,Sol BadGuy Chaos,chaos,1-3-0,1,3,0,1-3-0,1,3,0,0,1,67,10
2026-04-04_gatineau-qc-ca#10,2026-04-04_gatineau-qc-ca,10,"jin kazama, lightning of fate",tk801-001,Luc L Deck,air,0-4-0,0,4,0,0-4-0,0,4,0,0,1,75,0
2026-04-04_manhattan-ny-us#1,2026-04-04_manhattan-ny-us,1,"godzilla, titan of terror",gdz01-008,Darwin H Deck,earth,3-1-0 +1 bye,,,,6-1-0,6,1,0,1,1,60,10
2026-04-04_manhattan-ny-us#2,2026-04-04_manhattan-ny-us,2,"pumat sol, magical proprietor",cr02-015,4Ross,air,3-0-2,3,0,2,5-1-2,5,1,2,1,1,66,10
2026-04-04_manhattan-ny-us#3,2026-04-04_manhattan-ny-us,3,burning godzilla,gdz01-004,From the mind that got 18th at worlds with Nejire,void,3-1-1,3,1,1,4-2-1,4,2,1,1,1,84,10
2026-04-04_manhattan-ny-us#4,2026-04-04_manhattan-ny-us,4,mitchell cimino,promo2025-053,Mitchell C Deck,good,3-1-1,3,1,1,4-2-1,4,2,1,1,1,71,10
2026-04-04_manhattan-ny-us#5,2026-04-04_manhattan-ny-us,5,mitchell cimino,promo2025-053,PLEASE PLEASE PLEASE LET 2027 HAVE A MEGAMAN SET TO CELEBRATE THE 40TH ANNIVERSARY OF MEGAMAN AND,good,2-1-1 +1 bye,,,,2-2-1,2,2,1,1,1,71,10
2026-04-04_manhattan-ny-us#6,2026-04-04_manhattan-ny-us,6,"jacob johnson, 2019 uk national champion",promo2026-002,Justin Martin Deck,good,3-2-0,3,2,0,3-3-0,3,3,0,1,1,70,10
2026-04-04_manhattan-ny-us#7,2026-04-04_manhattan-ny-us,7,"king ghidorah, three-headed monster",gdz01-011,Avoiding the Casino,death,3-2-0,3,2,0,3-3-0,3,3,0,1,1,66,10
2026-04-04_manhattan-ny-us#8,2026-04-04_manhattan-ny-us,8,"jacob johnson, 2019 uk national champion",promo2026-002,Yakuub,good,3-2-0,3,2,0,3-3-0,3,3,0,1,1,71,10
2026-04-04_manhattan-ny-us#9,2026-04-04_manhattan-ny-us,9,"reiner braun, marley’s shield // armored titan, finale",aot03-013,I don't know what's right anymore. But the only choice for me now is to face the consequences.,chaos,2-0-3,2,0,3,2-0-3,2,0,3,0,1,65,10
2026-04-04_manhattan-ny-us#10,2026-04-04_manhattan-ny-us,10,"mechagodzilla, modified type-3 kiryu",gdz01-012,Bryan R Deck,good,2-1-2,2,1,2,2-1-2,2,1,2,0,1,73,10
2026-04-04_manhattan-ny-us#11,2026-04-04_manhattan-ny-us,11,"godzilla, titan of terror",gdz01-008,ToT Season 1 LC,earth,2-2-1,2,2,1,2-2-1,2,2,1,0,1,68,10
2026-04-04_manhattan-ny-us#12,2026-04-04_manhattan-ny-us,12,"hedorah, smog monster",gdz01-009,Sharrod F Deck,water,2-3-0,2,3,0,2-3-0,2,3,0,0,1,62,10
2026-04-04_manhattan-ny-us#13,2026-04-04_manhattan-ny-us,13,"hedorah, smog monster",gdz01-009,Earth Hedorah,earth,2-3-0,2,3,0,2-3-0,2,3,0,0,1,65,10
2026-04-04_manhattan-ny-us#14,2026-04-04_manhattan-ny-us,14,"leatherhead, eager expat",tmnt01-005,Adult Swim,water,2-3-0,2,3,0,2-3-0,2,3,0,0,1,60,10
2026-04-04_manhattan-ny-us#15,2026-04-04_manhattan-ny-us,15,"sung jinwoo, e rank hunter",sl01-001,Sung Jinwoo - LC 4/4,death,1-3-1,1,3,1,1-3-1,1,3,1,0,1,69,10
2026-04-04_manhattan-ny-us#16,2026-04-04_manhattan-ny-us,16,"gigan, space monster",gdz01-006,Edon R Deck,air,1-4-0,1,4,0,1-4-0,1,4,0,0,1,80,0
2026-04-04_manhattan-ny-us#17,2026-04-04_manhattan-ny-us,17,"rodan, fire rodan",gdz01-014,Void-Fire-Rodan,void,1-4-0,1,4,0,1-4-0,1,4,0,0,1,71,10
2026-04-04_manhattan-ny-us#18,2026-04-04_manhattan-ny-us,18,"battra, beast of destruction",gdz01-002,Battra-Void,void,1-4-0,1,4,0,1-4-0,1,4,0,0,1,72,10
2026-04-04_manhattan-ny-us#19,2026-04-04_manhattan-ny-us,19,shishiwakamaru,yyhdt-100,Chris R Deck,water,0-2-0 +1 bye,,,,0-2-0,0,2,0,0,1,63,0
2026-04-05_greenway-au#1,2026-04-05_greenway-au,1,,,,,,,,,,,,,0,0,0,0
2026-04-05_greenway-au#2,2026-04-05_greenway-au,2,,,,,,,,,,,,,0,0,0,0
2026-04-05_greenway-au#3,2026-04-05_greenway-au,3,,,,,,,,,,,,,0,0,0,0
2026-04-05_greenway-au#4,2026-04-05_greenway-au,4,,,,,,,,,,,,,0,0,0,0
2026-04-05_greenway-au#5,2026-04-05_greenway-au,5,,,,,,,,,,,,,0,0,0,0
2026-04-05_greenway-au#6,2026-04-05_greenway-au,6,,,,,,,,,,,,,0,0,0,0
2026-04-05_greenway-au#7,2026-04-05_greenway-au,7,,,,,,,,,,,,,0,0,0,0
2026-04-05_greenway-au#8,2026-04-05_greenway-au,8,,,,,,,,,,,,,0,0,0,0
2026-04-05_greenway-au#9,2026-04-05_greenway-au,9,,,,,,,,,,,,,0,0,0,0
2026-04-05_greenway-au#10,2026-04-05_greenway-au,10,,,,,,,,,,,,,0,0,0,0
2026-04-05_greenway-au#11,2026-04-05_greenway-au,11,,,,,,,,,,,,,0,0,0,0
2026-04-05_greenway-au#12,2026-04-05_greenway-au,12,,,,,,,,,,,,,0,0,0,0
2026-04-05_greenway-au#13,2026-04-05_greenway-au,13,,,,,,,,,,,,,0,0,0,0
2026-04-05_greenway-au#14,2026-04-05_greenway-au,14,,,,,,,,,,,,,0,0,0,0
2026-04-05_greenway-au#15,2026-04-05_greenway-au,15,,,,,,,,,,,,,0,0,0,0
2026-04-05_greenway-au#16,2026-04-05_greenway-au,16,,,,,,,,,,,,,0,0,0,0
2026-04-05_greenway-au#17,2026-04-05_greenway-au,17,,,,,,,,,,,,,0,0,0,0
2026-04-07_middlesbrough-gb#1,2026-04-07_middlesbrough-gb,1,"godzilla, titan of terror",gdz01-008,gonna win lol,earth,4-0-0,4,0,0,6-0-0,6,0,0,1,1,60,10
2026-04-07_middlesbrough-gb#2,2026-04-07_middlesbrough-gb,2,"sung jinwoo, e rank hunter",sl01-001,Michael r Deck,death,2-1-1,2,1,1,3-2-1,3,2,1,1,1,77,10
2026-04-07_middlesbrough-gb#3,2026-04-07_middlesbrough-gb,3,"godzilla, king of the monsters",cha03gmm-001,Greg M Deck Zilla Shite,earth,3-1-0,3,1,0,3-2-0,3,2,0,1,1,64,10
2026-04-07_middlesbrough-gb#4,2026-04-07_middlesbrough-gb,4,"hange zoë, four eyes",aot02-007,"Hange,pickpocket",death,2-2-0,2,2,0,2-3-0,2,3,0,1,1,64,10
2026-04-07_middlesbrough-gb#5,2026-04-07_middlesbrough-gb,5,"mikasa ackerman, hizuru’s hope",aot03-010,LC Mikasa,death,2-2-0,2,2,0,2-2-0,2,2,0,0,1,63,10
2026-04-07_middlesbrough-gb#6,2026-04-07_middlesbrough-gb,6,"mothra, divine moth",gdz01-013,Blockra,good,2-2-0,2,2,0,2-2-0,2,2,0,0,1,74,10
2026-04-07_middlesbrough-gb#7,2026-04-07_middlesbrough-gb,7,devil jin,tk801-040,moltoBene Deck,chaos,1-1-2,1,1,2,1-1-2,1,1,2,0,1,63,0
2026-04-07_middlesbrough-gb#8,2026-04-07_middlesbrough-gb,8,"battra, beast of destruction",gdz01-002,Batti B,air,1-2-1,1,2,1,1-2-1,1,2,1,0,1,67,10
2026-04-07_middlesbrough-gb#9,2026-04-07_middlesbrough-gb,9,,,,,,,,,,,,,0,0,0,0
2026-04-07_middlesbrough-gb#10,2026-04-07_middlesbrough-gb,10,"spacegodzilla, bio-quartz monster",gdz01-015,Kyle R Deck,evil,0-2-2,0,2,2,0-2-2,0,2,2,0,1,66,10
2026-04-07_middlesbrough-gb#11,2026-04-07_middlesbrough-gb,11,"mothra, divine moth",gdz01-013,Enterableabyss Mothra,good,0-4-0,0,4,0,0-4-0,0,4,0,0,1,69,0
2026-04-10_fleurus-be#1,2026-04-10_fleurus-be,1,"godzilla, titan of terror",gdz01-008,Nemerios Deck,earth,3-0-0,3,0,0,3-0-0,3,0,0,0,1,67,0
2026-04-10_fleurus-be#2,2026-04-10_fleurus-be,2,"gigan, space monster",gdz01-006,Gigan,air,1-1-0 +1 bye,,,,1-1-0,1,1,0,0,1,68,0
2026-04-10_fleurus-be#3,2026-04-10_fleurus-be,3,"sung jinwoo, e rank hunter",sl01-001,Nolhan Deck,death,1-1-0 +1 bye,,,,1-1-0,1,1,0,0,1,60,0
2026-04-10_fleurus-be#4,2026-04-10_fleurus-be,4,"yusuke, team leader",yyhdt-136,Yuyu,all,0-2-0 +1 bye,,,,0-2-0,0,2,0,0,1,73,0
2026-04-10_fleurus-be#5,2026-04-10_fleurus-be,5,,,,,,,,,,,,,0,0,0,0
2026-04-11_bussy-saint-georges-fr#1,2026-04-11_bussy-saint-georges-fr,1,"mikasa ackerman, hizuru’s hope",aot03-010,"Mikasa Ackerman, Hizuru's Hope",death,2-0-0 +1 bye,,,,2-0-0,2,0,0,0,1,65,0
2026-04-11_bussy-saint-georges-fr#2,2026-04-11_bussy-saint-georges-fr,2,"jin kazama, lightning of fate",tk801-001,Daexderr Deck,evil,1-1-0 +1 bye,,,,1-1-0,1,1,0,0,1,60,0
2026-04-11_bussy-saint-georges-fr#3,2026-04-11_bussy-saint-georges-fr,3,"grog strongjaw, mighty half-giant",cr02-007,TracyFjord Deck,fire,0-2-0 +1 bye,,,,0-2-0,0,2,0,0,1,61,10
2026-04-11_fairfax-va-us#1,2026-04-11_fairfax-va-us,1,"reiner braun, marley’s shield // armored titan, finale",aot03-013,Gavin Kale Deck,order,3-0-2,3,0,2,6-0-2,6,0,2,1,1,60,10
2026-04-11_fairfax-va-us#2,2026-04-11_fairfax-va-us,2,"godzilla, titan of terror",gdz01-008,"Godzilla, Titan of Terror v3",earth,3-0-2,3,0,2,5-1-2,5,1,2,1,1,70,10
2026-04-11_fairfax-va-us#3,2026-04-11_fairfax-va-us,3,"godzilla, titan of terror",gdz01-008,Earth ToT,earth,4-1-0,4,1,0,5-2-0,5,2,0,1,1,60,10
2026-04-11_fairfax-va-us#4,2026-04-11_fairfax-va-us,4,"godzilla, titan of terror",gdz01-008,Pocket ToTs,earth,3-1-1,3,1,1,4-2-1,4,2,1,1,1,64,10
2026-04-11_fairfax-va-us#5,2026-04-11_fairfax-va-us,5,mitchell cimino,promo2025-053,PLEASE PLEASE PLEASE LET 2027 HAVE A MEGAMAN SET TO CELEBRATE THE 40TH ANNIVERSARY OF MEGAMAN AND,good,3-0-2,3,0,2,3-1-2,3,1,2,1,1,70,10
2026-04-11_fairfax-va-us#6,2026-04-11_fairfax-va-us,6,"pumat sol, magical proprietor",cr02-015,4Ross,air,3-1-1,3,1,1,3-2-1,3,2,1,1,1,66,10
2026-04-11_fairfax-va-us#7,2026-04-11_fairfax-va-us,7,"godzilla, titan of terror",gdz01-008,Dominic B Deck,earth,3-2-0,3,2,0,3-3-0,3,3,0,1,1,65,10
2026-04-11_fairfax-va-us#8,2026-04-11_fairfax-va-us,8,"reiner braun, marley’s shield // armored titan, finale",aot03-013,Assemble Meeple,order,3-2-0,3,2,0,3-3-0,3,3,0,1,1,60,10
2026-04-11_fairfax-va-us#9,2026-04-11_fairfax-va-us,9,"floch forster, yeagerist leader",aot03-006,Floch and Load,life,2-2-1,2,2,1,2-2-1,2,2,1,0,1,76,10
2026-04-11_fairfax-va-us#10,2026-04-11_fairfax-va-us,10,mei hatsume,mha07-086,Snuggie  Deck,order,1-2-1 +1 bye,,,,1-2-1,1,2,1,0,1,67,10
2026-04-11_fairfax-va-us#11,2026-04-11_fairfax-va-us,11,"mothra, divine moth",gdz01-013,Mothra 2: The good one,order,2-2-1,2,2,1,2-2-1,2,2,1,0,1,66,10
2026-04-11_fairfax-va-us#12,2026-04-11_fairfax-va-us,12,"sung jinwoo, e rank hunter",sl01-001,Social Justice yeagerists,death,2-3-0,2,3,0,2-3-0,2,3,0,0,1,75,10
2026-04-11_fairfax-va-us#13,2026-04-11_fairfax-va-us,13,"ryu, world warrior",sf60x-001,Scott D Ryu,fire,2-3-0,2,3,0,2-3-0,2,3,0,0,1,66,10
2026-04-11_fairfax-va-us#14,2026-04-11_fairfax-va-us,14,"king ghidorah, three-headed monster",gdz01-011,Ash Storm Deck,evil,1-2-2,1,2,2,1-2-2,1,2,2,0,1,70,10
2026-04-11_fairfax-va-us#15,2026-04-11_fairfax-va-us,15,"izuku midoriya, on the move // izuku midoriya, quirks unleashed",mha08-001,Marvin (Neymarvin) Deck,water,1-2-0,1,2,0,1-2-0,1,2,0,0,1,63,10
2026-04-11_fairfax-va-us#16,2026-04-11_fairfax-va-us,16,burning godzilla,gdz01-004,From the mind that got 18th at worlds with Nejire,void,1-4-0,1,4,0,1-4-0,1,4,0,0,1,84,10
2026-04-11_fairfax-va-us#17,2026-04-11_fairfax-va-us,17,"godzilla, shin godzilla",gdz01-007,Gianni Deck,chaos,1-1-0,1,1,0,1-1-0,1,1,0,0,1,84,0
2026-04-11_fairfax-va-us#18,2026-04-11_fairfax-va-us,18,"godzilla, king of the monsters",cha03gmm-001,GodzillaizaLibra Deck,chaos,1-1-0,1,1,0,1-1-0,1,1,0,0,1,60,0
2026-04-11_fairfax-va-us#19,2026-04-11_fairfax-va-us,19,"sung jinwoo, e rank hunter",sl01-001,Shock2k5 Deck,death,0-1-1,0,1,1,0-1-1,0,1,1,0,1,62,10
2026-04-11_fairfax-va-us#20,2026-04-11_fairfax-va-us,20,"godzilla, titan of terror",gdz01-008,Sean Deck,earth,0-2-0,0,2,0,0-2-0,0,2,0,0,1,64,10
2026-04-11_fairfax-va-us#21,2026-04-11_fairfax-va-us,21,"anguirus, fierce dragon",gdz01-001,Gio Deck,chaos,0-2-0,0,2,0,0-2-0,0,2,0,0,1,78,0
2026-04-11_fairfax-va-us#22,2026-04-11_fairfax-va-us,22,"pumat sol, magical proprietor",cr02-015,The Pristine Machine,order,0-5-0,0,5,0,0-5-0,0,5,0,0,1,73,0
2026-04-11_jacksonville-fl-us#1,2026-04-11_jacksonville-fl-us,1,"godzilla, titan of terror",gdz01-008,They Say He's Got To Go,earth,3-1-1,3,1,1,6-1-1,6,1,1,1,1,66,10
2026-04-11_jacksonville-fl-us#2,2026-04-11_jacksonville-fl-us,2,"godzilla, titan of terror",gdz01-008,"The Godzilla IP was a good match for Universus, and 5-difficult tribal has not introduced multiple f",earth,4-0-1,4,0,1,6-1-1,6,1,1,1,1,64,10
2026-04-11_jacksonville-fl-us#3,2026-04-11_jacksonville-fl-us,3,"godzilla, titan of terror",gdz01-008,the mothafunka remix,earth,4-1-0,4,1,0,5-2-0,5,2,0,1,1,65,10
2026-04-11_jacksonville-fl-us#4,2026-04-11_jacksonville-fl-us,4,"king ghidorah, three-headed monster",gdz01-011,Cristos Panos Deck,death,3-0-2,3,0,2,4-1-2,4,1,2,1,1,77,10
2026-04-11_jacksonville-fl-us#5,2026-04-11_jacksonville-fl-us,5,"hedorah, smog monster",gdz01-009,Hedorah earth try,earth,4-1-0,4,1,0,4-2-0,4,2,0,1,1,60,10
2026-04-11_jacksonville-fl-us#6,2026-04-11_jacksonville-fl-us,6,"anguirus, fierce dragon",gdz01-001,Angy Ball,earth,3-0-2,3,0,2,3-1-2,3,1,2,1,1,62,10
2026-04-11_jacksonville-fl-us#7,2026-04-11_jacksonville-fl-us,7,"godzilla, titan of terror",gdz01-008,*LOUD DOUBLE BASS NOISES*,earth,3-1-1,3,1,1,3-2-1,3,2,1,1,1,65,10
2026-04-11_jacksonville-fl-us#8,2026-04-11_jacksonville-fl-us,8,"godzilla, king of the monsters",cha03gmm-001,zilla good zzzz,earth,3-1-1,3,1,1,3-2-1,3,2,1,1,1,67,10
2026-04-11_jacksonville-fl-us#9,2026-04-11_jacksonville-fl-us,9,"hedorah, smog monster",gdz01-009,BP Deepwater Horizon,water,3-1-1,3,1,1,3-1-1,3,1,1,0,1,60,10
2026-04-11_jacksonville-fl-us#10,2026-04-11_jacksonville-fl-us,10,"mothra, divine moth",gdz01-013,Best Kaiju Mothra,air,3-2-0,3,2,0,3-2-0,3,2,0,0,1,80,10
2026-04-11_jacksonville-fl-us#11,2026-04-11_jacksonville-fl-us,11,"jet jaguar, warrior of justice",gdz01-010,Carson P Deck,good,3-2-0,3,2,0,3-2-0,3,2,0,0,1,72,0
2026-04-11_jacksonville-fl-us#12,2026-04-11_jacksonville-fl-us,12,nagoriyuki,ggs01-006,Nago JAX LC,order,3-2-0,3,2,0,3-2-0,3,2,0,0,1,62,10
2026-04-11_jacksonville-fl-us#13,2026-04-11_jacksonville-fl-us,13,"hedorah, smog monster",gdz01-009,Literally Toxic,water,3-2-0,3,2,0,3-2-0,3,2,0,0,1,60,10
2026-04-11_jacksonville-fl-us#14,2026-04-11_jacksonville-fl-us,14,"godzilla, titan of terror",gdz01-008,Michael B Deck,earth,2-2-1,2,2,1,2-2-1,2,2,1,0,1,64,10
2026-04-11_jacksonville-fl-us#15,2026-04-11_jacksonville-fl-us,15,nagoriyuki,ggs01-006,Demetrius Turner Deck,order,2-2-1,2,2,1,2-2-1,2,2,1,0,1,66,10
2026-04-11_jacksonville-fl-us#16,2026-04-11_jacksonville-fl-us,16,"armin arlert, brilliant mind",aot02-001,Armin Hammer Baking Soda,order,2-2-1,2,2,1,2-2-1,2,2,1,0,1,60,10
2026-04-11_jacksonville-fl-us#17,2026-04-11_jacksonville-fl-us,17,paul phoenix,tk801-043,Bradley Smith Deck,all,2-2-1,2,2,1,2-2-1,2,2,1,0,1,66,10
2026-04-11_jacksonville-fl-us#18,2026-04-11_jacksonville-fl-us,18,"godzilla, titan of terror",gdz01-008,ToT Zilla,earth,2-2-1,2,2,1,2-2-1,2,2,1,0,1,67,10
2026-04-11_jacksonville-fl-us#19,2026-04-11_jacksonville-fl-us,19,"mothra, divine moth",gdz01-013,Tater Tot Intolerant,good,2-2-1,2,2,1,2-2-1,2,2,1,0,1,67,10
2026-04-11_jacksonville-fl-us#20,2026-04-11_jacksonville-fl-us,20,"anguirus, fierce dragon",gdz01-001,Luis C Deck,earth,2-3-0,2,3,0,2-3-0,2,3,0,0,1,66,0
2026-04-11_jacksonville-fl-us#21,2026-04-11_jacksonville-fl-us,21,"biollante, giant plant monster",gdz01-003,Peyton K Deck,earth,2-3-0,2,3,0,2-3-0,2,3,0,0,1,67,10
2026-04-11_jacksonville-fl-us#22,2026-04-11_jacksonville-fl-us,22,nagoriyuki,ggs01-006,Kreed P Deck,order,2-3-0,2,3,0,2-3-0,2,3,0,0,1,65,0
2026-04-11_jacksonville-fl-us#23,2026-04-11_jacksonville-fl-us,23,"godzilla, king of the monsters",cha03gmm-001,Jet Jaguar is Cooler,chaos,2-3-0,2,3,0,2-3-0,2,3,0,0,1,65,10
2026-04-11_jacksonville-fl-us#24,2026-04-11_jacksonville-fl-us,24,chu,yyhdt-010,Chu Chu Lovely,order,2-3-0,2,3,0,2-3-0,2,3,0,0,1,65,10
2026-04-11_jacksonville-fl-us#25,2026-04-11_jacksonville-fl-us,25,"jacob johnson, 2019 uk national champion",promo2026-002,Jack LC Deck,water,1-3-1,1,3,1,1-3-1,1,3,1,0,1,73,10
2026-04-11_jacksonville-fl-us#26,2026-04-11_jacksonville-fl-us,26,"jet jaguar, warrior of justice",gdz01-010,"Now You See Me, Now You Don’t starring Jesse Eisenberg",chaos,1-3-1,1,3,1,1-3-1,1,3,1,0,1,62,10
2026-04-11_jacksonville-fl-us#27,2026-04-11_jacksonville-fl-us,27,"godzilla, shin godzilla",gdz01-007,Shin Godzilla - Ponza,death,1-3-0,1,3,0,1-3-0,1,3,0,0,1,80,10
2026-04-11_jacksonville-fl-us#28,2026-04-11_jacksonville-fl-us,28,"pumat sol, magical proprietor",cr02-015,Pumat Sol Fights On,chaos,1-4-0,1,4,0,1-4-0,1,4,0,0,1,63,10
2026-04-11_jacksonville-fl-us#29,2026-04-11_jacksonville-fl-us,29,bridget,ggs01-001,Colin's Debuild Bridget,water,1-4-0,1,4,0,1-4-0,1,4,0,0,1,69,10
2026-04-11_jacksonville-fl-us#30,2026-04-11_jacksonville-fl-us,30,toru hagakure (ii),mha07-191,[CwC] Toru 2 - Round 1 LC,air,0-3-2,0,3,2,0-3-2,0,3,2,0,1,64,10
2026-04-11_jacksonville-fl-us#31,2026-04-11_jacksonville-fl-us,31,"godzilla, shin godzilla",gdz01-007,Tyler B Deck,death,0-4-1,0,4,1,0-4-1,0,4,1,0,1,71,10
2026-04-11_jacksonville-fl-us#32,2026-04-11_jacksonville-fl-us,32,nagoriyuki,ggs01-006,Florida Is A Prison,order,0-4-0,0,4,0,0-4-0,0,4,0,0,1,66,10
2026-04-11_lubbock-tx-us#1,2026-04-11_lubbock-tx-us,1,"izuku midoriya, on the move // izuku midoriya, quirks unleashed",mha08-001,Best Deck,air,4-1-0,4,1,0,7-1-0,7,1,0,1,1,75,10
2026-04-11_lubbock-tx-us#2,2026-04-11_lubbock-tx-us,2,"godzilla, shin godzilla",gdz01-007,Godzilla,chaos,4-0-1,4,0,1,6-1-1,6,1,1,1,1,69,10
2026-04-11_lubbock-tx-us#3,2026-04-11_lubbock-tx-us,3,"biollante, giant plant monster",gdz01-003,Plant Boiiiiii,earth,3-1-1,3,1,1,4-2-1,4,2,1,1,1,68,10
2026-04-11_lubbock-tx-us#4,2026-04-11_lubbock-tx-us,4,"rodan, giant monster of the sky",cha03krm-003,RODOON V2,void,3-2-0,3,2,0,4-3-0,4,3,0,1,1,82,10
2026-04-11_lubbock-tx-us#5,2026-04-11_lubbock-tx-us,5,"king ghidorah, three-headed monster",gdz01-011,KG1,death,4-1-0,4,1,0,4-2-0,4,2,0,1,1,69,10
2026-04-11_lubbock-tx-us#6,2026-04-11_lubbock-tx-us,6,"king ghidorah, emperor of the cosmos",cha03krm-001,Cayden G Deck,void,3-1-1,3,1,1,3-2-1,3,2,1,1,1,63,0
2026-04-11_lubbock-tx-us#7,2026-04-11_lubbock-tx-us,7,mikasa ackerman,aot01-016,Angry Girl,air,3-2-0,3,2,0,3-3-0,3,3,0,1,1,60,10
2026-04-11_lubbock-tx-us#8,2026-04-11_lubbock-tx-us,8,"king ghidorah, emperor of the cosmos",cha03krm-001,Lubbock SC (Matthew A.),evil,3-2-0,3,2,0,3-3-0,3,3,0,1,1,75,10
2026-04-11_lubbock-tx-us#9,2026-04-11_lubbock-tx-us,9,"gigan, space monster",gdz01-006,Alfredo Deck,air,2-1-2,2,1,2,2-1-2,2,1,2,0,1,61,10
2026-04-11_lubbock-tx-us#10,2026-04-11_lubbock-tx-us,10,"sung jinwoo, e rank hunter",sl01-001,Sung Jinwoo,life,2-1-2,2,1,2,2-1-2,2,1,2,0,1,72,10
2026-04-11_lubbock-tx-us#11,2026-04-11_lubbock-tx-us,11,"hedorah, smog monster",gdz01-009,Smog City,water,2-2-1,2,2,1,2-2-1,2,2,1,0,1,64,10
2026-04-11_lubbock-tx-us#12,2026-04-11_lubbock-tx-us,12,"spacegodzilla, bio-quartz monster",gdz01-015,Saikyo-crusher Deck,evil,2-2-1,2,2,1,2-2-1,2,2,1,0,1,60,10
2026-04-11_lubbock-tx-us#13,2026-04-11_lubbock-tx-us,13,"anguirus, fierce dragon",gdz01-001,Keagan D Deck,chaos,2-2-1,2,2,1,2-2-1,2,2,1,0,1,65,0
2026-04-11_lubbock-tx-us#14,2026-04-11_lubbock-tx-us,14,"leatherhead, eager expat",tmnt01-005,Brady Deck,water,2-3-0,2,3,0,2-3-0,2,3,0,0,1,62,0
2026-04-11_lubbock-tx-us#15,2026-04-11_lubbock-tx-us,15,"izuku midoriya, on the move // izuku midoriya, quirks unleashed",mha08-001,Javier G Deck,water,2-3-0,2,3,0,2-3-0,2,3,0,0,1,75,10
2026-04-11_lubbock-tx-us#16,2026-04-11_lubbock-tx-us,16,"mechagodzilla, kiryu",cha03gmm-002,robot  Deck,earth,2-3-0,2,3,0,2-3-0,2,3,0,0,1,67,10
2026-04-11_lubbock-tx-us#17,2026-04-11_lubbock-tx-us,17,mitchell cimino,promo2025-053,Russell S Deck,good,1-2-2,1,2,2,1-2-2,1,2,2,0,1,68,10
2026-04-11_lubbock-tx-us#18,2026-04-11_lubbock-tx-us,18,"sung jinwoo, e rank hunter",sl01-001,SJW Summons a Fighter Jet,life,1-2-2,1,2,2,1-2-2,1,2,2,0,1,64,10
2026-04-11_lubbock-tx-us#19,2026-04-11_lubbock-tx-us,19,"reiner braun // reiner, armored titan",aot01-017,Jacob C Deck,death,1-4-0,1,4,0,1-4-0,1,4,0,0,1,72,10
2026-04-11_lubbock-tx-us#20,2026-04-11_lubbock-tx-us,20,"pike trickfoot, ferocious priestess",cr02-014,Michael Morales Deck,life,0-4-0 +1 bye,,,,0-4-0,0,4,0,0,1,68,10
2026-04-11_lubbock-tx-us#21,2026-04-11_lubbock-tx-us,21,shishiwakamaru,yyhdt-100,Shishi's Titans,chaos,1-3-0,1,3,0,1-3-0,1,3,0,0,1,64,10
2026-04-11_lubbock-tx-us#22,2026-04-11_lubbock-tx-us,22,ashley fullerton,promo2025-097,Rampage Ashley,water,0-5-0,0,5,0,0-5-0,0,5,0,0,1,60,10
2026-04-11_novi-mi-us#1,2026-04-11_novi-mi-us,1,"pumat sol, magical proprietor",cr02-015,Pumat ttp lc,order,4-0-2,4,0,2,7-0-2,7,0,2,1,1,67,10
2026-04-11_novi-mi-us#2,2026-04-11_novi-mi-us,2,"pumat sol, magical proprietor",cr02-015,Trading Post,air,5-1-0,5,1,0,7-2-0,7,2,0,1,1,71,10
2026-04-11_novi-mi-us#3,2026-04-11_novi-mi-us,3,"godzilla, titan of terror",gdz01-008,ToT Season 1 LC,earth,5-1-0,5,1,0,6-2-0,6,2,0,1,1,68,10
2026-04-11_novi-mi-us#4,2026-04-11_novi-mi-us,4,"godzilla, titan of terror",gdz01-008,"Godzilla, Titan of Terror | Earth | Zilla | R1 LCs",earth,4-1-1,4,1,1,5-2-1,5,2,1,1,1,68,10
2026-04-11_novi-mi-us#5,2026-04-11_novi-mi-us,5,"godzilla, titan of terror",gdz01-008,Ace Maneuvers Deck,earth,4-0-2,4,0,2,4-1-2,4,1,2,1,1,67,10
2026-04-11_novi-mi-us#6,2026-04-11_novi-mi-us,6,"godzilla, king of the monsters",cha03gmm-001,Benjamin H Deck,chaos,4-0-2,4,0,2,4-1-2,4,1,2,1,1,60,10
2026-04-11_novi-mi-us#7,2026-04-11_novi-mi-us,7,mitchell cimino,promo2025-053,Mitchell C Deck,good,4-1-1,4,1,1,4-2-1,4,2,1,1,1,72,10
2026-04-11_novi-mi-us#8,2026-04-11_novi-mi-us,8,"godzilla, titan of terror",gdz01-008,Napp Jones Deck,earth,4-1-1,4,1,1,4-2-1,4,2,1,1,1,62,10
2026-04-11_novi-mi-us#9,2026-04-11_novi-mi-us,9,"jacob johnson, 2019 uk national champion",promo2026-002,Thunderbringer,water,4-2-0,4,2,0,4-2-0,4,2,0,0,1,67,10
2026-04-11_novi-mi-us#10,2026-04-11_novi-mi-us,10,"godzilla, titan of terror",gdz01-008,TTP LC tot,earth,3-2-0 +1 bye,,,,3-2-0,3,2,0,0,1,64,10
2026-04-11_novi-mi-us#11,2026-04-11_novi-mi-us,11,"king ghidorah, three-headed monster",gdz01-011,Juicy G,death,4-2-0,4,2,0,4-2-0,4,2,0,0,1,60,10
2026-04-11_novi-mi-us#12,2026-04-11_novi-mi-us,12,"rodan, giant monster of the sky",cha03krm-003,Air Rodan,air,4-2-0,4,2,0,4-2-0,4,2,0,0,1,60,10
2026-04-11_novi-mi-us#13,2026-04-11_novi-mi-us,13,mitchell cimino,promo2025-053,Elijah Wakeman Deck,good,4-2-0,4,2,0,4-2-0,4,2,0,0,1,70,10
2026-04-11_novi-mi-us#14,2026-04-11_novi-mi-us,14,"gigan, space monster",gdz01-006,Jorge R Deck,evil,4-2-0,4,2,0,4-2-0,4,2,0,0,1,61,0
2026-04-11_novi-mi-us#15,2026-04-11_novi-mi-us,15,"king ghidorah, three-headed monster",gdz01-011,Ghidorah TTP,death,4-2-0,4,2,0,4-2-0,4,2,0,0,1,75,10
2026-04-11_novi-mi-us#16,2026-04-11_novi-mi-us,16,"jacob johnson, 2019 uk national champion",promo2026-002,Jacob J Deck,good,4-2-0,4,2,0,4-2-0,4,2,0,0,1,69,10
2026-04-11_novi-mi-us#17,2026-04-11_novi-mi-us,17,"mechagodzilla, modified type-3 kiryu",gdz01-012,Shiny Robo Boi,order,3-1-2,3,1,2,3-1-2,3,1,2,0,1,67,10
2026-04-11_novi-mi-us#18,2026-04-11_novi-mi-us,18,"mothra, divine moth",gdz01-013,Divine Moth,good,3-1-2,3,1,2,3-1-2,3,1,2,0,1,71,0
2026-04-11_novi-mi-us#19,2026-04-11_novi-mi-us,19,"godzilla, titan of terror",gdz01-008,Steven Stills Deck,earth,3-2-1,3,2,1,3-2-1,3,2,1,0,1,65,10
2026-04-11_novi-mi-us#20,2026-04-11_novi-mi-us,20,"rodan, giant monster of the sky",cha03krm-003,Nathan Dewalt Deck,void,3-2-1,3,2,1,3-2-1,3,2,1,0,1,75,10
2026-04-11_novi-mi-us#21,2026-04-11_novi-mi-us,21,"anguirus, fierce dragon",gdz01-001,Mathias K Deck,earth,3-2-1,3,2,1,3-2-1,3,2,1,0,1,64,10
2026-04-11_novi-mi-us#22,2026-04-11_novi-mi-us,22,"godzilla, titan of terror",gdz01-008,5grain  Deck,earth,3-3-0,3,3,0,3-3-0,3,3,0,0,1,60,10
2026-04-11_novi-mi-us#23,2026-04-11_novi-mi-us,23,"biollante, giant plant monster",gdz01-003,DisasterDan Deck,earth,3-3-0,3,3,0,3-3-0,3,3,0,0,1,70,10
2026-04-11_novi-mi-us#24,2026-04-11_novi-mi-us,24,bridget,ggs01-001,blamedSiren Deck,water,3-3-0,3,3,0,3-3-0,3,3,0,0,1,60,10
2026-04-11_novi-mi-us#25,2026-04-11_novi-mi-us,25,"rodan, giant monster of the sky",cha03krm-003,Birthday deck 🐐💰🎉,void,3-3-0,3,3,0,3-3-0,3,3,0,0,1,75,10
2026-04-11_novi-mi-us#26,2026-04-11_novi-mi-us,26,"godzilla, titan of terror",gdz01-008,TTP LC,earth,2-3-0 +1 bye,,,,2-3-0,2,3,0,0,1,62,10
2026-04-11_novi-mi-us#27,2026-04-11_novi-mi-us,27,"godzilla, titan of terror",gdz01-008,TTP Titan,earth,3-3-0,3,3,0,3-3-0,3,3,0,0,1,62,10
2026-04-11_novi-mi-us#28,2026-04-11_novi-mi-us,28,"godzilla, titan of terror",gdz01-008,Christian V Deck,earth,3-3-0,3,3,0,3-3-0,3,3,0,0,1,64,10
2026-04-11_novi-mi-us#29,2026-04-11_novi-mi-us,29,"anguirus, fierce dragon",gdz01-001,Ben M Deck,earth,3-3-0,3,3,0,3-3-0,3,3,0,0,1,61,10
2026-04-11_novi-mi-us#30,2026-04-11_novi-mi-us,30,"hedorah, smog monster",gdz01-009,Hedorah Detroit,water,3-3-0,3,3,0,3-3-0,3,3,0,0,1,65,10
2026-04-11_novi-mi-us#31,2026-04-11_novi-mi-us,31,"godzilla, king of the monsters",cha03gmm-001,TTP LC 1 - 2026,earth,3-3-0,3,3,0,3-3-0,3,3,0,0,1,65,10
2026-04-11_novi-mi-us#32,2026-04-11_novi-mi-us,32,"godzilla, king of the monsters",cha03gmm-001,TTP LC,earth,3-3-0,3,3,0,3-3-0,3,3,0,0,1,63,10
2026-04-11_novi-mi-us#33,2026-04-11_novi-mi-us,33,"jacob johnson, 2019 uk national champion",promo2026-002,My body is a machine that turns niche chinese chemicals into tantric esotericism,good,2-3-0 +1 bye,,,,2-3-0,2,3,0,0,1,71,10
2026-04-11_novi-mi-us#34,2026-04-11_novi-mi-us,34,"jet jaguar, warrior of justice",gdz01-010,Brandon M Deck,good,2-2-2,2,2,2,2-2-2,2,2,2,0,1,66,10
2026-04-11_novi-mi-us#35,2026-04-11_novi-mi-us,35,"godzilla, king of the monsters",cha03gmm-001,Godzilla (Earth) Standard,earth,2-3-1,2,3,1,2-3-1,2,3,1,0,1,60,10
2026-04-11_novi-mi-us#36,2026-04-11_novi-mi-us,36,"destoroyah, perfect lifeform",gdz01-005,Lyle W Deck,water,2-4-0,2,4,0,2-4-0,2,4,0,0,1,66,10
2026-04-11_novi-mi-us#37,2026-04-11_novi-mi-us,37,"godzilla, king of the monsters",cha03gmm-001,King & Queen,earth,2-4-0,2,4,0,2-4-0,2,4,0,0,1,63,10
2026-04-11_novi-mi-us#38,2026-04-11_novi-mi-us,38,mikasa ackerman,aot01-016,Mikasa Ackerman 04/11,air,2-4-0,2,4,0,2-4-0,2,4,0,0,1,60,0
2026-04-11_novi-mi-us#39,2026-04-11_novi-mi-us,39,"caduceus clay, insightful caretaker",cr02-003,Brent Midling Deck,earth,2-4-0,2,4,0,2-4-0,2,4,0,0,1,81,10
2026-04-11_novi-mi-us#40,2026-04-11_novi-mi-us,40,cha hae-in,sleb-002,Witchtail Air Weapons Cha,air,2-4-0,2,4,0,2-4-0,2,4,0,0,1,63,0
2026-04-11_novi-mi-us#41,2026-04-11_novi-mi-us,41,"hedorah, smog monster",gdz01-009,Trading Post Store Championship,death,2-4-0,2,4,0,2-4-0,2,4,0,0,1,73,10
2026-04-11_novi-mi-us#42,2026-04-11_novi-mi-us,42,"donatello, the smart one",tmnt01-004,Hyren Deck,void,2-4-0,2,4,0,2-4-0,2,4,0,0,1,66,10
2026-04-11_novi-mi-us#43,2026-04-11_novi-mi-us,43,"pumat sol, magical proprietor",cr02-015,Order Pumat,order,2-4-0,2,4,0,2-4-0,2,4,0,0,1,66,10
2026-04-11_novi-mi-us#44,2026-04-11_novi-mi-us,44,"godzilla, titan of terror",gdz01-008,Godzilla Titan of Terror,earth,2-4-0,2,4,0,2-4-0,2,4,0,0,1,65,0
2026-04-11_novi-mi-us#45,2026-04-11_novi-mi-us,45,"godzilla, titan of terror",gdz01-008,Terror Toolkit,earth,2-4-0,2,4,0,2-4-0,2,4,0,0,1,67,10
2026-04-11_novi-mi-us#46,2026-04-11_novi-mi-us,46,"godzilla, titan of terror",gdz01-008,GodzillaToTEarth,earth,2-4-0,2,4,0,2-4-0,2,4,0,0,1,70,10
2026-04-11_novi-mi-us#47,2026-04-11_novi-mi-us,47,"caduceus clay, insightful caretaker",cr02-003,Zelgod Deck,death,0-3-2 +1 bye,,,,0-3-2,0,3,2,0,1,62,10
2026-04-11_novi-mi-us#48,2026-04-11_novi-mi-us,48,"donatello, the smart one",tmnt01-004,pirateghetto Deck,void,1-5-0,1,5,0,1-5-0,1,5,0,0,1,78,0
2026-04-11_novi-mi-us#49,2026-04-11_novi-mi-us,49,"annie leonhart, awakened // female titan, finale",aot03-001,Annie's Chaotic Energy,chaos,1-5-0,1,5,0,1-5-0,1,5,0,0,1,60,10
2026-04-11_novi-mi-us#50,2026-04-11_novi-mi-us,50,"mothra, divine moth",gdz01-013,Robert Strong  Deck,good,0-5-0 +1 bye,,,,0-5-0,0,5,0,0,1,63,10
2026-04-11_novi-mi-us#51,2026-04-11_novi-mi-us,51,"bishop, robotics engineer",tmnt01-003,Jax Deck,void,0-5-0 +1 bye,,,,0-5-0,0,5,0,0,1,86,10
2026-04-11_novi-mi-us#52,2026-04-11_novi-mi-us,52,"biollante, giant plant monster",gdz01-003,Father of Bionicles,water,0-2-1,0,2,1,0-2-1,0,2,1,0,1,66,10
2026-04-11_novi-mi-us#53,2026-04-11_novi-mi-us,53,"hange zoë, four eyes",aot02-007,remember who you are white boy,death,0-3-0,0,3,0,0-3-0,0,3,0,0,1,60,10
2026-04-11_pittsburg-ca-us#1,2026-04-11_pittsburg-ca-us,1,nick ragan,promo2025-052,LC Nick,all,3-0-1,3,0,1,5-0-1,5,0,1,1,1,93,10
2026-04-11_pittsburg-ca-us#2,2026-04-11_pittsburg-ca-us,2,"zeke yeager, warchief",aot03-015,WarChief Keef,life,3-0-1,3,0,1,4-1-1,4,1,1,1,1,66,10
2026-04-11_pittsburg-ca-us#3,2026-04-11_pittsburg-ca-us,3,nagoriyuki,ggs01-006,RoK LCS Nago ORDER,order,3-0-1,3,0,1,3-1-1,3,1,1,1,1,66,10
2026-04-11_pittsburg-ca-us#4,2026-04-11_pittsburg-ca-us,4,"ryu, world warrior",sf60x-001,Ryu Needs A Massage,all,3-1-0,3,1,0,3-2-0,3,2,0,1,1,61,10
2026-04-11_pittsburg-ca-us#5,2026-04-11_pittsburg-ca-us,5,"meitenkun, sleeping prodigy",kf0x-002,King of Naps,earth,2-1-1,2,1,1,2-1-1,2,1,1,0,1,62,10
2026-04-11_pittsburg-ca-us#6,2026-04-11_pittsburg-ca-us,6,"rocksteady, easily angered",tmnt01-011,You Can't See Me!,earth,2-2-0,2,2,0,2-2-0,2,2,0,0,1,66,10
2026-04-11_pittsburg-ca-us#7,2026-04-11_pittsburg-ca-us,7,"godzilla, king of the monsters",cha03gmm-001,welcome back to Earth,earth,2-2-0,2,2,0,2-2-0,2,2,0,0,1,60,10
2026-04-11_pittsburg-ca-us#8,2026-04-11_pittsburg-ca-us,8,i-no,ggs01-003,i-know,void,2-2-0,2,2,0,2-2-0,2,2,0,0,1,63,10
2026-04-11_pittsburg-ca-us#9,2026-04-11_pittsburg-ca-us,9,"godzilla, titan of terror",gdz01-008,Ricky-san Deck,earth,2-2-0,2,2,0,2-2-0,2,2,0,0,1,65,10
2026-04-11_pittsburg-ca-us#10,2026-04-11_pittsburg-ca-us,10,kinoko komori,mha07-082,Andrew (Flashray) Deck,water,2-2-0,2,2,0,2-2-0,2,2,0,0,1,69,10
2026-04-11_pittsburg-ca-us#11,2026-04-11_pittsburg-ca-us,11,"zeke yeager // zeke, beast titan",aot02-015,Backing up,life,1-1-2,1,1,2,1-1-2,1,1,2,0,1,63,10
2026-04-11_pittsburg-ca-us#12,2026-04-11_pittsburg-ca-us,12,"mothra, divine moth",gdz01-013,Elysia  S Deck,good,1-3-0,1,3,0,1-3-0,1,3,0,0,1,73,10
2026-04-11_pittsburg-ca-us#13,2026-04-11_pittsburg-ca-us,13,"hedorah, smog monster",gdz01-009,Hedorah - Water,water,1-3-0,1,3,0,1-3-0,1,3,0,0,1,65,10
2026-04-11_pittsburg-ca-us#14,2026-04-11_pittsburg-ca-us,14,"godzilla, titan of terror",gdz01-008,Andrei Deck,earth,1-3-0,1,3,0,1-3-0,1,3,0,0,1,70,0
2026-04-11_pittsburg-ca-us#15,2026-04-11_pittsburg-ca-us,15,"king ghidorah, three-headed monster",gdz01-011,King Ghidorah RoK,evil,1-3-0,1,3,0,1-3-0,1,3,0,0,1,63,10
2026-04-11_pittsburg-ca-us#16,2026-04-11_pittsburg-ca-us,16,"fearne calloway, mischievous faun",promo2025-050,ravenscrest Deck,chaos,0-4-0,0,4,0,0-4-0,0,4,0,0,1,60,0
2026-04-11_rockingham-au#1,2026-04-11_rockingham-au,1,"meitenkun, sleeping prodigy",kf0x-002,Meitenkun Revolving Foundations,earth,3-0-0,3,0,0,3-0-0,3,0,0,0,1,65,0
2026-04-11_rockingham-au#2,2026-04-11_rockingham-au,2,"sung jinwoo, e rank hunter",sl01-001,Mattastic  Deck,death,2-1-0,2,1,0,2-1-0,2,1,0,0,1,78,0
2026-04-11_rockingham-au#3,2026-04-11_rockingham-au,3,ashley fullerton,promo2025-097,Mikasa/Ashley,death,2-1-0,2,1,0,2-1-0,2,1,0,0,1,64,10
2026-04-11_rockingham-au#4,2026-04-11_rockingham-au,4,"spacegodzilla, bio-quartz monster",gdz01-015,Matthew S Deck,evil,2-1-0,2,1,0,2-1-0,2,1,0,0,1,67,0
2026-04-11_rockingham-au#5,2026-04-11_rockingham-au,5,"godzilla, titan of terror",gdz01-008,Titan of Terror,earth,0-2-0 +1 bye,,,,0-2-0,0,2,0,0,1,69,0
2026-04-11_rockingham-au#6,2026-04-11_rockingham-au,6,mirko,mha07-046,King Kiske Deck,fire,0-2-0 +1 bye,,,,0-2-0,0,2,0,0,1,62,0
2026-04-11_rockingham-au#7,2026-04-11_rockingham-au,7,sol badguy,ggs01-008,Shogun-Exia sol badguy,fire,0-2-0 +1 bye,,,,0-2-0,0,2,0,0,1,61,0
2026-04-11_sydenham-nz#1,2026-04-11_sydenham-nz,1,mark tyner,promo2025-098,MARK THE TYNER,evil,3-0-2,3,0,2,6-0-2,6,0,2,1,1,88,10
2026-04-11_sydenham-nz#2,2026-04-11_sydenham-nz,2,"godzilla, titan of terror",gdz01-008,Sam T Deck,earth,2-0-2 +1 bye,,,,4-1-2,4,1,2,1,1,72,10
2026-04-11_sydenham-nz#3,2026-04-11_sydenham-nz,3,"mechagodzilla, modified type-3 kiryu",gdz01-012,Type 3 Kiryu,order,3-1-1,3,1,1,4-2-1,4,2,1,1,1,73,10
2026-04-11_sydenham-nz#4,2026-04-11_sydenham-nz,4,"jet jaguar, warrior of justice",gdz01-010,Te Koha S Deck,good,3-1-1,3,1,1,4-2-1,4,2,1,1,1,70,10
2026-04-11_sydenham-nz#5,2026-04-11_sydenham-nz,5,"sung jinwoo, e rank hunter",sl01-001,Hamish P Deck,life,3-1-1,3,1,1,3-2-1,3,2,1,1,1,60,10
2026-04-11_sydenham-nz#6,2026-04-11_sydenham-nz,6,"shun'ei, amped-up illusionist",kf0x-001,26 Local Champs S1,air,3-1-1,3,1,1,3-2-1,3,2,1,1,1,75,10
2026-04-11_sydenham-nz#7,2026-04-11_sydenham-nz,7,"mikasa ackerman, hizuru’s hope",aot03-010,"Mikasa, LC1 TCG Collector 2026",death,3-2-0,3,2,0,3-3-0,3,3,0,1,1,66,10
2026-04-11_sydenham-nz#8,2026-04-11_sydenham-nz,8,"king ghidorah, emperor of the cosmos",cha03krm-001,Chucklezxz Deck,void,3-2-0,3,2,0,3-3-0,3,3,0,1,1,76,10
2026-04-11_sydenham-nz#9,2026-04-11_sydenham-nz,9,"jester lavorre, prankster priestess",crmn-001,Keegan W Deck,chaos,3-2-0,3,2,0,3-2-0,3,2,0,0,1,65,10
2026-04-11_sydenham-nz#10,2026-04-11_sydenham-nz,10,"hedorah, smog monster",gdz01-009,Dave M Deck,death,2-3-0,2,3,0,2-3-0,2,3,0,0,1,63,0
2026-04-11_sydenham-nz#11,2026-04-11_sydenham-nz,11,burning godzilla,gdz01-004,Flynn C Deck,earth,2-3-0,2,3,0,2-3-0,2,3,0,0,1,80,0
2026-04-11_sydenham-nz#12,2026-04-11_sydenham-nz,12,sol badguy,ggs01-008,JJ A Deck,chaos,2-3-0,2,3,0,2-3-0,2,3,0,0,1,66,10
2026-04-11_sydenham-nz#13,2026-04-11_sydenham-nz,13,bridget,ggs01-001,Hare B Deck,water,1-3-0 +1 bye,,,,1-3-0,1,3,0,0,1,68,10
2026-04-11_sydenham-nz#14,2026-04-11_sydenham-nz,14,nagoriyuki,ggs01-006,Storlax Deck,order,1-3-0,1,3,0,1-3-0,1,3,0,0,1,65,10
2026-04-11_sydenham-nz#15,2026-04-11_sydenham-nz,15,"caduceus clay, insightful caretaker",cr02-003,Tarl H Deck,confused,0-4-0 +1 bye,,,,0-4-0,0,4,0,0,1,70,0
2026-04-11_sydenham-nz#16,2026-04-11_sydenham-nz,16,"jin kazama, lightning of fate",tk801-001,Tarl H Deck,air,1-4-0,1,4,0,1-4-0,1,4,0,0,1,62,0
2026-04-11_sydenham-nz#17,2026-04-11_sydenham-nz,17,"godzilla, king of the monsters",cha03gmm-001,Issac Deck,chaos,0-2-0 +1 bye,,,,0-2-0,0,2,0,0,1,62,0
2026-04-12_alicante-es#1,2026-04-12_alicante-es,1,"godzilla, king of the monsters",cha03gmm-001,Godzilla Kaijus,earth,3-1-1,3,1,1,6-1-1,6,1,1,1,1,60,10
2026-04-12_alicante-es#2,2026-04-12_alicante-es,2,"sung jinwoo, e rank hunter",sl01-001,Kevin Torregrosa WT Deck,death,3-0-2,3,0,2,5-1-2,5,1,2,1,1,78,10
2026-04-12_alicante-es#3,2026-04-12_alicante-es,3,"king ghidorah, emperor of the cosmos",cha03krm-001,Teo V Deck,evil,3-0-2,3,0,2,4-1-2,4,1,2,1,1,84,10
2026-04-12_alicante-es#4,2026-04-12_alicante-es,4,nagoriyuki,ggs01-006,Nagorayuki 🩸,order,3-2-0,3,2,0,4-3-0,4,3,0,1,1,67,10
2026-04-12_alicante-es#5,2026-04-12_alicante-es,5,"anguirus, fierce dragon",gdz01-001,Anguirus Standard Earth,earth,4-0-1,4,0,1,4-1-1,4,1,1,1,1,66,10
2026-04-12_alicante-es#6,2026-04-12_alicante-es,6,"reiner braun // reiner, armored titan",aot01-017,mundomagicfantasy WT Deck REINER,death,2-1-1 +1 bye,,,,2-2-1,2,2,1,1,1,74,10
2026-04-12_alicante-es#7,2026-04-12_alicante-es,7,"godzilla, king of the monsters",cha03gmm-001,Wertry  Deck,earth,3-1-1,3,1,1,3-2-1,3,2,1,1,1,60,0
2026-04-12_alicante-es#8,2026-04-12_alicante-es,8,bridget,ggs01-001,Brisket Bun Deck,water,3-1-1,3,1,1,3-2-1,3,2,1,1,1,62,10
2026-04-12_alicante-es#9,2026-04-12_alicante-es,9,"reiner braun, warrior // reiner, armored titan advancing",aot02-013,sergio t Deck,chaos,2-1-2,2,1,2,2-1-2,2,1,2,0,1,68,10
2026-04-12_alicante-es#10,2026-04-12_alicante-es,10,paul phoenix,tk801-043,Alejandra🍍 Deck,all,2-2-1,2,2,1,2-2-1,2,2,1,0,1,70,10
2026-04-12_alicante-es#11,2026-04-12_alicante-es,11,"godzilla, titan of terror",gdz01-008,David Díaz Deck,earth,2-2-1,2,2,1,2-2-1,2,2,1,0,1,65,10
2026-04-12_alicante-es#12,2026-04-12_alicante-es,12,"pike trickfoot, ferocious priestess",cr02-014,Pike Trickfoot,life,1-2-1 +1 bye,,,,1-2-1,1,2,1,0,1,71,10
2026-04-12_alicante-es#13,2026-04-12_alicante-es,13,"godzilla, king of the monsters",cha03gmm-001,Juan García de Quirós  Deck,chaos,2-3-0,2,3,0,2-3-0,2,3,0,0,1,60,10
2026-04-12_alicante-es#14,2026-04-12_alicante-es,14,"sung jinwoo, e rank hunter",sl01-001,Paulino  Deck,death,2-3-0,2,3,0,2-3-0,2,3,0,0,1,83,0
2026-04-12_alicante-es#15,2026-04-12_alicante-es,15,"godzilla, king of the monsters",cha03gmm-001,Godzilla Local Championship 12-04-26,earth,2-3-0,2,3,0,2-3-0,2,3,0,0,1,62,10
2026-04-12_alicante-es#16,2026-04-12_alicante-es,16,"bebop, burly brawler",tmnt01-002,Bebop,earth,1-3-1,1,3,1,1-3-1,1,3,1,0,1,68,10
2026-04-12_alicante-es#17,2026-04-12_alicante-es,17,"gigan, space monster",gdz01-006,WT Deck ALEX,evil,1-3-1,1,3,1,1-3-1,1,3,1,0,1,60,0
2026-04-12_alicante-es#18,2026-04-12_alicante-es,18,"king ghidorah, three-headed monster",gdz01-011,Carlos Samper WT Deck,all,0-2-1 +1 bye,,,,0-2-1,0,2,1,0,1,76,10
2026-04-12_alicante-es#19,2026-04-12_alicante-es,19,ky kiske,ggs01-004,Ky Kiske [Air]  Standard Deck,air,1-3-0,1,3,0,1-3-0,1,3,0,0,1,63,10
2026-04-12_alicante-es#20,2026-04-12_alicante-es,20,"zeke yeager, warchief",aot03-015,Zeke Warchief - Granados Warning Team,chaos,0-2-1,0,2,1,0-2-1,0,2,1,0,1,70,10
2026-04-12_alicante-es#21,2026-04-12_alicante-es,21,"izuku midoriya, on the move // izuku midoriya, quirks unleashed",mha08-001,Izuku midoriya's deck,life,0-5-0,0,5,0,0-5-0,0,5,0,0,1,60,0
2026-04-12_anchorage-ak-us#1,2026-04-12_anchorage-ak-us,1,"hedorah, smog monster",gdz01-009,Smog throw,earth,2-1-0,2,1,0,2-1-0,2,1,0,0,1,62,10
2026-04-12_anchorage-ak-us#2,2026-04-12_anchorage-ak-us,2,nagoriyuki,ggs01-006,Kenzilla Deck,all,2-1-0,2,1,0,2-1-0,2,1,0,0,1,66,0
2026-04-12_anchorage-ak-us#3,2026-04-12_anchorage-ak-us,3,"sung jinwoo, e rank hunter",sl01-001,Kbkang Deck,death,1-1-1,1,1,1,1-1-1,1,1,1,0,1,74,0
2026-04-12_anchorage-ak-us#4,2026-04-12_anchorage-ak-us,4,may,ggs01-005,May for Round 1 at Tier 1,water,1-1-1,1,1,1,1-1-1,1,1,1,0,1,60,0
2026-04-12_anchorage-ak-us#5,2026-04-12_anchorage-ak-us,5,"pike trickfoot, ferocious priestess",cr02-014,Andy R Deck,confused,1-2-0,1,2,0,1-2-0,1,2,0,0,1,62,0
2026-04-12_anchorage-ak-us#6,2026-04-12_anchorage-ak-us,6,"spacegodzilla, bio-quartz monster",gdz01-015,Space Godzilla,chaos,1-2-0,1,2,0,1-2-0,1,2,0,0,1,70,0
2026-04-12_newcastle-gb#1,2026-04-12_newcastle-gb,1,"godzilla, king of the monsters",cha03gmm-001,Greg M Deck Zilla Shite,earth,3-0-0,3,0,0,3-0-0,3,0,0,0,1,64,10
2026-04-12_newcastle-gb#2,2026-04-12_newcastle-gb,2,"nott the brave, chaotic meddler",cr02-012,Murray Deck,chaos,1-1-0 +1 bye,,,,1-1-0,1,1,0,0,1,67,10
2026-04-12_newcastle-gb#3,2026-04-12_newcastle-gb,3,"godzilla, titan of terror",gdz01-008,Emma Deck,earth,1-1-1,1,1,1,1-1-1,1,1,1,0,1,60,10
2026-04-12_newcastle-gb#4,2026-04-12_newcastle-gb,4,"zeke yeager, warchief",aot03-015,Marnie L Deck,life,1-1-1,1,1,1,1-1-1,1,1,1,0,1,70,10
2026-04-12_newcastle-gb#5,2026-04-12_newcastle-gb,5,mirko,mha07-046,Mirko 2026,death,0-1-1 +1 bye,,,,0-1-1,0,1,1,0,1,60,10
2026-04-12_newcastle-gb#6,2026-04-12_newcastle-gb,6,,,,,,,,,,,,,0,0,0,0
2026-04-12_newcastle-gb#7,2026-04-12_newcastle-gb,7,"spacegodzilla, bio-quartz monster",gdz01-015,SpaceZilla,void,0-0-3,0,0,3,0-0-3,0,0,3,0,1,65,10
2026-04-18_rosemont-il-us#1,2026-04-18_rosemont-il-us,1,"reiner braun, marley’s shield // armored titan, finale",aot03-013,What could this deck be,order,5-1-1 +1 bye,,,,9-1-1,9,1,1,1,1,62,10
2026-04-18_rosemont-il-us#2,2026-04-18_rosemont-il-us,2,"godzilla, titan of terror",gdz01-008,Chaos Amajiki,earth,5-1-1 +1 bye,,,,8-2-1,8,2,1,1,1,60,10
2026-04-18_rosemont-il-us#3,2026-04-18_rosemont-il-us,3,"godzilla, titan of terror",gdz01-008,Titan Terrorista,earth,6-0-2,6,0,2,8-1-2,8,1,2,1,1,60,10
2026-04-18_rosemont-il-us#4,2026-04-18_rosemont-il-us,4,"mothra, divine moth",gdz01-013,Mothra,air,4-0-3 +1 bye,,,,6-1-3,6,1,3,1,1,87,10
2026-04-18_rosemont-il-us#5,2026-04-18_rosemont-il-us,5,"godzilla, titan of terror",gdz01-008,Meta Slave,earth,6-1-1,6,1,1,7-2-1,7,2,1,1,1,62,10
2026-04-18_rosemont-il-us#6,2026-04-18_rosemont-il-us,6,"reiner braun, marley’s shield // armored titan, finale",aot03-013,Reiner 3 - Order (Chicago),order,6-1-1,6,1,1,7-2-1,7,2,1,1,1,62,10
2026-04-18_rosemont-il-us#7,2026-04-18_rosemont-il-us,7,"godzilla, titan of terror",gdz01-008,Hunter of Terror,earth,5-2-0 +1 bye,,,,6-3-0,6,3,0,1,1,63,10
2026-04-18_rosemont-il-us#8,2026-04-18_rosemont-il-us,8,"godzilla, titan of terror",gdz01-008,Jorge Z tot,earth,5-2-0 +1 bye,,,,6-3-0,6,3,0,1,1,71,10
2026-04-18_rosemont-il-us#9,2026-04-18_rosemont-il-us,9,"reiner braun, marley’s shield // armored titan, finale",aot03-013,reiner3,order,5-1-1 +1 bye,,,,5-2-1,5,2,1,1,1,60,10
2026-04-18_rosemont-il-us#10,2026-04-18_rosemont-il-us,10,"godzilla, titan of terror",gdz01-008,"Godzilla, Titan of Terror v5",earth,5-1-1 +1 bye,,,,5-2-1,5,2,1,1,1,71,10
2026-04-18_rosemont-il-us#11,2026-04-18_rosemont-il-us,11,"godzilla, titan of terror",gdz01-008,Tyler  H Deck,earth,6-1-1,6,1,1,6-2-1,6,2,1,1,1,63,10
2026-04-18_rosemont-il-us#12,2026-04-18_rosemont-il-us,12,"mothra, divine moth",gdz01-013,Andrew Porat Deck,air,6-1-1,6,1,1,6-2-1,6,2,1,1,1,87,10
2026-04-18_rosemont-il-us#13,2026-04-18_rosemont-il-us,13,"reiner braun, marley’s shield // armored titan, finale",aot03-013,Dance of a Thousand Nights,chaos,5-2-0 +1 bye,,,,5-3-0,5,3,0,1,1,63,10
2026-04-18_rosemont-il-us#14,2026-04-18_rosemont-il-us,14,"godzilla, titan of terror",gdz01-008,Chicago ToT,earth,5-2-0 +1 bye,,,,5-3-0,5,3,0,1,1,68,10
2026-04-18_rosemont-il-us#15,2026-04-18_rosemont-il-us,15,"annie leonhart, awakened // female titan, finale",aot03-001,Annie AOT3 Death,death,5-2-0 +1 bye,,,,5-3-0,5,3,0,1,1,60,0
2026-04-18_rosemont-il-us#16,2026-04-18_rosemont-il-us,16,"godzilla, titan of terror",gdz01-008,Zilla Chicago,earth,6-2-0,6,2,0,6-3-0,6,3,0,1,1,64,10
2026-04-18_rosemont-il-us#17,2026-04-18_rosemont-il-us,17,"rodan, giant monster of the sky",cha03krm-003,Air Rodan,air,5-2-1,5,2,1,5-2-1,5,2,1,0,1,60,10
2026-04-18_rosemont-il-us#18,2026-04-18_rosemont-il-us,18,"pumat sol, magical proprietor",cr02-015,Trading Post 3,air,4-2-1 +1 bye,,,,4-2-1,4,2,1,0,1,69,10
2026-04-18_rosemont-il-us#19,2026-04-18_rosemont-il-us,19,krista lenz,aot01-013,Bob's Order Krista,order,5-2-1,5,2,1,5-2-1,5,2,1,0,1,60,10
2026-04-18_rosemont-il-us#20,2026-04-18_rosemont-il-us,20,"godzilla, shin godzilla",gdz01-007,Shin Godzilla - Ponza,death,4-2-1 +1 bye,,,,4-2-1,4,2,1,0,1,80,10
2026-04-18_rosemont-il-us#21,2026-04-18_rosemont-il-us,21,"king ghidorah, three-headed monster",gdz01-011,Respond combined firepower,death,5-2-1,5,2,1,5-2-1,5,2,1,0,1,68,10
2026-04-18_rosemont-il-us#22,2026-04-18_rosemont-il-us,22,"godzilla, king of the monsters",cha03gmm-001,Gavin H Deck,chaos,5-2-1,5,2,1,5-2-1,5,2,1,0,1,62,0
2026-04-18_rosemont-il-us#23,2026-04-18_rosemont-il-us,23,"zeke yeager // zeke, beast titan",aot02-015,euhhhhhh im the beast titan....,life,5-3-0,5,3,0,5-3-0,5,3,0,0,1,62,10
2026-04-18_rosemont-il-us#24,2026-04-18_rosemont-il-us,24,nagoriyuki,ggs01-006,Garrison B Deck,order,5-3-0,5,3,0,5-3-0,5,3,0,0,1,63,10
2026-04-18_rosemont-il-us#25,2026-04-18_rosemont-il-us,25,"zeke yeager // zeke, beast titan",aot02-015,Kameron Caldwell Deck,life,4-3-0 +1 bye,,,,4-3-0,4,3,0,0,1,65,10
2026-04-18_rosemont-il-us#26,2026-04-18_rosemont-il-us,26,"hedorah, smog monster",gdz01-009,HIM-Dorah,earth,4-3-0 +1 bye,,,,4-3-0,4,3,0,0,1,62,10
2026-04-18_rosemont-il-us#27,2026-04-18_rosemont-il-us,27,"godzilla, titan of terror",gdz01-008,Tater Tot,earth,4-3-0 +1 bye,,,,4-3-0,4,3,0,0,1,67,10
2026-04-18_rosemont-il-us#28,2026-04-18_rosemont-il-us,28,"reiner braun, marley’s shield // armored titan, finale",aot03-013,"Reiner Braun, Marley's Shield \| Order \| Chicago 2026",order,5-3-0,5,3,0,5-3-0,5,3,0,0,1,66,10
2026-04-18_rosemont-il-us#29,2026-04-18_rosemont-il-us,29,"pumat sol, magical proprietor",cr02-015,Pumat chicago,order,4-3-0 +1 bye,,,,4-3-0,4,3,0,0,1,68,10
2026-04-18_rosemont-il-us#30,2026-04-18_rosemont-il-us,30,"pumat sol, magical proprietor",cr02-015,Pumating It Up,order,5-3-0,5,3,0,5-3-0,5,3,0,0,1,60,10
2026-04-18_rosemont-il-us#31,2026-04-18_rosemont-il-us,31,"godzilla, king of the monsters",cha03gmm-001,Backyard Power Scaler,earth,4-3-0 +1 bye,,,,4-3-0,4,3,0,0,1,60,10
2026-04-18_rosemont-il-us#32,2026-04-18_rosemont-il-us,32,"godzilla, titan of terror",gdz01-008,2026 AT&T Slam Dunk Contest,earth,5-3-0,5,3,0,5-3-0,5,3,0,0,1,62,10
2026-04-18_rosemont-il-us#33,2026-04-18_rosemont-il-us,33,"godzilla, king of the monsters",cha03gmm-001,Occam's Phaser,chaos,5-3-0,5,3,0,5-3-0,5,3,0,0,1,60,10
2026-04-18_rosemont-il-us#34,2026-04-18_rosemont-il-us,34,"godzilla, titan of terror",gdz01-008,cory n Deck,earth,5-3-0,5,3,0,5-3-0,5,3,0,0,1,62,10
2026-04-18_rosemont-il-us#35,2026-04-18_rosemont-il-us,35,"godzilla, titan of terror",gdz01-008,SKREEEONK,earth,5-3-0,5,3,0,5-3-0,5,3,0,0,1,64,10
2026-04-18_rosemont-il-us#36,2026-04-18_rosemont-il-us,36,"king ghidorah, emperor of the cosmos",cha03krm-001,Cayden G Deck,void,5-3-0,5,3,0,5-3-0,5,3,0,0,1,71,10
2026-04-18_rosemont-il-us#37,2026-04-18_rosemont-il-us,37,"king ghidorah, three-headed monster",gdz01-011,Juicy G,death,5-3-0,5,3,0,5-3-0,5,3,0,0,1,60,10
2026-04-18_rosemont-il-us#38,2026-04-18_rosemont-il-us,38,"isla, dreaming brilliance",kf0x-023,Isla Chicago Regionals,life,4-3-0 +1 bye,,,,4-3-0,4,3,0,0,1,71,10
2026-04-18_rosemont-il-us#39,2026-04-18_rosemont-il-us,39,"godzilla, titan of terror",gdz01-008,Napp Jones Deck,earth,4-2-2,4,2,2,4-2-2,4,2,2,0,1,63,10
2026-04-18_rosemont-il-us#40,2026-04-18_rosemont-il-us,40,"rodan, giant monster of the sky",cha03krm-003,Chicago Void Rodan,void,4-2-2,4,2,2,4-2-2,4,2,2,0,1,86,10
2026-04-18_rosemont-il-us#41,2026-04-18_rosemont-il-us,41,"izuku midoriya, on the move // izuku midoriya, quirks unleashed",mha08-001,Best Deck,air,3-3-1 +1 bye,,,,3-3-1,3,3,1,0,1,75,10
2026-04-18_rosemont-il-us#42,2026-04-18_rosemont-il-us,42,"biollante, giant plant monster",gdz01-003,DisasterDan Deck,earth,3-3-1 +1 bye,,,,3-3-1,3,3,1,0,1,70,10
2026-04-18_rosemont-il-us#43,2026-04-18_rosemont-il-us,43,burning godzilla,gdz01-004,Why does it burn,void,4-3-1,4,3,1,4-3-1,4,3,1,0,1,82,10
2026-04-18_rosemont-il-us#44,2026-04-18_rosemont-il-us,44,"izuku midoriya, on the move // izuku midoriya, quirks unleashed",mha08-001,Void Deku Mill,void,3-3-1 +1 bye,,,,3-3-1,3,3,1,0,1,75,10
2026-04-18_rosemont-il-us#45,2026-04-18_rosemont-il-us,45,"jacob johnson, 2019 uk national champion",promo2026-002,James W Deck,good,4-3-1,4,3,1,4-3-1,4,3,1,0,1,69,10
2026-04-18_rosemont-il-us#46,2026-04-18_rosemont-il-us,46,"godzilla, titan of terror",gdz01-008,Tater Tot Chicago REG '26,earth,4-3-1,4,3,1,4-3-1,4,3,1,0,1,66,10
2026-04-18_rosemont-il-us#47,2026-04-18_rosemont-il-us,47,"godzilla, titan of terror",gdz01-008,Chris Lambkin Deck,earth,4-3-1,4,3,1,4-3-1,4,3,1,0,1,70,10
2026-04-18_rosemont-il-us#48,2026-04-18_rosemont-il-us,48,"rodan, giant monster of the sky",cha03krm-003,REST NOW BROTHER WE HAVE THE WATCH AND WE’LL SEE YOU IN VALHALLA,void,4-3-1,4,3,1,4-3-1,4,3,1,0,1,76,10
2026-04-18_rosemont-il-us#49,2026-04-18_rosemont-il-us,49,"mechagodzilla, bionic menace",cha03krm-002,Going the Distance,order,4-3-1,4,3,1,4-3-1,4,3,1,0,1,76,10
2026-04-18_rosemont-il-us#50,2026-04-18_rosemont-il-us,50,"godzilla, titan of terror",gdz01-008,the concussion remix,earth,3-4-0 +1 bye,,,,3-4-0,3,4,0,0,1,67,10
2026-04-18_rosemont-il-us#51,2026-04-18_rosemont-il-us,51,mitchell cimino,promo2025-053,"But Dr, I am Pagliacci",good,3-4-0 +1 bye,,,,3-4-0,3,4,0,0,1,70,10
2026-04-18_rosemont-il-us#52,2026-04-18_rosemont-il-us,52,"king ghidorah, three-headed monster",gdz01-011,Ben L Deck,death,3-3-0 +1 bye,,,,3-3-0,3,3,0,0,1,69,10
2026-04-18_rosemont-il-us#53,2026-04-18_rosemont-il-us,53,"godzilla, titan of terror",gdz01-008,Battle Aura Godzilla,earth,4-4-0,4,4,0,4-4-0,4,4,0,0,1,70,10
2026-04-18_rosemont-il-us#54,2026-04-18_rosemont-il-us,54,"reiner braun, marley’s shield // armored titan, finale",aot03-013,Chi Reiner,order,3-4-0 +1 bye,,,,3-4-0,3,4,0,0,1,60,10
2026-04-18_rosemont-il-us#55,2026-04-18_rosemont-il-us,55,"godzilla, titan of terror",gdz01-008,Tam’s Sauce,earth,4-4-0,4,4,0,4-4-0,4,4,0,0,1,68,10
2026-04-18_rosemont-il-us#56,2026-04-18_rosemont-il-us,56,"godzilla, king of the monsters",cha03gmm-001,Godzilla Chicago regional,chaos,3-4-0 +1 bye,,,,3-4-0,3,4,0,0,1,60,10
2026-04-18_rosemont-il-us#57,2026-04-18_rosemont-il-us,57,"godzilla, titan of terror",gdz01-008,Dayton S Deck,earth,4-4-0,4,4,0,4-4-0,4,4,0,0,1,69,10
2026-04-18_rosemont-il-us#58,2026-04-18_rosemont-il-us,58,"rodan, giant monster of the sky",cha03krm-003,Rodan chicago,void,4-4-0,4,4,0,4-4-0,4,4,0,0,1,71,10
2026-04-18_rosemont-il-us#59,2026-04-18_rosemont-il-us,59,"godzilla, king of the monsters",cha03gmm-001,King of queens,earth,4-4-0,4,4,0,4-4-0,4,4,0,0,1,65,10
2026-04-18_rosemont-il-us#60,2026-04-18_rosemont-il-us,60,"hedorah, smog monster",gdz01-009,"Hedorah, Chicago Regional",earth,4-4-0,4,4,0,4-4-0,4,4,0,0,1,63,10
2026-04-18_rosemont-il-us#61,2026-04-18_rosemont-il-us,61,"godzilla, titan of terror",gdz01-008,Tator tot,earth,4-4-0,4,4,0,4-4-0,4,4,0,0,1,75,10
2026-04-18_rosemont-il-us#62,2026-04-18_rosemont-il-us,62,"godzilla, titan of terror",gdz01-008,Im a little teapot short and stout here is my handle here is my spout,earth,4-4-0,4,4,0,4-4-0,4,4,0,0,1,75,10
2026-04-18_rosemont-il-us#63,2026-04-18_rosemont-il-us,63,"pumat sol, magical proprietor",cr02-015,Brent Midling Deck,order,4-4-0,4,4,0,4-4-0,4,4,0,0,1,73,10
2026-04-18_rosemont-il-us#64,2026-04-18_rosemont-il-us,64,"zeke yeager // zeke, beast titan",aot02-015,Zeke's Day Out,life,2-3-2 +1 bye,,,,2-3-2,2,3,2,0,1,62,10
2026-04-18_rosemont-il-us#65,2026-04-18_rosemont-il-us,65,"jacob johnson, 2019 uk national champion",promo2026-002,Thunderbringer,water,3-3-2,3,3,2,3-3-2,3,3,2,0,1,67,10
2026-04-18_rosemont-il-us#66,2026-04-18_rosemont-il-us,66,"godzilla, titan of terror",gdz01-008,ToT Zilla,earth,3-3-2,3,3,2,3-3-2,3,3,2,0,1,67,10
2026-04-18_rosemont-il-us#67,2026-04-18_rosemont-il-us,67,"godzilla, king of the monsters",cha03gmm-001,Godzilla,chaos,2-4-1 +1 bye,,,,2-4-1,2,4,1,0,1,62,10
2026-04-18_rosemont-il-us#68,2026-04-18_rosemont-il-us,68,"sasha blouse, food fanatic",aot02-014,Eat it Like it’s Fujiyama’s,chaos,2-3-1 +1 bye,,,,2-3-1,2,3,1,0,1,65,10
2026-04-18_rosemont-il-us#69,2026-04-18_rosemont-il-us,69,"king ghidorah, emperor of the cosmos",cha03krm-001,KG reno,evil,3-4-1,3,4,1,3-4-1,3,4,1,0,1,82,10
2026-04-18_rosemont-il-us#70,2026-04-18_rosemont-il-us,70,"reiner braun, marley’s shield // armored titan, finale",aot03-013,Spencer (#1 Momo fan) Deck,order,3-4-1,3,4,1,3-4-1,3,4,1,0,1,60,10
2026-04-18_rosemont-il-us#71,2026-04-18_rosemont-il-us,71,"hedorah, smog monster",gdz01-009,Nelo B Deck,earth,3-4-1,3,4,1,3-4-1,3,4,1,0,1,65,10
2026-04-18_rosemont-il-us#72,2026-04-18_rosemont-il-us,72,"mothra, divine moth",gdz01-013,Stylish moth,order,3-4-1,3,4,1,3-4-1,3,4,1,0,1,70,10
2026-04-18_rosemont-il-us#73,2026-04-18_rosemont-il-us,73,"king ghidorah, three-headed monster",gdz01-011,Ghidorah TTP,death,3-4-1,3,4,1,3-4-1,3,4,1,0,1,67,10
2026-04-18_rosemont-il-us#74,2026-04-18_rosemont-il-us,74,"king ghidorah, three-headed monster",gdz01-011,king G 2,evil,3-4-1,3,4,1,3-4-1,3,4,1,0,1,70,10
2026-04-18_rosemont-il-us#75,2026-04-18_rosemont-il-us,75,bridget,ggs01-001,H00T3Y \| Liam R Deck,water,3-4-1,3,4,1,3-4-1,3,4,1,0,1,61,10
2026-04-18_rosemont-il-us#76,2026-04-18_rosemont-il-us,76,devil jin,tk801-040,Devil Jimothy,chaos,3-5-0,3,5,0,3-5-0,3,5,0,0,1,60,10
2026-04-18_rosemont-il-us#77,2026-04-18_rosemont-il-us,77,"pumat sol, magical proprietor",cr02-015,David T Deck,air,3-3-0,3,3,0,3-3-0,3,3,0,0,1,65,10
2026-04-18_rosemont-il-us#78,2026-04-18_rosemont-il-us,78,"godzilla, titan of terror",gdz01-008,G-TOT,earth,3-5-0,3,5,0,3-5-0,3,5,0,0,1,65,10
2026-04-18_rosemont-il-us#79,2026-04-18_rosemont-il-us,79,"godzilla, titan of terror",gdz01-008,Stinky Lizer,earth,3-3-0,3,3,0,3-3-0,3,3,0,0,1,68,10
2026-04-18_rosemont-il-us#80,2026-04-18_rosemont-il-us,80,"anguirus, fierce dragon",gdz01-001,Chicago 26 Regional,earth,3-5-0,3,5,0,3-5-0,3,5,0,0,1,69,10
2026-04-18_rosemont-il-us#81,2026-04-18_rosemont-il-us,81,"godzilla, shin godzilla",gdz01-007,Shin Godzilla regional,death,3-5-0,3,5,0,3-5-0,3,5,0,0,1,68,10
2026-04-18_rosemont-il-us#82,2026-04-18_rosemont-il-us,82,"godzilla, king of the monsters",cha03gmm-001,King of the Chuds,chaos,2-5-0 +1 bye,,,,2-5-0,2,5,0,0,1,60,10
2026-04-18_rosemont-il-us#83,2026-04-18_rosemont-il-us,83,"hedorah, smog monster",gdz01-009,Robert Yesse Deck,water,3-5-0,3,5,0,3-5-0,3,5,0,0,1,69,10
2026-04-18_rosemont-il-us#84,2026-04-18_rosemont-il-us,84,"rodan, giant monster of the sky",cha03krm-003,Chicago Regional Rodan Void,void,3-5-0,3,5,0,3-5-0,3,5,0,0,1,71,10
2026-04-18_rosemont-il-us#85,2026-04-18_rosemont-il-us,85,"zeke yeager // zeke, beast titan",aot02-015,Zekeing it Deacon style,life,3-4-0,3,4,0,3-4-0,3,4,0,0,1,60,10
2026-04-18_rosemont-il-us#86,2026-04-18_rosemont-il-us,86,"king ghidorah, three-headed monster",gdz01-011,Ghidorah 2 :),death,2-3-1,2,3,1,2-3-1,2,3,1,0,1,73,10
2026-04-18_rosemont-il-us#87,2026-04-18_rosemont-il-us,87,"destoroyah, perfect lifeform",gdz01-005,Lyle W Deck,water,2-5-1,2,5,1,2-5-1,2,5,1,0,1,62,10
2026-04-18_rosemont-il-us#88,2026-04-18_rosemont-il-us,88,"mechagodzilla, kiryu",cha03gmm-002,Mechagoodzilla,good,1-5-1 +1 bye,,,,1-5-1,1,5,1,0,1,66,10
2026-04-18_rosemont-il-us#89,2026-04-18_rosemont-il-us,89,bridget,ggs01-001,“I don’t think you’re ready for the facedown”,water,2-4-1,2,4,1,2-4-1,2,4,1,0,1,65,10
2026-04-18_rosemont-il-us#90,2026-04-18_rosemont-il-us,90,"anguirus, fierce dragon",gdz01-001,Anguine,earth,2-3-1,2,3,1,2-3-1,2,3,1,0,1,63,10
2026-04-18_rosemont-il-us#91,2026-04-18_rosemont-il-us,91,"zeke yeager, warchief",aot03-015,Zeke Warchief,life,1-5-1 +1 bye,,,,1-5-1,1,5,1,0,1,86,10
2026-04-18_rosemont-il-us#92,2026-04-18_rosemont-il-us,92,"benimaru, shooting star",kf0x-003,GOOD Beni,good,2-5-1,2,5,1,2-5-1,2,5,1,0,1,73,10
2026-04-18_rosemont-il-us#93,2026-04-18_rosemont-il-us,93,"hedorah, smog monster",gdz01-009,My little fart monster,earth,2-3-0,2,3,0,2-3-0,2,3,0,0,1,60,10
2026-04-18_rosemont-il-us#94,2026-04-18_rosemont-il-us,94,"jester lavorre, prankster priestess",crmn-001,Jester 1 (Chicago 2026),life,2-3-0,2,3,0,2-3-0,2,3,0,0,1,68,10
2026-04-18_rosemont-il-us#95,2026-04-18_rosemont-il-us,95,"gigan, space monster",gdz01-006,🔪🐔,air,2-4-0,2,4,0,2-4-0,2,4,0,0,1,60,10
2026-04-18_rosemont-il-us#96,2026-04-18_rosemont-il-us,96,"godzilla, titan of terror",gdz01-008,Matthew C Deck chiraq,earth,2-3-0,2,3,0,2-3-0,2,3,0,0,1,62,10
2026-04-18_rosemont-il-us#97,2026-04-18_rosemont-il-us,97,"hedorah, smog monster",gdz01-009,Hedorah,water,2-4-0,2,4,0,2-4-0,2,4,0,0,1,60,10
2026-04-18_rosemont-il-us#98,2026-04-18_rosemont-il-us,98,"mechagodzilla, modified type-3 kiryu",gdz01-012,Mecha type 3,order,2-5-0,2,5,0,2-5-0,2,5,0,0,1,60,10
2026-04-18_rosemont-il-us#99,2026-04-18_rosemont-il-us,99,"sung jinwoo, e rank hunter",sl01-001,What's gonna work? Teeaammwork! (SJW Round 1 Chicago Regional),death,1-3-0 +1 bye,,,,1-3-0,1,3,0,0,1,64,10
2026-04-18_rosemont-il-us#100,2026-04-18_rosemont-il-us,100,"jet jaguar, warrior of justice",gdz01-010,Carson P Deck,good,2-5-0,2,5,0,2-5-0,2,5,0,0,1,72,10
2026-04-18_rosemont-il-us#101,2026-04-18_rosemont-il-us,101,"jamie siu, peacekeeping breakdancer",sf60x-023,Chicago Jamie,air,2-4-0,2,4,0,2-4-0,2,4,0,0,1,65,10
2026-04-18_rosemont-il-us#102,2026-04-18_rosemont-il-us,102,"allura vysoren, arcanist of tal'dorei",cr02-001,Molly S Deck,chaos,1-6-0 +1 bye,,,,1-6-0,1,6,0,0,1,62,10
2026-04-18_rosemont-il-us#103,2026-04-18_rosemont-il-us,103,"king ghidorah, three-headed monster",gdz01-011,KG2,evil,1-6-0 +1 bye,,,,1-6-0,1,6,0,0,1,60,10
2026-04-18_rosemont-il-us#104,2026-04-18_rosemont-il-us,104,"sung jinwoo, e rank hunter",sl01-001,Arise Chicago,death,1-5-2,1,5,2,1-5-2,1,5,2,0,1,60,10
2026-04-18_rosemont-il-us#105,2026-04-18_rosemont-il-us,105,"mechagodzilla, modified type-3 kiryu",gdz01-012,Mecha G,order,1-4-2,1,4,2,1-4-2,1,4,2,0,1,73,0
2026-04-18_rosemont-il-us#106,2026-04-18_rosemont-il-us,106,"hedorah, smog monster",gdz01-009,Hedorah Detroit,water,1-4-1,1,4,1,1-4-1,1,4,1,0,1,65,10
2026-04-18_rosemont-il-us#107,2026-04-18_rosemont-il-us,107,bridget,ggs01-001,Bridget Chicago Regional '26 - Ben T,air,1-4-0,1,4,0,1-4-0,1,4,0,0,1,65,10
2026-04-18_rosemont-il-us#108,2026-04-18_rosemont-il-us,108,"godzilla, titan of terror",gdz01-008,TTP LC,earth,1-3-0,1,3,0,1-3-0,1,3,0,0,1,64,10
2026-04-18_rosemont-il-us#109,2026-04-18_rosemont-il-us,109,"anguirus, fierce dragon",gdz01-001,Angy Earth,earth,1-2-0,1,2,0,1-2-0,1,2,0,0,1,67,0
2026-04-18_rosemont-il-us#110,2026-04-18_rosemont-il-us,110,sol badguy,ggs01-008,Chaos Sol (Chicago v1),chaos,1-5-0,1,5,0,1-5-0,1,5,0,0,1,62,10
2026-04-18_rosemont-il-us#111,2026-04-18_rosemont-il-us,111,"pumat sol, magical proprietor",cr02-015,Ben M Deck,air,1-3-0,1,3,0,1-3-0,1,3,0,0,1,62,10
2026-04-18_rosemont-il-us#112,2026-04-18_rosemont-il-us,112,"anguirus, fierce dragon",gdz01-001,Marco S Deck,earth,1-3-0,1,3,0,1-3-0,1,3,0,0,1,63,10
2026-04-18_rosemont-il-us#113,2026-04-18_rosemont-il-us,113,"sam rutherford, devron racer",stk0x-068,Now this is podracing,order,1-4-0,1,4,0,1-4-0,1,4,0,0,1,60,10
2026-04-18_rosemont-il-us#114,2026-04-18_rosemont-il-us,114,"leatherhead, eager expat",tmnt01-005,Adult Swim,water,1-4-0,1,4,0,1-4-0,1,4,0,0,1,60,10
2026-04-18_rosemont-il-us#115,2026-04-18_rosemont-il-us,115,nick ragan,promo2025-052,LC Nick,all,0-0-0 +1 bye,,,,,,,,0,1,93,10
2026-04-18_rosemont-il-us#116,2026-04-18_rosemont-il-us,116,"reiner braun, marley’s shield // armored titan, finale",aot03-013,R3 BRRRR,order,0-2-2,0,2,2,0-2-2,0,2,2,0,1,66,10
2026-04-18_rosemont-il-us#117,2026-04-18_rosemont-il-us,117,"rodan, fire rodan",gdz01-014,Kiss From A Rodan,void,0-5-1,0,5,1,0-5-1,0,5,1,0,1,62,10
2026-04-18_rosemont-il-us#118,2026-04-18_rosemont-il-us,118,endeavor (iii),mha06-055,heroes will always clash,,0-0-1,0,0,1,0-0-1,0,0,1,0,1,63,10
2026-04-18_rosemont-il-us#119,2026-04-18_rosemont-il-us,119,mei hatsume,mha07-086,Snuggie  Deck,order,0-0-1,0,0,1,0-0-1,0,0,1,0,1,67,10
2026-04-18_rosemont-il-us#120,2026-04-18_rosemont-il-us,120,"mechagodzilla, modified type-3 kiryu",gdz01-012,Shiny Robo Boi,order,0-0-1,0,0,1,0-0-1,0,0,1,0,1,67,10
2026-04-18_rosemont-il-us#121,2026-04-18_rosemont-il-us,121,mimic (i),mha05-114,Tony Hevia Deck,,0-0-1,0,0,1,0-0-1,0,0,1,0,1,65,10
2026-04-18_rosemont-il-us#122,2026-04-18_rosemont-il-us,122,paul phoenix,tk801-043,????Order????,order,0-0-1,0,0,1,0-0-1,0,0,1,0,1,66,10
2026-04-18_rosemont-il-us#123,2026-04-18_rosemont-il-us,123,"bishop, robotics engineer",tmnt01-003,Jax Deck,void,0-0-1,0,0,1,0-0-1,0,0,1,0,1,86,10
2026-04-18_rosemont-il-us#124,2026-04-18_rosemont-il-us,124,"king ghidorah, emperor of the cosmos",cha03krm-001,"King Ghidorah, Emperor",evil,0-3-0,0,3,0,0-3-0,0,3,0,0,1,66,10
2026-04-18_rosemont-il-us#125,2026-04-18_rosemont-il-us,125,"jacob johnson, 2019 uk national champion",promo2026-002,Jacob J Deck,good,0-1-0,0,1,0,0-1-0,0,1,0,0,1,69,10
2026-05-02_alicante-es#1,2026-05-02_alicante-es,1,"reiner braun, marley’s shield // armored titan, finale",aot03-013,WUB,order,3-1-1,3,1,1,6-1-1,6,1,1,1,1,63,10
2026-05-02_alicante-es#2,2026-05-02_alicante-es,2,"sung jinwoo, e rank hunter",sl01-001,Kevin Torregrosa WT Deck,death,3-0-2,3,0,2,5-1-2,5,1,2,1,1,78,10
2026-05-02_alicante-es#3,2026-05-02_alicante-es,3,"anguirus, fierce dragon",gdz01-001,Anguirus Standard Earth,earth,2-0-3,2,0,3,3-1-3,3,1,3,1,1,61,10
2026-05-02_alicante-es#4,2026-05-02_alicante-es,4,"king ghidorah, emperor of the cosmos",cha03krm-001,Teo V Deck,evil,2-0-3,2,0,3,3-1-3,3,1,3,1,1,84,10
2026-05-02_alicante-es#5,2026-05-02_alicante-es,5,"anguirus, fierce dragon",gdz01-001,Alejandra🍍 ANGUIRUS,earth,2-1-2,2,1,2,2-2-2,2,2,2,1,1,60,10
2026-05-02_alicante-es#6,2026-05-02_alicante-es,6,"meitenkun, sleeping prodigy",kf0x-002,WT BUILD FREE,earth,2-1-2,2,1,2,2-2-2,2,2,2,1,1,67,10
2026-05-02_alicante-es#7,2026-05-02_alicante-es,7,"godzilla, titan of terror",gdz01-008,Ilygan Deck,earth,2-1-2,2,1,2,2-2-2,2,2,2,1,1,60,10
2026-05-02_alicante-es#8,2026-05-02_alicante-es,8,bridget,ggs01-001,Brisket Bun Deck,water,2-1-2,2,1,2,2-2-2,2,2,2,1,1,62,10
2026-05-02_alicante-es#9,2026-05-02_alicante-es,9,"gigan, space monster",gdz01-006,WT Deck ALEX,evil,2-2-1,2,2,1,2-2-1,2,2,1,0,1,60,0
2026-05-02_alicante-es#10,2026-05-02_alicante-es,10,"godzilla, titan of terror",gdz01-008,LAURA S Deck,earth,2-2-1,2,2,1,2-2-1,2,2,1,0,1,72,0
2026-05-02_alicante-es#11,2026-05-02_alicante-es,11,"mothra, divine moth",gdz01-013,mario S Deck,air,2-2-1,2,2,1,2-2-1,2,2,1,0,1,77,0
2026-05-02_alicante-es#12,2026-05-02_alicante-es,12,"reiner braun, marley’s shield // armored titan, finale",aot03-013,Paulino  Deck (reiner Chaos),chaos,2-3-0,2,3,0,2-3-0,2,3,0,0,1,82,10
2026-05-02_alicante-es#13,2026-05-02_alicante-es,13,"anguirus, fierce dragon",gdz01-001,David Díaz Deck,earth,1-3-1,1,3,1,1-3-1,1,3,1,0,1,71,10
2026-05-02_alicante-es#14,2026-05-02_alicante-es,14,"anguirus, fierce dragon",gdz01-001,Michel P Deck,earth,1-3-1,1,3,1,1-3-1,1,3,1,0,1,64,10
2026-05-02_alicante-es#15,2026-05-02_alicante-es,15,"reiner braun // reiner, armored titan",aot01-017,Burkino Deck destrucción,death,1-4-0,1,4,0,1-4-0,1,4,0,0,1,67,10
2026-05-02_alicante-es#16,2026-05-02_alicante-es,16,"godzilla, king of the monsters",cha03gmm-001,Godzilla Kaijus,earth,0-0-0 +1 bye,,,,,,,,0,1,60,10
2026-05-02_alicante-es#17,2026-05-02_alicante-es,17,ky kiske,ggs01-004,Julio Cesar Deck,order,0-5-0,0,5,0,0-5-0,0,5,0,0,1,66,10
2026-05-09_brownsburg-in-us#1,2026-05-09_brownsburg-in-us,1,"biollante, giant plant monster",gdz01-003,DisasterDan Deck,earth,3-1-1,3,1,1,6-1-1,6,1,1,1,1,70,10
2026-05-09_brownsburg-in-us#2,2026-05-09_brownsburg-in-us,2,"sasha blouse, food fanatic",aot02-014,Eat it Like it’s Fujiyama’s,chaos,2-1-1 +1 bye,,,,4-2-1,4,2,1,1,1,67,10
2026-05-09_brownsburg-in-us#3,2026-05-09_brownsburg-in-us,3,"godzilla, king of the monsters",cha03gmm-001,KotM,earth,4-0-1,4,0,1,5-1-1,5,1,1,1,1,63,0
2026-05-09_brownsburg-in-us#4,2026-05-09_brownsburg-in-us,4,"king ghidorah, three-headed monster",gdz01-011,Ghidorah TTP,death,3-0-2,3,0,2,4-1-2,4,1,2,1,1,67,10
2026-05-09_brownsburg-in-us#5,2026-05-09_brownsburg-in-us,5,"izuku midoriya, on the move // izuku midoriya, quirks unleashed",mha08-001,Midoriya 6 Good,good,3-1-1,3,1,1,3-2-1,3,2,1,1,1,81,0
2026-05-09_brownsburg-in-us#6,2026-05-09_brownsburg-in-us,6,"anguirus, fierce dragon",gdz01-001,Angy Earth,earth,3-2-0,3,2,0,3-3-0,3,3,0,1,1,66,10
2026-05-09_brownsburg-in-us#7,2026-05-09_brownsburg-in-us,7,"godzilla, titan of terror",gdz01-008,Where’d He Get the Bow,earth,3-2-0,3,2,0,3-3-0,3,3,0,1,1,68,10
2026-05-09_brownsburg-in-us#8,2026-05-09_brownsburg-in-us,8,"sung jinwoo, e rank hunter",sl01-001,Smoke Woo,death,3-2-0,3,2,0,3-3-0,3,3,0,1,1,76,10
2026-05-09_brownsburg-in-us#9,2026-05-09_brownsburg-in-us,9,"pumat sol, magical proprietor",cr02-015,A Bargain You Say,order,2-1-2,2,1,2,2-1-2,2,1,2,0,1,63,10
2026-05-09_brownsburg-in-us#10,2026-05-09_brownsburg-in-us,10,mt. lady,mha07-064,Aiden L Deck,chaos,2-2-1,2,2,1,2-2-1,2,2,1,0,1,64,10
2026-05-09_brownsburg-in-us#11,2026-05-09_brownsburg-in-us,11,"godzilla, shin godzilla",gdz01-007,IDtenTango Deck,death,2-2-1,2,2,1,2-2-1,2,2,1,0,1,66,0
2026-05-09_brownsburg-in-us#12,2026-05-09_brownsburg-in-us,12,"godzilla, titan of terror",gdz01-008,Gregory R Deck,earth,2-2-1,2,2,1,2-2-1,2,2,1,0,1,66,10
2026-05-09_brownsburg-in-us#13,2026-05-09_brownsburg-in-us,13,"meitenkun, sleeping prodigy",kf0x-002,"$5 for looking, $10 for reading",earth,2-3-0,2,3,0,2-3-0,2,3,0,0,1,74,10
2026-05-09_brownsburg-in-us#14,2026-05-09_brownsburg-in-us,14,"godzilla, king of the monsters",cha03gmm-001,Jonathan G Deck,chaos,1-2-2,1,2,2,1-2-2,1,2,2,0,1,71,0
2026-05-09_brownsburg-in-us#15,2026-05-09_brownsburg-in-us,15,"gigan, space monster",gdz01-006,Gigan Air,air,1-3-1,1,3,1,1-3-1,1,3,1,0,1,85,10
2026-05-09_brownsburg-in-us#16,2026-05-09_brownsburg-in-us,16,"rocksteady, easily angered",tmnt01-011,Karl H Deck,earth,0-4-0 +1 bye,,,,0-4-0,0,4,0,0,1,63,0
2026-05-09_brownsburg-in-us#17,2026-05-09_brownsburg-in-us,17,"ryu, world warrior",sf60x-001,Jonathan W Deck,fire,0-2-3,0,2,3,0-2-3,0,2,3,0,1,61,0
2026-05-09_brownsburg-in-us#18,2026-05-09_brownsburg-in-us,18,"vax’ildan, dagger master",cr02-018,alliedBspex Deck,death,0-4-1,0,4,1,0-4-1,0,4,1,0,1,73,0
2026-05-09_brownsburg-in-us#19,2026-05-09_brownsburg-in-us,19,sol badguy,ggs01-008,Terry D Deck,chaos,0-2-0,0,2,0,0-2-0,0,2,0,0,1,60,0
2026-05-09_elgin-township-il-us#1,2026-05-09_elgin-township-il-us,1,"annie leonhart, awakened // female titan, finale",aot03-001,Bhg lc r2,death,3-0-1,3,0,1,5-0-1,5,0,1,1,1,60,10
2026-05-09_elgin-township-il-us#2,2026-05-09_elgin-township-il-us,2,"king ghidorah, three-headed monster",gdz01-011,Juicy G,death,3-1-0,3,1,0,4-2-0,4,2,0,1,1,60,10
2026-05-09_elgin-township-il-us#3,2026-05-09_elgin-township-il-us,3,"rodan, giant monster of the sky",cha03krm-003,Air Rodan,air,3-0-1,3,0,1,3-1-1,3,1,1,1,1,60,10
2026-05-09_elgin-township-il-us#4,2026-05-09_elgin-township-il-us,4,"godzilla, titan of terror",gdz01-008,River Deck,earth,3-1-0,3,1,0,3-2-0,3,2,0,1,1,63,10
2026-05-09_elgin-township-il-us#5,2026-05-09_elgin-township-il-us,5,"reiner braun, marley’s shield // armored titan, finale",aot03-013,Boar's Hat Gaming's Shield May 9th LC Round 2,chaos,2-2-0,2,2,0,2-2-0,2,2,0,0,1,62,10
2026-05-09_elgin-township-il-us#6,2026-05-09_elgin-township-il-us,6,"isla, dreaming brilliance",kf0x-023,Isla Chicago Regionals,life,2-2-0,2,2,0,2-2-0,2,2,0,0,1,71,10
2026-05-09_elgin-township-il-us#7,2026-05-09_elgin-township-il-us,7,"rodan, giant monster of the sky",cha03krm-003,Boars Hat air rodan,air,2-2-0,2,2,0,2-2-0,2,2,0,0,1,60,10
2026-05-09_elgin-township-il-us#8,2026-05-09_elgin-township-il-us,8,bridget,ggs01-001,Captain Insano Shows No Mercy,water,2-2-0,2,2,0,2-2-0,2,2,0,0,1,64,10
2026-05-09_elgin-township-il-us#9,2026-05-09_elgin-township-il-us,9,"jamie siu, peacekeeping breakdancer",sf60x-023,Jimbo,air,2-2-0,2,2,0,2-2-0,2,2,0,0,1,60,10
2026-05-09_elgin-township-il-us#10,2026-05-09_elgin-township-il-us,10,"ryu, world warrior",sf60x-001,Spencer (#1 Momo fan) Deck,void,2-2-0,2,2,0,2-2-0,2,2,0,0,1,62,10
2026-05-09_elgin-township-il-us#11,2026-05-09_elgin-township-il-us,11,"mechagodzilla, kiryu",cha03gmm-002,Mechagodzilla,earth,1-3-0,1,3,0,1-3-0,1,3,0,0,1,68,10
2026-05-09_elgin-township-il-us#12,2026-05-09_elgin-township-il-us,12,sol badguy,ggs01-008,SOL BROTHA,chaos,1-3-0,1,3,0,1-3-0,1,3,0,0,1,60,10
2026-05-09_elgin-township-il-us#13,2026-05-09_elgin-township-il-us,13,paul phoenix,tk801-043,Geo Castle Deck,all,1-3-0,1,3,0,1-3-0,1,3,0,0,1,63,10
2026-05-09_elgin-township-il-us#14,2026-05-09_elgin-township-il-us,14,krista lenz,aot01-013,Krista,order,1-0-0,1,0,0,1-0-0,1,0,0,0,1,63,10
2026-05-09_elgin-township-il-us#15,2026-05-09_elgin-township-il-us,15,"godzilla, king of the monsters",cha03gmm-001,Godzilla,chaos,0-1-0,0,1,0,0-1-0,0,1,0,0,1,62,10
2026-05-09_elgin-township-il-us#16,2026-05-09_elgin-township-il-us,16,nicholas d. wolfwood,ts01-002,Spotless Deck,fire,0-4-0,0,4,0,0-4-0,0,4,0,0,1,60,0
2026-05-09_fairfax-va-us#1,2026-05-09_fairfax-va-us,1,"mikasa ackerman, hizuru’s hope",aot03-010,Trust me with your entertainment,air,3-0-1,3,0,1,3-0-1,3,0,1,0,1,62,10
2026-05-09_fairfax-va-us#2,2026-05-09_fairfax-va-us,2,"reiner braun, marley’s shield // armored titan, finale",aot03-013,Carry me Wub,order,3-0-1,3,0,1,3-0-1,3,0,1,0,1,61,10
2026-05-09_fairfax-va-us#3,2026-05-09_fairfax-va-us,3,"hedorah, smog monster",gdz01-009,Simple Smog,earth,2-0-2,2,0,2,2-0-2,2,0,2,0,1,63,0
2026-05-09_fairfax-va-us#4,2026-05-09_fairfax-va-us,4,"zeke yeager, warchief",aot03-015,Zekezilla,life,2-1-1,2,1,1,2-1-1,2,1,1,0,1,75,10
2026-05-09_fairfax-va-us#5,2026-05-09_fairfax-va-us,5,"reiner braun, marley’s shield // armored titan, finale",aot03-013,Dominic B Deck,order,2-2-0,2,2,0,2-2-0,2,2,0,0,1,62,10
2026-05-09_fairfax-va-us#6,2026-05-09_fairfax-va-us,6,"godzilla, titan of terror",gdz01-008,Darwin H Deck,earth,1-2-1,1,2,1,1-2-1,1,2,1,0,1,60,10
2026-05-09_fairfax-va-us#7,2026-05-09_fairfax-va-us,7,"vex’ahlia, resourceful hunter",crvm-002,Molly S - Vex,air,1-2-1,1,2,1,1-2-1,1,2,1,0,1,62,10
2026-05-09_fairfax-va-us#8,2026-05-09_fairfax-va-us,8,"godzilla, shin godzilla",gdz01-007,Shin Godzilla,life,1-2-1,1,2,1,1-2-1,1,2,1,0,1,65,10
2026-05-09_fairfax-va-us#9,2026-05-09_fairfax-va-us,9,"reiner braun, marley’s shield // armored titan, finale",aot03-013,Reiner Deck,order,0-2-2,0,2,2,0-2-2,0,2,2,0,1,62,10
2026-05-09_fairfax-va-us#10,2026-05-09_fairfax-va-us,10,nejire hado,mha07-094,Miderie,air,0-2-2,0,2,2,0-2-2,0,2,2,0,1,88,0
2026-05-09_fairfax-va-us#11,2026-05-09_fairfax-va-us,11,"godzilla, king of the monsters",cha03gmm-001,"Godzilla, King Of The Monsters",chaos,0-1-0,0,1,0,0-1-0,0,1,0,0,1,60,0
2026-05-09_fairfax-va-us#12,2026-05-09_fairfax-va-us,12,"godzilla, shin godzilla",gdz01-007,,,0-1-0,0,1,0,0-1-0,0,1,0,0,1,60,0
2026-05-09_fletcher-nc-us#1,2026-05-09_fletcher-nc-us,1,"reiner braun, marley’s shield // armored titan, finale",aot03-013,DBLC Ethan Q,order,4-0-1,4,0,1,7-0-1,7,0,1,1,1,62,10
2026-05-09_fletcher-nc-us#2,2026-05-09_fletcher-nc-us,2,"reiner braun, marley’s shield // armored titan, finale",aot03-013,Reiner 3 Order,order,2-0-2 +1 bye,,,,4-1-2,4,1,2,1,1,60,10
2026-05-09_fletcher-nc-us#3,2026-05-09_fletcher-nc-us,3,"godzilla, titan of terror",gdz01-008,Steven Stills Deck,earth,4-1-0,4,1,0,5-2-0,5,2,0,1,1,65,10
2026-05-09_fletcher-nc-us#4,2026-05-09_fletcher-nc-us,4,"reiner braun, marley’s shield // armored titan, finale",aot03-013,Reiner 3,order,3-1-1,3,1,1,4-2-1,4,2,1,1,1,62,10
2026-05-09_fletcher-nc-us#5,2026-05-09_fletcher-nc-us,5,"godzilla, titan of terror",gdz01-008,4check breaker 9 pumat,earth,3-1-1,3,1,1,3-2-1,3,2,1,1,1,62,10
2026-05-09_fletcher-nc-us#6,2026-05-09_fletcher-nc-us,6,"godzilla, titan of terror",gdz01-008,Meta Riding,earth,3-1-1,3,1,1,3-2-1,3,2,1,1,1,65,10
2026-05-09_fletcher-nc-us#7,2026-05-09_fletcher-nc-us,7,"meitenkun, sleeping prodigy",kf0x-002,Sleepy,earth,3-1-1,3,1,1,3-2-1,3,2,1,1,1,60,10
2026-05-09_fletcher-nc-us#8,2026-05-09_fletcher-nc-us,8,"pumat sol, magical proprietor",cr02-015,Jorge R Deck,order,3-2-0,3,2,0,3-3-0,3,3,0,1,1,60,10
2026-05-09_fletcher-nc-us#9,2026-05-09_fletcher-nc-us,9,woman,mha07-110,Woman in 2026,void,2-1-2,2,1,2,2-1-2,2,1,2,0,1,60,10
2026-05-09_fletcher-nc-us#10,2026-05-09_fletcher-nc-us,10,"grog strongjaw, mighty half-giant",cr02-007,We do a lil Dmg Reduction,earth,2-1-2,2,1,2,2-1-2,2,1,2,0,1,64,10
2026-05-09_fletcher-nc-us#11,2026-05-09_fletcher-nc-us,11,"pumat sol, magical proprietor",cr02-015,Rocky M Deck,air,2-1-2,2,1,2,2-1-2,2,1,2,0,1,62,10
2026-05-09_fletcher-nc-us#12,2026-05-09_fletcher-nc-us,12,"king ghidorah, three-headed monster",gdz01-011,ghidorah but mikey gave me battle auras,death,2-2-1,2,2,1,2-2-1,2,2,1,0,1,72,10
2026-05-09_fletcher-nc-us#13,2026-05-09_fletcher-nc-us,13,"king ghidorah, three-headed monster",gdz01-011,Ghidorah,death,1-2-1 +1 bye,,,,1-2-1,1,2,1,0,1,75,10
2026-05-09_fletcher-nc-us#14,2026-05-09_fletcher-nc-us,14,"pumat sol, magical proprietor",cr02-015,"Pumat Sol, Monster Shopkeeper",air,2-3-0,2,3,0,2-3-0,2,3,0,0,1,75,10
2026-05-09_fletcher-nc-us#15,2026-05-09_fletcher-nc-us,15,ibara shiozaki (i),mha07-187,Gavin Kale Deck,earth,2-3-0,2,3,0,2-3-0,2,3,0,0,1,60,10
2026-05-09_fletcher-nc-us#16,2026-05-09_fletcher-nc-us,16,"reiner braun, marley’s shield // armored titan, finale",aot03-013,I dont want to play this.,order,1-2-2,1,2,2,1-2-2,1,2,2,0,1,65,10
2026-05-09_fletcher-nc-us#17,2026-05-09_fletcher-nc-us,17,"pumat sol, magical proprietor",cr02-015,Tufenuf Deck,order,0-3-0 +1 bye,,,,0-3-0,0,3,0,0,1,60,0
2026-05-09_fletcher-nc-us#18,2026-05-09_fletcher-nc-us,18,"sung jinwoo, e rank hunter",sl01-001,Randy T Regional,life,1-2-0,1,2,0,1-2-0,1,2,0,0,1,72,0
2026-05-09_fletcher-nc-us#19,2026-05-09_fletcher-nc-us,19,"godzilla, king of the monsters",cha03gmm-001,Melonsodayoshi Deck,earth,0-4-0 +1 bye,,,,0-4-0,0,4,0,0,1,69,0
2026-05-09_fletcher-nc-us#20,2026-05-09_fletcher-nc-us,20,"rodan, fire rodan",gdz01-014,Fire Rodan,void,1-3-0,1,3,0,1-3-0,1,3,0,0,1,63,10
2026-05-09_fletcher-nc-us#21,2026-05-09_fletcher-nc-us,21,"mothra, divine moth",gdz01-013,Mommy moth,air,0-2-2,0,2,2,0-2-2,0,2,2,0,1,77,10
2026-05-09_fletcher-nc-us#22,2026-05-09_fletcher-nc-us,22,"godzilla, titan of terror",gdz01-008,Titan of terror,earth,0-2-1,0,2,1,0-2-1,0,2,1,0,1,67,10
2026-05-09_fletcher-nc-us#23,2026-05-09_fletcher-nc-us,23,"biollante, giant plant monster",gdz01-003,Robert M Deck,water,0-3-0,0,3,0,0-3-0,0,3,0,0,1,76,0
2026-05-09_gatineau-qc-ca#1,2026-05-09_gatineau-qc-ca,1,"jamie siu, peacekeeping breakdancer",sf60x-023,Angry Drunk,air,3-1-0,3,1,0,5-1-0,5,1,0,1,1,73,10
2026-05-09_gatineau-qc-ca#2,2026-05-09_gatineau-qc-ca,2,"king ghidorah, three-headed monster",gdz01-011,Jean-Michel Deck,all,4-0-0,4,0,0,5-1-0,5,1,0,1,1,60,10
2026-05-09_gatineau-qc-ca#3,2026-05-09_gatineau-qc-ca,3,kinoko komori,mha07-082,Magic mushrooms 🍄,earth,3-1-0,3,1,0,3-2-0,3,2,0,1,1,69,10
2026-05-09_gatineau-qc-ca#4,2026-05-09_gatineau-qc-ca,4,"beauregard lionett, expositor",cr02-002,Beau+ToT,earth,2-1-1,2,1,1,2-2-1,2,2,1,1,1,72,10
2026-05-09_gatineau-qc-ca#5,2026-05-09_gatineau-qc-ca,5,"godzilla, titan of terror",gdz01-008,RiseOfNorthSheep Deck,earth,2-1-1,2,1,1,2-1-1,2,1,1,0,1,72,0
2026-05-09_gatineau-qc-ca#6,2026-05-09_gatineau-qc-ca,6,sol badguy,ggs01-008,Sol BadGuy Chaos,chaos,2-2-0,2,2,0,2-2-0,2,2,0,0,1,67,10
2026-05-09_gatineau-qc-ca#7,2026-05-09_gatineau-qc-ca,7,"hedorah, smog monster",gdz01-009,silverKnight395 Deck,earth,2-2-0,2,2,0,2-2-0,2,2,0,0,1,68,10
2026-05-09_gatineau-qc-ca#8,2026-05-09_gatineau-qc-ca,8,"reiner braun, marley’s shield // armored titan, finale",aot03-013,R3 V2,order,1-2-0 +1 bye,,,,1-2-0,1,2,0,0,1,62,10
2026-05-09_gatineau-qc-ca#9,2026-05-09_gatineau-qc-ca,9,burning godzilla,gdz01-004,Godzilla on Fire,earth,1-0-3,1,0,3,1-0-3,1,0,3,0,1,87,10
2026-05-09_gatineau-qc-ca#10,2026-05-09_gatineau-qc-ca,10,bridget,ggs01-001,Rachel G Deck,water,0-2-1 +1 bye,,,,0-2-1,0,2,1,0,1,62,10
2026-05-09_gatineau-qc-ca#11,2026-05-09_gatineau-qc-ca,11,"jin kazama, lightning of fate",tk801-001,Luc L Deck,air,0-3-0 +1 bye,,,,0-3-0,0,3,0,0,1,74,0
2026-05-09_gatineau-qc-ca#12,2026-05-09_gatineau-qc-ca,12,"caduceus clay, insightful caretaker",cr02-003,Cad and Friends,life,0-3-0 +1 bye,,,,0-3-0,0,3,0,0,1,73,0
2026-05-09_gatineau-qc-ca#13,2026-05-09_gatineau-qc-ca,13,"zeke yeager, warchief",aot03-015,Pierre-Francois B Deck,life,0-2-2,0,2,2,0-2-2,0,2,2,0,1,73,10
2026-05-09_grand-j-games-au#1,2026-05-09_grand-j-games-au,1,"grog strongjaw, mighty half-giant",cr02-007,Josh T Deck,earth,3-1-0,3,1,0,5-1-0,5,1,0,1,1,66,10
2026-05-09_grand-j-games-au#2,2026-05-09_grand-j-games-au,2,"grog strongjaw, mighty half-giant",cr02-007,Death Grog,death,3-0-1,3,0,1,4-1-1,4,1,1,1,1,65,10
2026-05-09_grand-j-games-au#3,2026-05-09_grand-j-games-au,3,"hedorah, smog monster",gdz01-009,Balanced?,water,2-0-2,2,0,2,2-1-2,2,1,2,1,1,60,10
2026-05-09_grand-j-games-au#4,2026-05-09_grand-j-games-au,4,hange zoë,aot01-010,Hange Life,life,1-1-1 +1 bye,,,,1-2-1,1,2,1,1,1,64,10
2026-05-09_grand-j-games-au#5,2026-05-09_grand-j-games-au,5,"reiner braun, marley’s shield // armored titan, finale",aot03-013,baa baa meta sheep put me to sleep,order,2-1-1,2,1,1,2-1-1,2,1,1,0,1,62,10
2026-05-09_grand-j-games-au#6,2026-05-09_grand-j-games-au,6,mei hatsume,mha07-086,Mei 2,order,2-1-1,2,1,1,2-1-1,2,1,1,0,1,66,10
2026-05-09_grand-j-games-au#7,2026-05-09_grand-j-games-au,7,"sasha blouse, food fanatic",aot02-014,Nom Nom Nom,chaos,2-2-0,2,2,0,2-2-0,2,2,0,0,1,70,10
2026-05-09_grand-j-games-au#8,2026-05-09_grand-j-games-au,8,ashley fullerton,promo2025-097,S2LC deck,water,1-2-1,1,2,1,1-2-1,1,2,1,0,1,79,10
2026-05-09_grand-j-games-au#9,2026-05-09_grand-j-games-au,9,harley quinn,promo2024-004,Jye W Deck,all,0-3-0 +1 bye,,,,0-3-0,0,3,0,0,1,71,10
2026-05-09_grand-j-games-au#10,2026-05-09_grand-j-games-au,10,"jester lavorre, prankster priestess",crmn-001,Live Laugh Lavorre,chaos,0-2-0 +1 bye,,,,0-2-0,0,2,0,0,1,66,10
2026-05-09_grand-j-games-au#11,2026-05-09_grand-j-games-au,11,devil jin,tk801-040,Devil Jin,chaos,0-3-1,0,3,1,0-3-1,0,3,1,0,1,62,0
2026-05-09_lubbock-tx-us#1,2026-05-09_lubbock-tx-us,1,"mothra, divine moth",gdz01-013,Lubbock LC Mothra (Matthew A),air,3-1-1,3,1,1,5-1-1,5,1,1,1,1,80,10
2026-05-09_lubbock-tx-us#2,2026-05-09_lubbock-tx-us,2,"godzilla, shin godzilla",gdz01-007,Godzilla Local 2,chaos,3-0-2,3,0,2,4-1-2,4,1,2,1,1,70,10
2026-05-09_lubbock-tx-us#3,2026-05-09_lubbock-tx-us,3,"king ghidorah, three-headed monster",gdz01-011,KG1,death,3-0-2,3,0,2,3-1-2,3,1,2,1,1,69,10
2026-05-09_lubbock-tx-us#4,2026-05-09_lubbock-tx-us,4,"battra, beast of destruction",gdz01-002,Dayton S Deck,air,3-1-1,3,1,1,3-2-1,3,2,1,1,1,69,10
2026-05-09_lubbock-tx-us#5,2026-05-09_lubbock-tx-us,5,"biollante, giant plant monster",gdz01-003,Plant Boiiiiii,earth,3-1-1,3,1,1,3-1-1,3,1,1,0,1,68,10
2026-05-09_lubbock-tx-us#6,2026-05-09_lubbock-tx-us,6,mitchell cimino,promo2025-053,Mitch Worlds 2025,order,3-1-1,3,1,1,3-1-1,3,1,1,0,1,68,10
2026-05-09_lubbock-tx-us#7,2026-05-09_lubbock-tx-us,7,"annie leonhart, awakened // female titan, finale",aot03-001,David Tombs Deck,death,3-2-0,3,2,0,3-2-0,3,2,0,0,1,65,10
2026-05-09_lubbock-tx-us#8,2026-05-09_lubbock-tx-us,8,"anguirus, fierce dragon",gdz01-001,Earth Anky,earth,3-2-0,3,2,0,3-2-0,3,2,0,0,1,63,0
2026-05-09_lubbock-tx-us#9,2026-05-09_lubbock-tx-us,9,"king ghidorah, three-headed monster",gdz01-011,Cayden G Deck,death,2-0-3,2,0,3,2-0-3,2,0,3,0,1,63,10
2026-05-09_lubbock-tx-us#10,2026-05-09_lubbock-tx-us,10,"sung jinwoo, e rank hunter",sl01-001,LC 2,life,2-1-2,2,1,2,2-1-2,2,1,2,0,1,70,10
2026-05-09_lubbock-tx-us#11,2026-05-09_lubbock-tx-us,11,krista lenz,aot01-013,Krista Lenz Season 2 LC,order,2-2-1,2,2,1,2-2-1,2,2,1,0,1,60,10
2026-05-09_lubbock-tx-us#12,2026-05-09_lubbock-tx-us,12,"godzilla, titan of terror",gdz01-008,Titan of Terror LC,earth,1-2-1 +1 bye,,,,1-2-1,1,2,1,0,1,65,10
2026-05-09_lubbock-tx-us#13,2026-05-09_lubbock-tx-us,13,"godzilla, titan of terror",gdz01-008,Mr.Bean Deck,earth,2-3-0,2,3,0,2-3-0,2,3,0,0,1,63,10
2026-05-09_lubbock-tx-us#14,2026-05-09_lubbock-tx-us,14,"leatherhead, eager expat",tmnt01-005,Brady Deck,water,2-3-0,2,3,0,2-3-0,2,3,0,0,1,65,0
2026-05-09_lubbock-tx-us#15,2026-05-09_lubbock-tx-us,15,"meitenkun, sleeping prodigy",kf0x-002,SleepyBoi,earth,2-3-0,2,3,0,2-3-0,2,3,0,0,1,63,10
2026-05-09_lubbock-tx-us#16,2026-05-09_lubbock-tx-us,16,"rodan, fire rodan",gdz01-014,William Deck,void,2-3-0,2,3,0,2-3-0,2,3,0,0,1,67,10
2026-05-09_lubbock-tx-us#17,2026-05-09_lubbock-tx-us,17,"mechagodzilla, kiryu",cha03gmm-002,robot  Deck,earth,0-3-1 +1 bye,,,,0-3-1,0,3,1,0,1,69,10
2026-05-09_lubbock-tx-us#18,2026-05-09_lubbock-tx-us,18,vash the stampede,ts01-001,Vash,all,1-3-0,1,3,0,1-3-0,1,3,0,0,1,70,10
2026-05-09_lubbock-tx-us#19,2026-05-09_lubbock-tx-us,19,"scanlan shorthalt, devious troubadour",cr02-016,Ashton J Deck,order,0-4-0 +1 bye,,,,0-4-0,0,4,0,0,1,71,10
2026-05-09_lubbock-tx-us#20,2026-05-09_lubbock-tx-us,20,"sung jinwoo, e rank hunter",sl01-001,Royal_Butterfly_7198 Deck,death,0-4-0 +1 bye,,,,0-4-0,0,4,0,0,1,63,10
2026-05-09_lubbock-tx-us#21,2026-05-09_lubbock-tx-us,21,"spacegodzilla, bio-quartz monster",gdz01-015,Saikyo-crusher Deck,evil,0-1-2,0,1,2,0-1-2,0,1,2,0,1,60,10
2026-05-09_pittsburg-ca-us#1,2026-05-09_pittsburg-ca-us,1,"ymir // ymir, jaw titan",aot01-020,Ymir 2026,life,3-0-1,3,0,1,5-0-1,5,0,1,1,1,60,10
2026-05-09_pittsburg-ca-us#2,2026-05-09_pittsburg-ca-us,2,pony tsunotori,mha07-098,The Pony Cabal Rides Again,earth,3-1-0,3,1,0,4-2-0,4,2,0,1,1,65,10
2026-05-09_pittsburg-ca-us#3,2026-05-09_pittsburg-ca-us,3,"jamie siu, peacekeeping breakdancer",sf60x-023,Water Bending Jamie,water,3-1-0,3,1,0,3-2-0,3,2,0,1,1,62,10
2026-05-09_pittsburg-ca-us#4,2026-05-09_pittsburg-ca-us,4,"reiner braun, marley’s shield // armored titan, finale",aot03-013,Shield,order,3-1-0,3,1,0,3-2-0,3,2,0,1,1,62,10
2026-05-09_pittsburg-ca-us#5,2026-05-09_pittsburg-ca-us,5,"mothra, divine moth",gdz01-013,William B Deck,air,2-0-2,2,0,2,2-0-2,2,0,2,0,1,62,10
2026-05-09_pittsburg-ca-us#6,2026-05-09_pittsburg-ca-us,6,"godzilla, king of the monsters",cha03gmm-001,Las Vegae chaos,chaos,2-2-0,2,2,0,2-2-0,2,2,0,0,1,60,10
2026-05-09_pittsburg-ca-us#7,2026-05-09_pittsburg-ca-us,7,woman,mha07-110,Ricky-san Deck,void,2-2-0,2,2,0,2-2-0,2,2,0,0,1,66,10
2026-05-09_pittsburg-ca-us#8,2026-05-09_pittsburg-ca-us,8,nick ragan,promo2025-052,S2 LC Nick Ragan,all,2-2-0,2,2,0,2-2-0,2,2,0,0,1,93,10
2026-05-09_pittsburg-ca-us#9,2026-05-09_pittsburg-ca-us,9,"meitenkun, sleeping prodigy",kf0x-002,King of Naps,earth,2-2-0,2,2,0,2-2-0,2,2,0,0,1,63,10
2026-05-09_pittsburg-ca-us#10,2026-05-09_pittsburg-ca-us,10,"anguirus, fierce dragon",gdz01-001,Angrius,earth,1-1-2,1,1,2,1-1-2,1,1,2,0,1,65,10
2026-05-09_pittsburg-ca-us#11,2026-05-09_pittsburg-ca-us,11,"godzilla, titan of terror",gdz01-008,One Last Ride,earth,1-2-1,1,2,1,1-2-1,1,2,1,0,1,67,10
2026-05-09_pittsburg-ca-us#12,2026-05-09_pittsburg-ca-us,12,kyoka jiro,mha07-019,Jiro 3 D2,good,1-2-1,1,2,1,1-2-1,1,2,1,0,1,68,10
2026-05-09_pittsburg-ca-us#13,2026-05-09_pittsburg-ca-us,13,"rocksteady, easily angered",tmnt01-011,You Can't See Me!,earth,1-2-1,1,2,1,1-2-1,1,2,1,0,1,66,10
2026-05-09_pittsburg-ca-us#14,2026-05-09_pittsburg-ca-us,14,"reiner braun, marley’s shield // armored titan, finale",aot03-013,RoK Reiner 3 ORDER,order,1-3-0,1,3,0,1-3-0,1,3,0,0,1,62,10
2026-05-09_pittsburg-ca-us#15,2026-05-09_pittsburg-ca-us,15,"rodan, giant monster of the sky",cha03krm-003,Andrei Deck,air,1-3-0,1,3,0,1-3-0,1,3,0,0,1,68,0
2026-05-09_pittsburg-ca-us#16,2026-05-09_pittsburg-ca-us,16,"zeke yeager // zeke, beast titan",aot02-015,Backing up,life,0-4-0,0,4,0,0-4-0,0,4,0,0,1,63,10
2026-05-09_wynne-ar-us#1,2026-05-09_wynne-ar-us,1,"reiner braun, marley’s shield // armored titan, finale",aot03-013,NEEEWWWWW ACHIEVEMENT!! Playing the Meta!,order,3-1-1,3,1,1,6-1-1,6,1,1,1,1,62,10
2026-05-09_wynne-ar-us#2,2026-05-09_wynne-ar-us,2,"reiner braun, marley’s shield // armored titan, finale",aot03-013,reiner i should just be on order,chaos,3-1-1,3,1,1,5-2-1,5,2,1,1,1,64,10
2026-05-09_wynne-ar-us#3,2026-05-09_wynne-ar-us,3,"godzilla, titan of terror",gdz01-008,Godzilla ToT,earth,4-0-1,4,0,1,5-1-1,5,1,1,1,1,60,10
2026-05-09_wynne-ar-us#4,2026-05-09_wynne-ar-us,4,"jacob johnson, 2019 uk national champion",promo2026-002,JJ,water,2-1-2,2,1,2,3-2-2,3,2,2,1,1,71,10
2026-05-09_wynne-ar-us#5,2026-05-09_wynne-ar-us,5,"godzilla, titan of terror",gdz01-008,Trey M Deck,earth,3-1-1,3,1,1,3-2-1,3,2,1,1,1,60,10
2026-05-09_wynne-ar-us#6,2026-05-09_wynne-ar-us,6,"king ghidorah, three-headed monster",gdz01-011,Michael R Deck,all,3-2-0,3,2,0,3-3-0,3,3,0,1,1,64,10
2026-05-09_wynne-ar-us#7,2026-05-09_wynne-ar-us,7,"godzilla, king of the monsters",cha03gmm-001,Cryptid Gaming Deck,earth,2-2-1,2,2,1,2-3-1,2,3,1,1,1,61,0
2026-05-09_wynne-ar-us#8,2026-05-09_wynne-ar-us,8,"sung jinwoo, e rank hunter",sl01-001,Lunar_Razor Deck,death,2-2-1,2,2,1,2-3-1,2,3,1,1,1,66,10
2026-05-09_wynne-ar-us#9,2026-05-09_wynne-ar-us,9,burning godzilla,gdz01-004,James M Deck,void,1-0-4,1,0,4,1-0-4,1,0,4,0,1,91,10
2026-05-09_wynne-ar-us#10,2026-05-09_wynne-ar-us,10,"biollante, giant plant monster",gdz01-003,Bio Class Taught By Ms Frizzle,water,2-2-1,2,2,1,2-2-1,2,2,1,0,1,63,10
2026-05-09_wynne-ar-us#11,2026-05-09_wynne-ar-us,11,"reiner braun, marley’s shield // armored titan, finale",aot03-013,Lane S Deck,order,2-3-0,2,3,0,2-3-0,2,3,0,0,1,63,10
2026-05-09_wynne-ar-us#12,2026-05-09_wynne-ar-us,12,"hedorah, smog monster",gdz01-009,Hedorah,earth,2-3-0,2,3,0,2-3-0,2,3,0,0,1,74,0
2026-05-09_wynne-ar-us#13,2026-05-09_wynne-ar-us,13,"godzilla, titan of terror",gdz01-008,S. Callahan Deck,earth,1-2-2,1,2,2,1-2-2,1,2,2,0,1,72,0
2026-05-09_wynne-ar-us#14,2026-05-09_wynne-ar-us,14,"jet jaguar, warrior of justice",gdz01-010,Jet,good,1-3-1,1,3,1,1-3-1,1,3,1,0,1,71,10
2026-05-09_wynne-ar-us#15,2026-05-09_wynne-ar-us,15,nagoriyuki,ggs01-006,Isn’t the Blood Supposed To Be On The Inside?,all,1-4-0,1,4,0,1-4-0,1,4,0,0,1,62,10
2026-05-09_wynne-ar-us#16,2026-05-09_wynne-ar-us,16,,,,,,,,,,,,,0,0,0,0
2026-05-09_wynne-ar-us#17,2026-05-09_wynne-ar-us,17,"meitenkun, sleeping prodigy",kf0x-002,Eepy Boi,earth,0-5-0,0,5,0,0-5-0,0,5,0,0,1,70,0
2026-05-10_broken-arrow-ok-us#1,2026-05-10_broken-arrow-ok-us,1,"godzilla, titan of terror",gdz01-008,TOT,earth,3-0-0,3,0,0,3-0-0,3,0,0,0,1,60,10
2026-05-10_broken-arrow-ok-us#2,2026-05-10_broken-arrow-ok-us,2,smiling titan,aot01-019,Grim Grinning,life,2-0-1,2,0,1,2-0-1,2,0,1,0,1,62,10
2026-05-10_broken-arrow-ok-us#3,2026-05-10_broken-arrow-ok-us,3,"hiei, dragon within",yyhdt-037,Olen Deck,void,0-1-1 +1 bye,,,,0-1-1,0,1,1,0,1,64,10
2026-05-10_broken-arrow-ok-us#4,2026-05-10_broken-arrow-ok-us,4,woman,mha07-110,Woman!,void,0-2-0 +1 bye,,,,0-2-0,0,2,0,0,1,64,10
2026-05-10_broken-arrow-ok-us#5,2026-05-10_broken-arrow-ok-us,5,"caduceus clay, insightful caretaker",cr02-003,Tea with Friends Heals the Soul,life,0-2-0 +1 bye,,,,0-2-0,0,2,0,0,1,67,10
2026-05-15_elkhart-in-us#1,2026-05-15_elkhart-in-us,1,"godzilla, king of the monsters",cha03gmm-001,King & Queen,earth,3-0-0,3,0,0,3-0-0,3,0,0,0,1,60,10
2026-05-15_elkhart-in-us#2,2026-05-15_elkhart-in-us,2,mitchell cimino,promo2025-053,Napp Jones Deck,order,2-1-0,2,1,0,2-1-0,2,1,0,0,1,67,10
2026-05-15_elkhart-in-us#3,2026-05-15_elkhart-in-us,3,"zeke yeager // zeke, beast titan",aot02-015,Zeke's Day Out,life,2-1-0,2,1,0,2-1-0,2,1,0,0,1,62,10
2026-05-15_elkhart-in-us#4,2026-05-15_elkhart-in-us,4,"anguirus, fierce dragon",gdz01-001,Donald M Deck,earth,1-2-0,1,2,0,1-2-0,1,2,0,0,1,61,0
2026-05-15_elkhart-in-us#5,2026-05-15_elkhart-in-us,5,mirko,mha07-046,Robert G Deck,air,1-2-0,1,2,0,1-2-0,1,2,0,0,1,64,10
2026-05-15_elkhart-in-us#6,2026-05-15_elkhart-in-us,6,"jamie siu, peacekeeping breakdancer",sf60x-023,Sonic Deck,air,0-3-0,0,3,0,0-3-0,0,3,0,0,1,60,0
2026-05-15_fleurus-be#1,2026-05-15_fleurus-be,1,,,,,,,,,,,,,0,0,0,0
2026-05-15_fleurus-be#2,2026-05-15_fleurus-be,2,"sung jinwoo, e rank hunter",sl01-001,Nolhan Deck,death,2-1-0,2,1,0,2-1-0,2,1,0,0,1,60,0
2026-05-15_fleurus-be#3,2026-05-15_fleurus-be,3,"nott the brave, chaotic meddler",cr02-012,Nott,air,2-1-0,2,1,0,2-1-0,2,1,0,0,1,66,0
2026-05-15_fleurus-be#4,2026-05-15_fleurus-be,4,"gigan, space monster",gdz01-006,Gigan,air,1-2-0,1,2,0,1-2-0,1,2,0,0,1,68,0
2026-05-15_fleurus-be#5,2026-05-15_fleurus-be,5,"yusuke, team leader",yyhdt-136,Yuyu,all,0-2-0 +1 bye,,,,0-2-0,0,2,0,0,1,76,0
2026-05-15_sparks-nv-us#1,2026-05-15_sparks-nv-us,1,pony tsunotori,mha07-098,Grant Emory Deck,earth,3-1-0,3,1,0,5-1-0,5,1,0,1,1,65,10
2026-05-15_sparks-nv-us#2,2026-05-15_sparks-nv-us,2,"gigan, space monster",gdz01-006,Jorge R Deck,evil,3-1-0,3,1,0,4-2-0,4,2,0,1,1,61,0
2026-05-15_sparks-nv-us#3,2026-05-15_sparks-nv-us,3,pony tsunotori,mha07-098,The Pony Cabal Rides Again,earth,3-0-1,3,0,1,3-1-1,3,1,1,1,1,65,10
2026-05-15_sparks-nv-us#4,2026-05-15_sparks-nv-us,4,pony tsunotori,mha07-098,Steven S (Surfwiz) Deck,earth,3-0-1,3,0,1,3-1-1,3,1,1,1,1,65,10
2026-05-15_sparks-nv-us#5,2026-05-15_sparks-nv-us,5,"mechagodzilla, modified type-3 kiryu",gdz01-012,Mechagodzilla Order,order,2-2-0,2,2,0,2-2-0,2,2,0,0,1,70,10
2026-05-15_sparks-nv-us#6,2026-05-15_sparks-nv-us,6,"reiner braun, marley’s shield // armored titan, finale",aot03-013,Edgar P Deck,order,2-2-0,2,2,0,2-2-0,2,2,0,0,1,60,10
2026-05-15_sparks-nv-us#7,2026-05-15_sparks-nv-us,7,"ymir // ymir, jaw titan",aot01-020,Ymir 2026,life,1-3-0,1,3,0,1-3-0,1,3,0,0,1,60,10
2026-05-15_sparks-nv-us#8,2026-05-15_sparks-nv-us,8,"godzilla, shin godzilla",gdz01-007,Ripley Deck,death,1-3-0,1,3,0,1-3-0,1,3,0,0,1,70,0
2026-05-15_sparks-nv-us#9,2026-05-15_sparks-nv-us,9,bridget,ggs01-001,Skylerise Deck,air,1-3-0,1,3,0,1-3-0,1,3,0,0,1,77,10
2026-05-15_sparks-nv-us#10,2026-05-15_sparks-nv-us,10,"king ghidorah, emperor of the cosmos",cha03krm-001,TalkingFox Deck,void,0-4-0,0,4,0,0-4-0,0,4,0,0,1,61,0
2026-05-16_amsterdam-ny-us#1,2026-05-16_amsterdam-ny-us,1,"anguirus, fierce dragon",gdz01-001,Anguirus Deck,earth,3-0-1,3,0,1,5-0-1,5,0,1,1,1,64,10
2026-05-16_amsterdam-ny-us#2,2026-05-16_amsterdam-ny-us,2,"meitenkun, sleeping prodigy",kf0x-002,Marcus T Deck,earth,3-1-0,3,1,0,4-2-0,4,2,0,1,1,66,10
2026-05-16_amsterdam-ny-us#3,2026-05-16_amsterdam-ny-us,3,"pumat sol, magical proprietor",cr02-015,Trading Post 3,air,3-0-1,3,0,1,3-1-1,3,1,1,1,1,69,10
2026-05-16_amsterdam-ny-us#4,2026-05-16_amsterdam-ny-us,4,"mothra, divine moth",gdz01-013,Amsterdam LC 2,air,3-1-0,3,1,0,3-2-0,3,2,0,1,1,88,10
2026-05-16_amsterdam-ny-us#5,2026-05-16_amsterdam-ny-us,5,smiling titan,aot01-019,Smiling Titan (Life),life,3-1-0,3,1,0,3-1-0,3,1,0,0,1,65,10
2026-05-16_amsterdam-ny-us#6,2026-05-16_amsterdam-ny-us,6,"donatello, the smart one",tmnt01-004,Seven Tools of the Hunter,void,2-2-0,2,2,0,2-2-0,2,2,0,0,1,63,10
2026-05-16_amsterdam-ny-us#7,2026-05-16_amsterdam-ny-us,7,"godzilla, king of the monsters",cha03gmm-001,Keith  Deck,confused,2-2-0,2,2,0,2-2-0,2,2,0,0,1,70,10
2026-05-16_amsterdam-ny-us#8,2026-05-16_amsterdam-ny-us,8,"nott the brave, chaotic meddler",cr02-012,Nott Aggro 26 S2 LC List,chaos,2-2-0,2,2,0,2-2-0,2,2,0,0,1,70,10
2026-05-16_amsterdam-ny-us#9,2026-05-16_amsterdam-ny-us,9,"kuwabara, spirited warrior",yyhdt-082,Blaze C Deck,earth,1-2-0 +1 bye,,,,1-2-0,1,2,0,0,1,74,0
2026-05-16_amsterdam-ny-us#10,2026-05-16_amsterdam-ny-us,10,"hedorah, smog monster",gdz01-009,Plunder LC2 May 2026,water,1-2-0 +1 bye,,,,1-2-0,1,2,0,0,1,61,10
2026-05-16_amsterdam-ny-us#11,2026-05-16_amsterdam-ny-us,11,"godzilla, shin godzilla",gdz01-007,Cameron G Deck,death,2-2-0,2,2,0,2-2-0,2,2,0,0,1,67,0
2026-05-16_amsterdam-ny-us#12,2026-05-16_amsterdam-ny-us,12,"pumat sol, magical proprietor",cr02-015,MissJaxalin Deck,air,1-2-1,1,2,1,1-2-1,1,2,1,0,1,69,10
2026-05-16_amsterdam-ny-us#13,2026-05-16_amsterdam-ny-us,13,"jester lavorre, prankster priestess",crmn-001,Loni Deck,chaos,1-3-0,1,3,0,1-3-0,1,3,0,0,1,60,0
2026-05-16_amsterdam-ny-us#14,2026-05-16_amsterdam-ny-us,14,"reiner braun, marley’s shield // armored titan, finale",aot03-013,Robert Yesse Deck,order,0-3-0 +1 bye,,,,0-3-0,0,3,0,0,1,60,10
2026-05-16_amsterdam-ny-us#15,2026-05-16_amsterdam-ny-us,15,"king ghidorah, three-headed monster",gdz01-011,Threw Threw,death,0-3-1,0,3,1,0-3-1,0,3,1,0,1,60,10
2026-05-16_amsterdam-ny-us#16,2026-05-16_amsterdam-ny-us,16,bubble girl,mha05-240,Nolan Meyer Deck,,0-1-0,0,1,0,0-1-0,0,1,0,0,1,68,10
2026-05-16_brookfield-wi-us#1,2026-05-16_brookfield-wi-us,1,"rodan, giant monster of the sky",cha03krm-003,Air Rodan,air,3-2-0,3,2,0,6-2-0,6,2,0,1,1,60,10
2026-05-16_brookfield-wi-us#2,2026-05-16_brookfield-wi-us,2,"pumat sol, magical proprietor",cr02-015,Game Universe Brookfield Round 2 LC May 16,air,2-2-0 +1 bye,,,,4-3-0,4,3,0,1,1,69,10
2026-05-16_brookfield-wi-us#3,2026-05-16_brookfield-wi-us,3,krista lenz,aot01-013,Bob's Order Krista,order,3-0-2,3,0,2,4-1-2,4,1,2,1,1,60,10
2026-05-16_brookfield-wi-us#4,2026-05-16_brookfield-wi-us,4,"hedorah, smog monster",gdz01-009,Mog Monster,earth,3-1-1,3,1,1,4-2-1,4,2,1,1,1,63,10
2026-05-16_brookfield-wi-us#5,2026-05-16_brookfield-wi-us,5,"reiner braun, marley’s shield // armored titan, finale",aot03-013,Alex P Deck,order,2-0-2 +1 bye,,,,2-1-2,2,1,2,1,1,62,10
2026-05-16_brookfield-wi-us#6,2026-05-16_brookfield-wi-us,6,"king ghidorah, three-headed monster",gdz01-011,Juicy G,death,3-1-1,3,1,1,3-2-1,3,2,1,1,1,60,10
2026-05-16_brookfield-wi-us#7,2026-05-16_brookfield-wi-us,7,krista lenz,aot01-013,Krista,order,3-2-0,3,2,0,3-3-0,3,3,0,1,1,63,10
2026-05-16_brookfield-wi-us#8,2026-05-16_brookfield-wi-us,8,"annie leonhart, awakened // female titan, finale",aot03-001,Annie Games Universe LC R2,death,3-2-0,3,2,0,3-3-0,3,3,0,1,1,60,10
2026-05-16_brookfield-wi-us#9,2026-05-16_brookfield-wi-us,9,burning godzilla,gdz01-004,64 is the Optimal Self Mill Number,earth,2-2-1,2,2,1,2-2-1,2,2,1,0,1,64,10
2026-05-16_brookfield-wi-us#10,2026-05-16_brookfield-wi-us,10,ashley fullerton,promo2025-097,Reversal,water,2-2-1,2,2,1,2-2-1,2,2,1,0,1,66,10
2026-05-16_brookfield-wi-us#11,2026-05-16_brookfield-wi-us,11,"sung jinwoo, e rank hunter",sl01-001,Death Sung,death,2-2-1,2,2,1,2-2-1,2,2,1,0,1,76,10
2026-05-16_brookfield-wi-us#12,2026-05-16_brookfield-wi-us,12,"king ghidorah, three-headed monster",gdz01-011,King Ghidorah II Season 2 LC,death,2-2-1,2,2,1,2-2-1,2,2,1,0,1,70,10
2026-05-16_brookfield-wi-us#13,2026-05-16_brookfield-wi-us,13,"gigan, space monster",gdz01-006,The Great Gigan In the Sky,air,1-3-0 +1 bye,,,,1-3-0,1,3,0,0,1,65,10
2026-05-16_brookfield-wi-us#14,2026-05-16_brookfield-wi-us,14,woman,mha07-110,womens rights,void,2-3-0,2,3,0,2-3-0,2,3,0,0,1,66,10
2026-05-16_brookfield-wi-us#15,2026-05-16_brookfield-wi-us,15,"mechagodzilla, kiryu",cha03gmm-002,Mechagodzilla,earth,1-4-0,1,4,0,1-4-0,1,4,0,0,1,68,10
2026-05-16_brookfield-wi-us#16,2026-05-16_brookfield-wi-us,16,"rocksteady, easily angered",tmnt01-011,Rock Hard,earth,1-4-0,1,4,0,1-4-0,1,4,0,0,1,61,10
2026-05-16_brookfield-wi-us#17,2026-05-16_brookfield-wi-us,17,"jamie siu, peacekeeping breakdancer",sf60x-023,Geo Castle Deck,air,0-3-0,0,3,0,0-3-0,0,3,0,0,1,60,10
2026-05-16_lancashire-gb#1,2026-05-16_lancashire-gb,1,"anguirus, fierce dragon",gdz01-001,Jordan S Deck,chaos,2-0-0,2,0,0,2-0-0,2,0,0,0,1,61,10
2026-05-16_lancashire-gb#2,2026-05-16_lancashire-gb,2,"sung jinwoo, e rank hunter",sl01-001,This deck builder sux.,death,1-1-0,1,1,0,1-1-0,1,1,0,0,1,74,10
2026-05-16_lancashire-gb#3,2026-05-16_lancashire-gb,3,"king ghidorah, three-headed monster",gdz01-011,King G,death,1-1-0,1,1,0,1-1-0,1,1,0,0,1,65,10
2026-05-16_lancashire-gb#4,2026-05-16_lancashire-gb,4,burning godzilla,gdz01-004,burn them all smily face,earth,0-2-0,0,2,0,0-2-0,0,2,0,0,1,89,10
2026-05-16_manhattan-ny-us#1,2026-05-16_manhattan-ny-us,1,"reiner braun, marley’s shield // armored titan, finale",aot03-013,Remember Who You Are Chinese Boy,order,3-0-1,3,0,1,5-0-1,5,0,1,1,1,62,10
2026-05-16_manhattan-ny-us#2,2026-05-16_manhattan-ny-us,2,mitchell cimino,promo2025-053,I should have played 4x Mai fighting style,order,3-0-1,3,0,1,4-1-1,4,1,1,1,1,69,10
2026-05-16_manhattan-ny-us#3,2026-05-16_manhattan-ny-us,3,"benimaru, shooting star",kf0x-003,Benimaru Bonanza,air,3-1-0,3,1,0,3-2-0,3,2,0,1,1,64,10
2026-05-16_manhattan-ny-us#4,2026-05-16_manhattan-ny-us,4,"king ghidorah, three-headed monster",gdz01-011,Buckshot Roulette,death,3-1-0,3,1,0,3-2-0,3,2,0,1,1,67,10
2026-05-16_manhattan-ny-us#5,2026-05-16_manhattan-ny-us,5,"mikasa ackerman, hizuru’s hope",aot03-010,Trust me with your entertainment,air,2-0-2,2,0,2,2-0-2,2,0,2,0,1,62,10
2026-05-16_manhattan-ny-us#6,2026-05-16_manhattan-ny-us,6,"mechagodzilla, modified type-3 kiryu",gdz01-012,Bryan R Deck,good,2-2-0,2,2,0,2-2-0,2,2,0,0,1,75,10
2026-05-16_manhattan-ny-us#7,2026-05-16_manhattan-ny-us,7,"anguirus, fierce dragon",gdz01-001,i genuinely do not want to play this game,earth,2-2-0,2,2,0,2-2-0,2,2,0,0,1,62,10
2026-05-16_manhattan-ny-us#8,2026-05-16_manhattan-ny-us,8,"anguirus, fierce dragon",gdz01-001,Edon R Deck,earth,1-2-0 +1 bye,,,,1-2-0,1,2,0,0,1,83,0
2026-05-16_manhattan-ny-us#9,2026-05-16_manhattan-ny-us,9,"anguirus, fierce dragon",gdz01-001,David T Deck,earth,2-2-0,2,2,0,2-2-0,2,2,0,0,1,61,10
2026-05-16_manhattan-ny-us#10,2026-05-16_manhattan-ny-us,10,"spike, bounty hunter",cb02-001,Luis A Deck,life,1-2-1,1,2,1,1-2-1,1,2,1,0,1,72,10
2026-05-16_manhattan-ny-us#11,2026-05-16_manhattan-ny-us,11,paul phoenix,tk801-043,Milan Deck,order,0-2-1 +1 bye,,,,0-2-1,0,2,1,0,1,60,0
2026-05-16_manhattan-ny-us#12,2026-05-16_manhattan-ny-us,12,"godzilla, titan of terror",gdz01-008,Darwin H Deck,earth,1-2-1,1,2,1,1-2-1,1,2,1,0,1,60,10
2026-05-16_manhattan-ny-us#13,2026-05-16_manhattan-ny-us,13,"rodan, fire rodan",gdz01-014,Void-Fire-Rodan,void,0-3-0 +1 bye,,,,0-3-0,0,3,0,0,1,71,10
2026-05-16_manhattan-ny-us#14,2026-05-16_manhattan-ny-us,14,"jamie siu, peacekeeping breakdancer",sf60x-023,Sharrod F Deck,air,1-3-0,1,3,0,1-3-0,1,3,0,0,1,60,10
2026-05-16_manhattan-ny-us#15,2026-05-16_manhattan-ny-us,15,"battra, beast of destruction",gdz01-002,Battra-Void,void,0-1-3,0,1,3,0-1-3,0,1,3,0,1,72,10
2026-05-16_manhattan-ny-us#16,2026-05-16_manhattan-ny-us,16,"taryon darrington, naive creator",cr02-017,Daniel M Deck,air,0-1-0,0,1,0,0-1-0,0,1,0,0,1,61,0
2026-05-16_reno-nv-us#1,2026-05-16_reno-nv-us,1,pony tsunotori,mha07-098,The cabal called so I answered,earth,4-0-1,4,0,1,7-0-1,7,0,1,1,1,65,10
2026-05-16_reno-nv-us#2,2026-05-16_reno-nv-us,2,"ymir // ymir, jaw titan",aot01-020,Ymir 2026,life,3-1-1,3,1,1,5-2-1,5,2,1,1,1,60,10
2026-05-16_reno-nv-us#3,2026-05-16_reno-nv-us,3,pony tsunotori,mha07-098,Steven S (Surfwiz) Deck,earth,3-1-1,3,1,1,4-2-1,4,2,1,1,1,65,10
2026-05-16_reno-nv-us#4,2026-05-16_reno-nv-us,4,"reiner braun, marley’s shield // armored titan, finale",aot03-013,Shield,order,3-1-1,3,1,1,4-2-1,4,2,1,1,1,62,10
2026-05-16_reno-nv-us#5,2026-05-16_reno-nv-us,5,mitchell cimino,promo2025-053,Nicholas Ragan  Deck,order,3-1-1,3,1,1,3-2-1,3,2,1,1,1,60,10
2026-05-16_reno-nv-us#6,2026-05-16_reno-nv-us,6,"mothra, divine moth",gdz01-013,Flashray Mothra,air,3-1-1,3,1,1,3-2-1,3,2,1,1,1,86,10
2026-05-16_reno-nv-us#7,2026-05-16_reno-nv-us,7,"meitenkun, sleeping prodigy",kf0x-002,King of Naps,earth,3-2-0,3,2,0,3-3-0,3,3,0,1,1,63,10
2026-05-16_reno-nv-us#8,2026-05-16_reno-nv-us,8,"bertolt hoover // bertolt, colossus titan",aot01-005,Bertolt LOLs,chaos,3-2-0,3,2,0,3-3-0,3,3,0,1,1,61,10
2026-05-16_reno-nv-us#9,2026-05-16_reno-nv-us,9,"mechagodzilla, modified type-3 kiryu",gdz01-012,Mechagodzilla Order,order,3-2-0,3,2,0,3-2-0,3,2,0,0,1,70,10
2026-05-16_reno-nv-us#10,2026-05-16_reno-nv-us,10,"jamie siu, peacekeeping breakdancer",sf60x-023,Water Bending Jamie,water,2-2-1,2,2,1,2-2-1,2,2,1,0,1,62,10
2026-05-16_reno-nv-us#11,2026-05-16_reno-nv-us,11,"anguirus, fierce dragon",gdz01-001,Angrius,earth,1-3-0 +1 bye,,,,1-3-0,1,3,0,0,1,65,10
2026-05-16_reno-nv-us#12,2026-05-16_reno-nv-us,12,"rodan, giant monster of the sky",cha03krm-003,RoK Rodan AIR,air,2-3-0,2,3,0,2-3-0,2,3,0,0,1,68,10
2026-05-16_reno-nv-us#13,2026-05-16_reno-nv-us,13,"anguirus, fierce dragon",gdz01-001,Titanic Dragon,earth,2-3-0,2,3,0,2-3-0,2,3,0,0,1,64,10
2026-05-16_reno-nv-us#14,2026-05-16_reno-nv-us,14,kyoka jiro,mha07-019,Jiro 3 ALX,good,1-1-3,1,1,3,1-1-3,1,1,3,0,1,66,10
2026-05-16_reno-nv-us#15,2026-05-16_reno-nv-us,15,"godzilla, king of the monsters",cha03gmm-001,Weclome back to EURF,earth,1-2-1,1,2,1,1-2-1,1,2,1,0,1,60,10
2026-05-16_reno-nv-us#16,2026-05-16_reno-nv-us,16,"rocksteady, easily angered",tmnt01-011,Doctor of Thuganomics,earth,0-2-0 +1 bye,,,,0-2-0,0,2,0,0,1,67,10
2026-05-16_reno-nv-us#17,2026-05-16_reno-nv-us,17,bridget,ggs01-001,Skylerise Deck,air,0-4-0 +1 bye,,,,0-4-0,0,4,0,0,1,77,10
2026-05-16_reno-nv-us#18,2026-05-16_reno-nv-us,18,"rodan, giant monster of the sky",cha03krm-003,Andrei Deck,air,0-4-0 +1 bye,,,,0-4-0,0,4,0,0,1,70,0
2026-05-16_reno-nv-us#19,2026-05-16_reno-nv-us,19,"benimaru, shooting star",kf0x-003,Perfect hair forever,air,0-2-1,0,2,1,0-2-1,0,2,1,0,1,60,10
2026-05-16_san-antonio-tx-us#1,2026-05-16_san-antonio-tx-us,1,"reiner braun, marley’s shield // armored titan, finale",aot03-013,Carlos F Deck,order,3-0-1,3,0,1,5-0-1,5,0,1,1,1,62,10
2026-05-16_san-antonio-tx-us#2,2026-05-16_san-antonio-tx-us,2,"godzilla, shin godzilla",gdz01-007,Spencer D Deck,death,2-0-2,2,0,2,3-1-2,3,1,2,1,1,66,10
2026-05-16_san-antonio-tx-us#3,2026-05-16_san-antonio-tx-us,3,"mothra, divine moth",gdz01-013,Usherofthefallen Deck,air,2-0-2,2,0,2,2-1-2,2,1,2,1,1,87,10
2026-05-16_san-antonio-tx-us#4,2026-05-16_san-antonio-tx-us,4,"godzilla, shin godzilla",gdz01-007,Shin LC,chaos,2-0-2,2,0,2,2-1-2,2,1,2,1,1,73,10
2026-05-16_san-antonio-tx-us#5,2026-05-16_san-antonio-tx-us,5,"mothra, divine moth",gdz01-013,William Deck,air,1-1-1 +1 bye,,,,1-1-1,1,1,1,0,1,80,10
2026-05-16_san-antonio-tx-us#6,2026-05-16_san-antonio-tx-us,6,"reiner braun, marley’s shield // armored titan, finale",aot03-013,Mr.Bean Deck,order,2-1-1,2,1,1,2-1-1,2,1,1,0,1,63,10
2026-05-16_san-antonio-tx-us#7,2026-05-16_san-antonio-tx-us,7,"mechagodzilla, modified type-3 kiryu",gdz01-012,Andre3P3 Deck,order,2-2-0,2,2,0,2-2-0,2,2,0,0,1,66,0
2026-05-16_san-antonio-tx-us#8,2026-05-16_san-antonio-tx-us,8,burning godzilla,gdz01-004,Dominick B Deck,fire,2-2-0,2,2,0,2-2-0,2,2,0,0,1,96,10
2026-05-16_san-antonio-tx-us#9,2026-05-16_san-antonio-tx-us,9,"reiner braun, marley’s shield // armored titan, finale",aot03-013,Loading Deck,order,1-2-1,1,2,1,1-2-1,1,2,1,0,1,63,10
2026-05-16_san-antonio-tx-us#10,2026-05-16_san-antonio-tx-us,10,"kenny ackerman, the ripper",aot02-010,The Tommy Deck,death,0-2-0 +1 bye,,,,0-2-0,0,2,0,0,1,66,10
2026-05-16_san-antonio-tx-us#11,2026-05-16_san-antonio-tx-us,11,nagoriyuki,ggs01-006,Na go fukyo,order,0-2-2,0,2,2,0-2-2,0,2,2,0,1,61,10
2026-05-16_san-antonio-tx-us#12,2026-05-16_san-antonio-tx-us,12,"hedorah, smog monster",gdz01-009,Throdorah,water,0-2-0,0,2,0,0-2-0,0,2,0,0,1,64,10
2026-05-16_san-antonio-tx-us#13,2026-05-16_san-antonio-tx-us,13,"dolores, hidden wisdom",kf0x-024,Javier Garcia Deck,earth,0-3-0,0,3,0,0-3-0,0,3,0,0,1,70,10
2026-05-16_summerville-sc-us#1,2026-05-16_summerville-sc-us,1,"pieck finger, panzer unit cartman // cart titan, finale",aot03-011,The Amestris Trials,order,4-0-1,4,0,1,7-0-1,7,0,1,1,1,68,10
2026-05-16_summerville-sc-us#2,2026-05-16_summerville-sc-us,2,"hedorah, smog monster",gdz01-009,Deck if Zach remembers cards,earth,4-1-0,4,1,0,6-2-0,6,2,0,1,1,62,10
2026-05-16_summerville-sc-us#3,2026-05-16_summerville-sc-us,3,"pumat sol, magical proprietor",cr02-015,Alexander B Deck,air,3-0-2,3,0,2,4-1-2,4,1,2,1,1,65,10
2026-05-16_summerville-sc-us#4,2026-05-16_summerville-sc-us,4,"grog strongjaw, mighty half-giant",cr02-007,Mikey Deck,earth,3-1-1,3,1,1,4-2-1,4,2,1,1,1,64,10
2026-05-16_summerville-sc-us#5,2026-05-16_summerville-sc-us,5,"hedorah, smog monster",gdz01-009,HIM-Dorah,earth,4-1-0,4,1,0,4-2-0,4,2,0,1,1,62,10
2026-05-16_summerville-sc-us#6,2026-05-16_summerville-sc-us,6,"bertolt hoover, living weapon // bertolt, colossus titan advancing",aot02-002,"No Diggity, No Doubt FR",death,4-1-0,4,1,0,4-2-0,4,2,0,1,1,60,10
2026-05-16_summerville-sc-us#7,2026-05-16_summerville-sc-us,7,burning godzilla,gdz01-004,Justin H Deck,void,3-0-2,3,0,2,3-1-2,3,1,2,1,1,80,10
2026-05-16_summerville-sc-us#8,2026-05-16_summerville-sc-us,8,"rodan, giant monster of the sky",cha03krm-003,Rodan chicago,void,3-2-0,3,2,0,3-3-0,3,3,0,1,1,71,10
2026-05-16_summerville-sc-us#9,2026-05-16_summerville-sc-us,9,"pieck finger, panzer unit cartman // cart titan, finale",aot03-011,Pieck Universus May Be Back,death,3-2-0,3,2,0,3-2-0,3,2,0,0,1,60,10
2026-05-16_summerville-sc-us#10,2026-05-16_summerville-sc-us,10,"spacegodzilla, bio-quartz monster",gdz01-015,Space Zilla,evil,3-2-0,3,2,0,3-2-0,3,2,0,0,1,67,10
2026-05-16_summerville-sc-us#11,2026-05-16_summerville-sc-us,11,nagoriyuki,ggs01-006,Final Round Gaming LC 05/16/26,order,3-2-0,3,2,0,3-2-0,3,2,0,0,1,60,10
2026-05-16_summerville-sc-us#12,2026-05-16_summerville-sc-us,12,"reiner braun, marley’s shield // armored titan, finale",aot03-013,FRLC Ethan Q,order,3-2-0,3,2,0,3-2-0,3,2,0,0,1,62,10
2026-05-16_summerville-sc-us#13,2026-05-16_summerville-sc-us,13,"zeke yeager // zeke, beast titan",aot02-015,[RoK] Zeke Yeager,life,3-2-0,3,2,0,3-2-0,3,2,0,0,1,64,10
2026-05-16_summerville-sc-us#14,2026-05-16_summerville-sc-us,14,"grog strongjaw, mighty half-giant",cr02-007,Grog | Death,death,2-2-1,2,2,1,2-2-1,2,2,1,0,1,60,10
2026-05-16_summerville-sc-us#15,2026-05-16_summerville-sc-us,15,"grog strongjaw, mighty half-giant",cr02-007,Grog R2 LC,earth,2-3-0,2,3,0,2-3-0,2,3,0,0,1,66,10
2026-05-16_summerville-sc-us#16,2026-05-16_summerville-sc-us,16,"biollante, giant plant monster",gdz01-003,Bio Season 2 LCs,water,2-3-0,2,3,0,2-3-0,2,3,0,0,1,70,10
2026-05-16_summerville-sc-us#17,2026-05-16_summerville-sc-us,17,"godzilla, titan of terror",gdz01-008,4check breaker 9 pumat,earth,2-3-0,2,3,0,2-3-0,2,3,0,0,1,64,10
2026-05-16_summerville-sc-us#18,2026-05-16_summerville-sc-us,18,burning godzilla,gdz01-004,LC burning gozilla deck,void,2-3-0,2,3,0,2-3-0,2,3,0,0,1,80,10
2026-05-16_summerville-sc-us#19,2026-05-16_summerville-sc-us,19,"king ghidorah, three-headed monster",gdz01-011,Got Headed,death,1-1-3,1,1,3,1-1-3,1,1,3,0,1,81,0
2026-05-16_summerville-sc-us#20,2026-05-16_summerville-sc-us,20,"isla, dreaming brilliance",kf0x-023,Isla Void,void,2-3-0,2,3,0,2-3-0,2,3,0,0,1,60,10
2026-05-16_summerville-sc-us#21,2026-05-16_summerville-sc-us,21,"king ghidorah, three-headed monster",gdz01-011,"Ichi, Ni, and Kevin",all,1-2-2,1,2,2,1-2-2,1,2,2,0,1,66,10
2026-05-16_summerville-sc-us#22,2026-05-16_summerville-sc-us,22,krista lenz,aot01-013,Crystal's K,order,0-2-2 +1 bye,,,,0-2-2,0,2,2,0,1,64,0
2026-05-16_summerville-sc-us#23,2026-05-16_summerville-sc-us,23,"destoroyah, perfect lifeform",gdz01-005,Destoroyah Boardwipes,death,1-3-1,1,3,1,1-3-1,1,3,1,0,1,68,0
2026-05-16_summerville-sc-us#24,2026-05-16_summerville-sc-us,24,"reiner braun, marley’s shield // armored titan, finale",aot03-013,No deck reiner,order,1-3-1,1,3,1,1-3-1,1,3,1,0,1,60,0
2026-05-16_summerville-sc-us#25,2026-05-16_summerville-sc-us,25,"godzilla, shin godzilla",gdz01-007,Shin Godzilla - Ponza,death,0-3-0 +1 bye,,,,0-3-0,0,3,0,0,1,80,10
2026-05-16_summerville-sc-us#26,2026-05-16_summerville-sc-us,26,"godzilla, king of the monsters",cha03gmm-001,kaykatx Deck,earth,0-3-0 +1 bye,,,,0-3-0,0,3,0,0,1,60,0
2026-05-16_summerville-sc-us#27,2026-05-16_summerville-sc-us,27,"falco grice // jaw titan, flying form",aot03-005,That Ain't Falco!!,chaos,0-4-0 +1 bye,,,,0-4-0,0,4,0,0,1,60,10
2026-05-16_summerville-sc-us#28,2026-05-16_summerville-sc-us,28,"reiner braun, marley’s shield // armored titan, finale",aot03-013,I dont want to play this.,order,0-2-3,0,2,3,0-2-3,0,2,3,0,1,64,10
2026-05-16_summerville-sc-us#29,2026-05-16_summerville-sc-us,29,"pumat sol, magical proprietor",cr02-015,Tufenuf Deck,order,0-3-1,0,3,1,0-3-1,0,3,1,0,1,60,10
2026-05-17_courtice-on-ca#1,2026-05-17_courtice-on-ca,1,"reiner braun, marley’s shield // armored titan, finale",aot03-013,Reiner - Meta Chaser S2 LC,order,3-0-0,3,0,0,3-0-0,3,0,0,0,1,66,0
2026-05-17_courtice-on-ca#2,2026-05-17_courtice-on-ca,2,"anguirus, fierce dragon",gdz01-001,Anguirus the Big Blue Dragon,earth,2-1-0,2,1,0,2-1-0,2,1,0,0,1,72,10
2026-05-17_courtice-on-ca#3,2026-05-17_courtice-on-ca,3,"ryu, world warrior",sf60x-001,ryu fire,fire,2-1-0,2,1,0,2-1-0,2,1,0,0,1,68,10
2026-05-17_courtice-on-ca#4,2026-05-17_courtice-on-ca,4,"gigan, space monster",gdz01-006,Gigan Reversal,evil,1-1-1,1,1,1,1-1-1,1,1,1,0,1,66,10
2026-05-17_courtice-on-ca#5,2026-05-17_courtice-on-ca,5,sol badguy,ggs01-008,Imported Deck,chaos,1-1-1,1,1,1,1-1-1,1,1,1,0,1,67,10
2026-05-17_courtice-on-ca#6,2026-05-17_courtice-on-ca,6,"anguirus, fierce dragon",gdz01-001,,,1-2-0,1,2,0,1-2-0,1,2,0,0,1,61,0
2026-05-17_courtice-on-ca#7,2026-05-17_courtice-on-ca,7,mitchell cimino,promo2025-053,New Mitch Order,order,1-2-0,1,2,0,1-2-0,1,2,0,0,1,68,10
2026-05-17_courtice-on-ca#8,2026-05-17_courtice-on-ca,8,"godzilla, titan of terror",gdz01-008,,,0-3-0,0,3,0,0-3-0,0,3,0,0,1,67,0
2026-05-17_greenway-au#1,2026-05-17_greenway-au,1,,,,,,,,,,,,,0,0,0,0
2026-05-17_greenway-au#2,2026-05-17_greenway-au,2,,,,,,,,,,,,,0,0,0,0
2026-05-17_greenway-au#3,2026-05-17_greenway-au,3,,,,,,,,,,,,,0,0,0,0
2026-05-17_greenway-au#4,2026-05-17_greenway-au,4,,,,,,,,,,,,,0,0,0,0
2026-05-17_greenway-au#5,2026-05-17_greenway-au,5,,,,,,,,,,,,,0,0,0,0
2026-05-17_greenway-au#6,2026-05-17_greenway-au,6,,,,,,,,,,,,,0,0,0,0
2026-05-17_greenway-au#7,2026-05-17_greenway-au,7,,,,,,,,,,,,,0,0,0,0
2026-05-17_greenway-au#8,2026-05-17_greenway-au,8,,,,,,,,,,,,,0,0,0,0
2026-05-17_greenway-au#9,2026-05-17_greenway-au,9,,,,,,,,,,,,,0,0,0,0
2026-05-17_greenway-au#10,2026-05-17_greenway-au,10,,,,,,,,,,,,,0,0,0,0
2026-05-17_greenway-au#12,2026-05-17_greenway-au,12,,,,,,,,,,,,,0,0,0,0
2026-05-17_greenway-au#13,2026-05-17_greenway-au,13,,,,,,,,,,,,,0,0,0,0
2026-05-17_greenway-au#14,2026-05-17_greenway-au,14,,,,,,,,,,,,,0,0,0,0
2026-05-17_greenway-au#15,2026-05-17_greenway-au,15,,,,,,,,,,,,,0,0,0,0
2026-05-17_greenway-au#16,2026-05-17_greenway-au,16,,,,,,,,,,,,,0,0,0,0
2026-05-17_greenway-au#17,2026-05-17_greenway-au,17,,,,,,,,,,,,,0,0,0,0
2026-05-17_greenway-au#18,2026-05-17_greenway-au,18,,,,,,,,,,,,,0,0,0,0
2026-05-17_greenway-au#19,2026-05-17_greenway-au,19,,,,,,,,,,,,,0,0,0,0
2026-05-17_greenway-au#20,2026-05-17_greenway-au,20,,,,,,,,,,,,,0,0,0,0
2026-05-17_greenway-au#21,2026-05-17_greenway-au,21,,,,,,,,,,,,,0,0,0,0
2026-05-17_metairie-la-us#1,2026-05-17_metairie-la-us,1,"reiner braun, marley’s shield // armored titan, finale",aot03-013,Godzilla_Talks Deck,order,4-0-1,4,0,1,7-0-1,7,0,1,1,1,62,10
2026-05-17_metairie-la-us#2,2026-05-17_metairie-la-us,2,beast titan,aot01-004,Mark Vicedomini Deck,life,3-2-0,3,2,0,5-3-0,5,3,0,1,1,81,10
2026-05-17_metairie-la-us#3,2026-05-17_metairie-la-us,3,mitchell cimino,promo2025-053,Russell S Deck,good,3-1-1,3,1,1,4-2-1,4,2,1,1,1,69,10
2026-05-17_metairie-la-us#4,2026-05-17_metairie-la-us,4,"reiner braun, marley’s shield // armored titan, finale",aot03-013,Andrew A Deck,order,2-0-3,2,0,3,3-1-3,3,1,3,1,1,62,10
2026-05-17_metairie-la-us#5,2026-05-17_metairie-la-us,5,"godzilla, king of the monsters",cha03gmm-001,Godzilla Yeet Cannon 9000,water,2-1-1 +1 bye,,,,2-2-1,2,2,1,1,1,60,0
2026-05-17_metairie-la-us#6,2026-05-17_metairie-la-us,6,"jacob johnson, 2019 uk national champion",promo2026-002,Chase K Deck,water,3-1-1,3,1,1,3-2-1,3,2,1,1,1,74,10
2026-05-17_metairie-la-us#7,2026-05-17_metairie-la-us,7,"armin arlert, power of the colossus // colossus titan, finale",aot03-002,Nick N Deck,order,2-0-3,2,0,3,2-1-3,2,1,3,1,1,74,10
2026-05-17_metairie-la-us#8,2026-05-17_metairie-la-us,8,"anguirus, fierce dragon",gdz01-001,Angry Dragon Armadillo Turtle Thingy,earth,2-1-2,2,1,2,2-2-2,2,2,2,1,1,72,10
2026-05-17_metairie-la-us#9,2026-05-17_metairie-la-us,9,"king ghidorah, three-headed monster",gdz01-011,King Gigi,death,2-2-1,2,2,1,2-2-1,2,2,1,0,1,71,10
2026-05-17_metairie-la-us#10,2026-05-17_metairie-la-us,10,"godzilla, titan of terror",gdz01-008,Not dead just different,earth,2-2-1,2,2,1,2-2-1,2,2,1,0,1,68,10
2026-05-17_metairie-la-us#11,2026-05-17_metairie-la-us,11,pony tsunotori,mha07-098,Marcus N Deck,air,1-2-1 +1 bye,,,,1-2-1,1,2,1,0,1,60,10
2026-05-17_metairie-la-us#12,2026-05-17_metairie-la-us,12,"pumat sol, magical proprietor",cr02-015,Pumat Sol 2,air,2-2-1,2,2,1,2-2-1,2,2,1,0,1,72,0
2026-05-17_metairie-la-us#13,2026-05-17_metairie-la-us,13,nagoriyuki,ggs01-006,Nagoriyuki,order,2-3-0,2,3,0,2-3-0,2,3,0,0,1,63,0
2026-05-17_metairie-la-us#14,2026-05-17_metairie-la-us,14,kinoko komori,mha07-082,Shrooms Deck,water,2-3-0,2,3,0,2-3-0,2,3,0,0,1,63,10
2026-05-17_metairie-la-us#15,2026-05-17_metairie-la-us,15,"pike trickfoot, ferocious priestess",cr02-014,HannaGeek Deck,life,1-2-2,1,2,2,1-2-2,1,2,2,0,1,68,10
2026-05-17_metairie-la-us#16,2026-05-17_metairie-la-us,16,"vex’ahlia, resourceful hunter",crvm-002,Bang Bang,air,1-2-2,1,2,2,1-2-2,1,2,2,0,1,69,10
2026-05-17_metairie-la-us#17,2026-05-17_metairie-la-us,17,"fearne calloway, mischievous faun",promo2025-050,Jazz Is Chaos 2: THE RECKONING,fire,1-3-1,1,3,1,1-3-1,1,3,1,0,1,65,0
2026-05-17_metairie-la-us#18,2026-05-17_metairie-la-us,18,i-no,ggs01-003,I-No I Can't Play,fire,1-2-0,1,2,0,1-2-0,1,2,0,0,1,72,0
2026-05-17_metairie-la-us#19,2026-05-17_metairie-la-us,19,burning godzilla,gdz01-004,Emme Burning,earth,0-4-1,0,4,1,0-4-1,0,4,1,0,1,95,0
2026-05-17_metairie-la-us#20,2026-05-17_metairie-la-us,20,"mollymauk tealeaf, carnival hooligan",cr02-011,Josh R Deck,void,0-2-1,0,2,1,0-2-1,0,2,1,0,1,61,0
2026-05-17_metairie-la-us#21,2026-05-17_metairie-la-us,21,"izuku midoriya, on the move // izuku midoriya, quirks unleashed",mha08-001,Good Deku,good,0-1-1,0,1,1,0-1-1,0,1,1,0,1,72,10
2026-05-17_rochester-ny-us#1,2026-05-17_rochester-ny-us,1,"mothra, divine moth",gdz01-013,Amsterdam LC 2,air,3-1-0,3,1,0,5-1-0,5,1,0,1,1,88,10
2026-05-17_rochester-ny-us#2,2026-05-17_rochester-ny-us,2,nagoriyuki,ggs01-006,"Jesse ""TheCervini"" Cervini Deck",order,3-1-0,3,1,0,4-2-0,4,2,0,1,1,63,10
2026-05-17_rochester-ny-us#3,2026-05-17_rochester-ny-us,3,"grog strongjaw, mighty half-giant",cr02-007,Grog Earth,earth,3-0-1,3,0,1,3-1-1,3,1,1,1,1,68,10
2026-05-17_rochester-ny-us#4,2026-05-17_rochester-ny-us,4,paul phoenix,tk801-043,????Order????,order,3-1-0,3,1,0,3-2-0,3,2,0,1,1,66,10
2026-05-17_rochester-ny-us#5,2026-05-17_rochester-ny-us,5,"godzilla, king of the monsters",cha03gmm-001,Keith  Deck,earth,2-2-0,2,2,0,2-2-0,2,2,0,0,1,64,10
2026-05-17_rochester-ny-us#6,2026-05-17_rochester-ny-us,6,"nott the brave, chaotic meddler",cr02-012,Nott Aggro 26 S2 LC List,chaos,2-2-0,2,2,0,2-2-0,2,2,0,0,1,70,10
2026-05-17_rochester-ny-us#7,2026-05-17_rochester-ny-us,7,"hedorah, smog monster",gdz01-009,Hedora,water,2-2-0,2,2,0,2-2-0,2,2,0,0,1,66,10
2026-05-17_rochester-ny-us#8,2026-05-17_rochester-ny-us,8,"anguirus, fierce dragon",gdz01-001,Besto Friendo,earth,2-2-0,2,2,0,2-2-0,2,2,0,0,1,60,10
2026-05-17_rochester-ny-us#9,2026-05-17_rochester-ny-us,9,"hedorah, smog monster",gdz01-009,Plunder LC2 May 2026,water,0-2-1 +1 bye,,,,0-2-1,0,2,1,0,1,61,10
2026-05-17_rochester-ny-us#10,2026-05-17_rochester-ny-us,10,"eren yeager, usurper // attack titan, finale",aot03-004,Power Eren,fire,0-3-0 +1 bye,,,,0-3-0,0,3,0,0,1,69,10
2026-05-17_rochester-ny-us#11,2026-05-17_rochester-ny-us,11,"pumat sol, magical proprietor",cr02-015,MissJaxalin Deck,air,1-3-0,1,3,0,1-3-0,1,3,0,0,1,69,10
2026-05-17_rochester-ny-us#12,2026-05-17_rochester-ny-us,12,"sung jinwoo, e rank hunter",sl01-001,Mayummi Deck,life,0-0-1,0,0,1,0-0-1,0,0,1,0,1,67,10
2026-05-17_rochester-ny-us#13,2026-05-17_rochester-ny-us,13,"anguirus, fierce dragon",gdz01-001,Anguirus Deck,earth,0-0-1,0,0,1,0-0-1,0,0,1,0,1,64,10
2026-05-17_rochester-ny-us#14,2026-05-17_rochester-ny-us,14,"sung jinwoo, e rank hunter",sl01-001,stefan trust,life,0-0-1,0,0,1,0-0-1,0,0,1,0,1,60,10
2026-05-17_rochester-ny-us#15,2026-05-17_rochester-ny-us,15,"beckett mariner, adventuring archeologist",stk0x-002,Rhianna F Deck,chaos,0-0-1,0,0,1,0-0-1,0,0,1,0,1,60,0
2026-05-17_rochester-ny-us#16,2026-05-17_rochester-ny-us,16,"donatello, the smart one",tmnt01-004,Seven Tools of the Hunter,void,0-2-0,0,2,0,0-2-0,0,2,0,0,1,64,10
2026-05-17_rockingham-au#1,2026-05-17_rockingham-au,1,ky kiske,ggs01-004,ky,order,2-0-1 +1 bye,,,,2-0-1,2,0,1,0,1,65,0
2026-05-17_rockingham-au#2,2026-05-17_rockingham-au,2,"anguirus, fierce dragon",gdz01-001,Last minute decision,earth,3-0-1,3,0,1,3-0-1,3,0,1,0,1,66,0
2026-05-17_rockingham-au#3,2026-05-17_rockingham-au,3,"izuku midoriya, on the move // izuku midoriya, quirks unleashed",mha08-001,seal deku,void,3-1-0,3,1,0,3-1-0,3,1,0,0,1,73,0
2026-05-17_rockingham-au#4,2026-05-17_rockingham-au,4,"biollante, giant plant monster",gdz01-003,Biolante Dez nutz,earth,2-1-1,2,1,1,2-1-1,2,1,1,0,1,70,0
2026-05-17_rockingham-au#5,2026-05-17_rockingham-au,5,"jester lavorre, prankster priestess",crmn-001,Jester backup,life,2-2-0,2,2,0,2-2-0,2,2,0,0,1,75,0
2026-05-17_rockingham-au#6,2026-05-17_rockingham-au,6,"spacegodzilla, bio-quartz monster",gdz01-015,Matthew S Deck,evil,2-2-0,2,2,0,2-2-0,2,2,0,0,1,67,0
2026-05-17_rockingham-au#7,2026-05-17_rockingham-au,7,"mikasa ackerman, hizuru’s hope",aot03-010,Mikasa Clear,death,0-2-1 +1 bye,,,,0-2-1,0,2,1,0,1,68,0
2026-05-17_rockingham-au#8,2026-05-17_rockingham-au,8,nagoriyuki,ggs01-006,Blood,order,0-3-0 +1 bye,,,,0-3-0,0,3,0,0,1,61,0
2026-05-17_rockingham-au#9,2026-05-17_rockingham-au,9,"isla, dreaming brilliance",kf0x-023,Isla Seal,void,0-3-0 +1 bye,,,,0-3-0,0,3,0,0,1,73,0
2026-05-23_bussy-saint-georges-fr#1,2026-05-23_bussy-saint-georges-fr,1,"anguirus, fierce dragon",gdz01-001,"Anguirus, Fierce Dragon",earth,3-0-0,3,0,0,3-0-0,3,0,0,0,1,70,0
2026-05-23_bussy-saint-georges-fr#2,2026-05-23_bussy-saint-georges-fr,2,"grog strongjaw, mighty half-giant",cr02-007,TracyFjord Deck,fire,0-3-0,0,3,0,0-3-0,0,3,0,0,1,61,10
2026-05-23_counterspell-games#1,2026-05-23_counterspell-games,1,"rodan, giant monster of the sky",cha03krm-003,andrew porat will bully me no longer,void,3-0-2,3,0,2,6-0-2,6,0,2,1,1,84,10
2026-05-23_counterspell-games#2,2026-05-23_counterspell-games,2,"pieck finger, panzer unit cartman // cart titan, finale",aot03-011,The Amestris Trials,order,4-0-1,4,0,1,6-1-1,6,1,1,1,1,68,10
2026-05-23_counterspell-games#3,2026-05-23_counterspell-games,3,"bertolt hoover, living weapon // bertolt, colossus titan advancing",aot02-002,"Fire No Diggity, No Doubt, CSpell",fire,3-1-1,3,1,1,4-2-1,4,2,1,1,1,60,10
2026-05-23_counterspell-games#4,2026-05-23_counterspell-games,4,"zeke yeager // zeke, beast titan",aot02-015,[RoK] Zeke Yeager,life,3-1-1,3,1,1,4-2-1,4,2,1,1,1,64,10
2026-05-23_counterspell-games#5,2026-05-23_counterspell-games,5,"anguirus, fierce dragon",gdz01-001,Angyball,earth,3-1-1,3,1,1,3-2-1,3,2,1,1,1,67,10
2026-05-23_counterspell-games#6,2026-05-23_counterspell-games,6,keyleth of the air ashari,cr02-009,Anna Deck,earth,3-1-1,3,1,1,3-2-1,3,2,1,1,1,63,10
2026-05-23_counterspell-games#7,2026-05-23_counterspell-games,7,hange zoë,aot01-010,Sawney and Bean,life,3-1-1,3,1,1,3-2-1,3,2,1,1,1,66,10
2026-05-23_counterspell-games#8,2026-05-23_counterspell-games,8,"mothra, divine moth",gdz01-013,Forbidden Lamp,good,3-2-0,3,2,0,3-3-0,3,3,0,1,1,64,10
2026-05-23_counterspell-games#9,2026-05-23_counterspell-games,9,burning godzilla,gdz01-004,Season 2 Burning Godzilla,void,3-2-0,3,2,0,3-2-0,3,2,0,0,1,78,10
2026-05-23_counterspell-games#10,2026-05-23_counterspell-games,10,"anguirus, fierce dragon",gdz01-001,Anguirus Earth,earth,3-2-0,3,2,0,3-2-0,3,2,0,0,1,67,10
2026-05-23_counterspell-games#11,2026-05-23_counterspell-games,11,"mothra, divine moth",gdz01-013,Best Kaiju Mothra,air,2-1-2,2,1,2,2-1-2,2,1,2,0,1,85,10
2026-05-23_counterspell-games#12,2026-05-23_counterspell-games,12,nagoriyuki,ggs01-006,Kreed P Deck,order,2-1-2,2,1,2,2-1-2,2,1,2,0,1,65,0
2026-05-23_counterspell-games#13,2026-05-23_counterspell-games,13,"king ghidorah, three-headed monster",gdz01-011,Cayman R Deck,death,2-2-1,2,2,1,2-2-1,2,2,1,0,1,71,10
2026-05-23_counterspell-games#14,2026-05-23_counterspell-games,14,"kurama, youko unleashed",yyhdt-064,Michael B Deck,life,2-2-1,2,2,1,2-2-1,2,2,1,0,1,71,10
2026-05-23_counterspell-games#15,2026-05-23_counterspell-games,15,"king ghidorah, three-headed monster",gdz01-011,Cristos Panos Deck,death,2-3-0,2,3,0,2-3-0,2,3,0,0,1,76,10
2026-05-23_counterspell-games#16,2026-05-23_counterspell-games,16,"d'vana tendi, eager science officer",stk0x-045,Tendi,life,1-3-0 +1 bye,,,,1-3-0,1,3,0,0,1,70,10
2026-05-23_counterspell-games#17,2026-05-23_counterspell-games,17,"annie leonhart, awakened // female titan, finale",aot03-001,Annie I'm not Ok,death,2-3-0,2,3,0,2-3-0,2,3,0,0,1,68,10
2026-05-23_counterspell-games#18,2026-05-23_counterspell-games,18,momo yaoyorozu,mha07-055,"THEY'RE NOT JUST BAGS OF MEAT,  THEY'RE FULL OF HOPES AND DREAMS",earth,1-2-2,1,2,2,1-2-2,1,2,2,0,1,64,10
2026-05-23_counterspell-games#19,2026-05-23_counterspell-games,19,"biollante, giant plant monster",gdz01-003,Audrey II,life,0-2-2 +1 bye,,,,0-2-2,0,2,2,0,1,69,10
2026-05-23_counterspell-games#20,2026-05-23_counterspell-games,20,"spacegodzilla, bio-quartz monster",gdz01-015,Space Zilla,evil,0-3-1 +1 bye,,,,0-3-1,0,3,1,0,1,67,10
2026-05-23_counterspell-games#21,2026-05-23_counterspell-games,21,paul phoenix,tk801-043,Bradley Smith Deck,all,0-2-1 +1 bye,,,,0-2-1,0,2,1,0,1,72,10
2026-05-23_counterspell-games#22,2026-05-23_counterspell-games,22,"rodan, giant monster of the sky",cha03krm-003,Carson P Deck,air,0-3-1 +1 bye,,,,0-3-1,0,3,1,0,1,80,10
2026-05-23_counterspell-games#23,2026-05-23_counterspell-games,23,"godzilla, king of the monsters",cha03gmm-001,Current Godzilla Ally Build.,earth,1-2-1,1,2,1,1-2-1,1,2,1,0,1,62,10
2026-05-23_counterspell-games#24,2026-05-23_counterspell-games,24,"godzilla, shin godzilla",gdz01-007,Shin Godzilla - Ponza,death,0-3-0,0,3,0,0-3-0,0,3,0,0,1,80,10
2026-05-23_counterspell-games#25,2026-05-23_counterspell-games,25,"hange zoë, four eyes",aot02-007,Live and Die at 1HP,death,0-3-0,0,3,0,0-3-0,0,3,0,0,1,69,10
2026-05-23_fairview-heights-il-us#1,2026-05-23_fairview-heights-il-us,1,"zeke yeager // zeke, beast titan",aot02-015,Pilot Zeke,fire,2-0-3,2,0,3,5-0-3,5,0,3,1,1,65,10
2026-05-23_fairview-heights-il-us#2,2026-05-23_fairview-heights-il-us,2,"armin arlert, power of the colossus // colossus titan, finale",aot03-002,Nick N Deck,order,3-0-2,3,0,2,5-1-2,5,1,2,1,1,74,10
2026-05-23_fairview-heights-il-us#3,2026-05-23_fairview-heights-il-us,3,nagoriyuki,ggs01-006,Nagoriyuki,order,3-1-1,3,1,1,4-2-1,4,2,1,1,1,63,0
2026-05-23_fairview-heights-il-us#4,2026-05-23_fairview-heights-il-us,4,"anguirus, fierce dragon",gdz01-001,Angry Dragon Armadillo Turtle Thingy,earth,2-0-3,2,0,3,3-1-3,3,1,3,1,1,65,10
2026-05-23_fairview-heights-il-us#5,2026-05-23_fairview-heights-il-us,5,"reiner braun, marley’s shield // armored titan, finale",aot03-013,Reiner,order,2-0-3,2,0,3,2-1-3,2,1,3,1,1,64,10
2026-05-23_fairview-heights-il-us#6,2026-05-23_fairview-heights-il-us,6,"jacob johnson, 2019 uk national champion",promo2026-002,Chase K Deck,water,2-0-3,2,0,3,2-1-3,2,1,3,1,1,74,10
2026-05-23_fairview-heights-il-us#7,2026-05-23_fairview-heights-il-us,7,"reiner braun, marley’s shield // armored titan, finale",aot03-013,ima try this shit one mo 'gin!\,order,2-0-3,2,0,3,2-1-3,2,1,3,1,1,62,10
2026-05-23_fairview-heights-il-us#8,2026-05-23_fairview-heights-il-us,8,"godzilla, king of the monsters",cha03gmm-001,King & Queen,earth,3-2-0,3,2,0,3-3-0,3,3,0,1,1,60,10
2026-05-23_fairview-heights-il-us#9,2026-05-23_fairview-heights-il-us,9,"pumat sol, magical proprietor",cr02-015,Chris Lambkin Deck,order,2-1-2,2,1,2,2-1-2,2,1,2,0,1,63,10
2026-05-23_fairview-heights-il-us#10,2026-05-23_fairview-heights-il-us,10,mitchell cimino,promo2025-053,Napp Jones Deck,order,2-1-2,2,1,2,2-1-2,2,1,2,0,1,65,10
2026-05-23_fairview-heights-il-us#11,2026-05-23_fairview-heights-il-us,11,"fearne calloway, mischievous faun",promo2025-050,Totally not a Fire Aggro deck,fire,2-3-0,2,3,0,2-3-0,2,3,0,0,1,71,0
2026-05-23_fairview-heights-il-us#12,2026-05-23_fairview-heights-il-us,12,burning godzilla,gdz01-004,BigMitch9000 Deck,earth,1-3-0 +1 bye,,,,1-3-0,1,3,0,0,1,90,10
2026-05-23_fairview-heights-il-us#13,2026-05-23_fairview-heights-il-us,13,"godzilla, shin godzilla",gdz01-007,"I don't know if there is much evolution going on here, mostly just destruction",death,0-2-2 +1 bye,,,,0-2-2,0,2,2,0,1,80,10
2026-05-23_fairview-heights-il-us#14,2026-05-23_fairview-heights-il-us,14,"caduceus clay, insightful caretaker",cr02-003,What damage?,death,0-3-1 +1 bye,,,,0-3-1,0,3,1,0,1,62,0
2026-05-23_fairview-heights-il-us#15,2026-05-23_fairview-heights-il-us,15,"king ghidorah, three-headed monster",gdz01-011,ALL King G,all,1-2-1,1,2,1,1-2-1,1,2,1,0,1,72,10
2026-05-23_fairview-heights-il-us#16,2026-05-23_fairview-heights-il-us,16,"godzilla, titan of terror",gdz01-008,Izzy  Lambkin  Deck,earth,1-2-0,1,2,0,1-2-0,1,2,0,0,1,65,0
2026-05-23_fairview-heights-il-us#17,2026-05-23_fairview-heights-il-us,17,"donatello, the smart one",tmnt01-004,DingleBear7 Deck,void,0-2-0 +1 bye,,,,0-2-0,0,2,0,0,1,71,0
2026-05-23_fairview-heights-il-us#18,2026-05-23_fairview-heights-il-us,18,mirko,mha07-046,Amelia Deck,fire,0-3-0,0,3,0,0-3-0,0,3,0,0,1,60,0
2026-05-23_fairview-heights-il-us#19,2026-05-23_fairview-heights-il-us,19,"jester lavorre, prankster priestess",crmn-001,Kalfro Deck,chaos,0-3-0,0,3,0,0-3-0,0,3,0,0,1,67,0
2026-05-23_lewis-center-oh-us#1,2026-05-23_lewis-center-oh-us,1,"pumat sol, magical proprietor",cr02-015,Spirit Beast Puumat,air,2-1-0,2,1,0,2-1-0,2,1,0,0,1,68,10
2026-05-23_lewis-center-oh-us#2,2026-05-23_lewis-center-oh-us,2,mitchell cimino,promo2025-053,Mitchell,good,2-1-0,2,1,0,2-1-0,2,1,0,0,1,66,10
2026-05-23_lewis-center-oh-us#3,2026-05-23_lewis-center-oh-us,3,"king ghidorah, three-headed monster",gdz01-011,KGMKII,death,2-1-0,2,1,0,2-1-0,2,1,0,0,1,92,10
2026-05-23_lewis-center-oh-us#4,2026-05-23_lewis-center-oh-us,4,mirko,mha07-046,Bun Invent,air,2-1-0,2,1,0,2-1-0,2,1,0,0,1,70,10
2026-05-23_lewis-center-oh-us#5,2026-05-23_lewis-center-oh-us,5,"anguirus, fierce dragon",gdz01-001,James Ulizza Deck,chaos,1-2-0,1,2,0,1-2-0,1,2,0,0,1,79,10
2026-05-23_lewis-center-oh-us#6,2026-05-23_lewis-center-oh-us,6,"hiei, dragon within",yyhdt-037,Big Short King,void,0-3-0,0,3,0,0-3-0,0,3,0,0,1,74,10
2026-05-23_novi-mi-us#1,2026-05-23_novi-mi-us,1,"rodan, giant monster of the sky",cha03krm-003,Air Rodan,air,3-0-1,3,0,1,6-0-1,6,0,1,1,1,60,10
2026-05-23_novi-mi-us#2,2026-05-23_novi-mi-us,2,mitchell cimino,promo2025-053,good,good,3-0-1,3,0,1,5-1-1,5,1,1,1,1,71,10
2026-05-23_novi-mi-us#3,2026-05-23_novi-mi-us,3,mitchell cimino,promo2025-053,I am playing 4x Mai fighting style,order,3-0-1,3,0,1,4-1-1,4,1,1,1,1,72,10
2026-05-23_novi-mi-us#4,2026-05-23_novi-mi-us,4,"king ghidorah, three-headed monster",gdz01-011,Juicy G,death,3-1-0,3,1,0,4-2-0,4,2,0,1,1,60,10
2026-05-23_novi-mi-us#5,2026-05-23_novi-mi-us,5,bridget,ggs01-001,O-3 Drop,air,3-1-0,3,1,0,3-2-0,3,2,0,1,1,60,10
2026-05-23_novi-mi-us#6,2026-05-23_novi-mi-us,6,"rodan, giant monster of the sky",cha03krm-003,Control Slop,void,2-2-0,2,2,0,2-3-0,2,3,0,1,1,75,10
2026-05-23_novi-mi-us#7,2026-05-23_novi-mi-us,7,"hedorah, smog monster",gdz01-009,UWU Throw you,earth,2-2-0,2,2,0,2-3-0,2,3,0,1,1,60,10
2026-05-23_novi-mi-us#8,2026-05-23_novi-mi-us,8,"pumat sol, magical proprietor",cr02-015,Sridhar A Deck,air,2-2-0,2,2,0,2-3-0,2,3,0,1,1,70,10
2026-05-23_novi-mi-us#9,2026-05-23_novi-mi-us,9,"mikasa ackerman, hizuru’s hope",aot03-010,Mikasa's Air Of Death,confused,2-2-0,2,2,0,2-2-0,2,2,0,0,1,66,10
2026-05-23_novi-mi-us#10,2026-05-23_novi-mi-us,10,mitchell cimino,promo2025-053,"But Dr, I am Pagliacci",good,1-2-1,1,2,1,1-2-1,1,2,1,0,1,69,10
2026-05-23_novi-mi-us#11,2026-05-23_novi-mi-us,11,toru hagakure (ii),mha07-191,Toru II,air,1-2-1,1,2,1,1-2-1,1,2,1,0,1,72,10
2026-05-23_novi-mi-us#12,2026-05-23_novi-mi-us,12,"reiner braun, marley’s shield // armored titan, finale",aot03-013,Reiny B,order,1-2-1,1,2,1,1-2-1,1,2,1,0,1,62,10
2026-05-23_novi-mi-us#13,2026-05-23_novi-mi-us,13,"king ghidorah, three-headed monster",gdz01-011,Joshstys Deck,death,1-3-0,1,3,0,1-3-0,1,3,0,0,1,70,10
2026-05-23_novi-mi-us#14,2026-05-23_novi-mi-us,14,"donatello, the smart one",tmnt01-004,Dreamer21642 Deck,void,1-3-0,1,3,0,1-3-0,1,3,0,0,1,77,0
2026-05-23_novi-mi-us#15,2026-05-23_novi-mi-us,15,"michelangelo, the wild card",tmnt01-009,pirateghetto Deck,air,1-3-0,1,3,0,1-3-0,1,3,0,0,1,64,0
2026-05-23_novi-mi-us#16,2026-05-23_novi-mi-us,16,"taryon darrington, naive creator",cr02-017,Scary Terry Deck,life,0-4-0,0,4,0,0-4-0,0,4,0,0,1,60,0
2026-05-23_sheffield-gb#1,2026-05-23_sheffield-gb,1,"reiner braun, marley’s shield // armored titan, finale",aot03-013,Nathan James Deck,order,4-0-1,4,0,1,7-0-1,7,0,1,1,1,62,10
2026-05-23_sheffield-gb#2,2026-05-23_sheffield-gb,2,"anguirus, fierce dragon",gdz01-001,Jordan S Deck,earth,3-1-1,3,1,1,5-2-1,5,2,1,1,1,66,10
2026-05-23_sheffield-gb#3,2026-05-23_sheffield-gb,3,"mothra, divine moth",gdz01-013,Emma Deck,air,3-1-1,3,1,1,4-2-1,4,2,1,1,1,78,10
2026-05-23_sheffield-gb#4,2026-05-23_sheffield-gb,4,"allura vysoren, arcanist of tal'dorei",cr02-001,Allura vysoren,void,2-2-0 +1 bye,,,,3-3-0,3,3,0,1,1,78,10
2026-05-23_sheffield-gb#5,2026-05-23_sheffield-gb,5,"scanlan shorthalt, devious troubadour",cr02-016,BEADS OF LOVE,earth,4-1-0,4,1,0,4-2-0,4,2,0,1,1,74,10
2026-05-23_sheffield-gb#6,2026-05-23_sheffield-gb,6,"godzilla, shin godzilla",gdz01-007,Shin Godzilla,death,4-1-0,4,1,0,4-2-0,4,2,0,1,1,66,10
2026-05-23_sheffield-gb#7,2026-05-23_sheffield-gb,7,"dorian storm, charming minstrel",promo2025-048,Rocco C Deck,good,3-1-1,3,1,1,3-2-1,3,2,1,1,1,72,0
2026-05-23_sheffield-gb#8,2026-05-23_sheffield-gb,8,"reiner braun, marley’s shield // armored titan, finale",aot03-013,Scott B Deck,order,3-2-0,3,2,0,3-3-0,3,3,0,1,1,63,10
2026-05-23_sheffield-gb#9,2026-05-23_sheffield-gb,9,"hedorah, smog monster",gdz01-009,Smegdorah,death,3-2-0,3,2,0,3-2-0,3,2,0,0,1,66,10
2026-05-23_sheffield-gb#10,2026-05-23_sheffield-gb,10,"godzilla, titan of terror",gdz01-008,Titti Terror,earth,2-2-0 +1 bye,,,,2-2-0,2,2,0,0,1,61,10
2026-05-23_sheffield-gb#11,2026-05-23_sheffield-gb,11,"reiner braun, marley’s shield // armored titan, finale",aot03-013,If you can’t beat em…,chaos,2-2-1,2,2,1,2-2-1,2,2,1,0,1,65,10
2026-05-23_sheffield-gb#12,2026-05-23_sheffield-gb,12,"godzilla, shin godzilla",gdz01-007,Declans Deck ;),death,2-2-1,2,2,1,2-2-1,2,2,1,0,1,60,0
2026-05-23_sheffield-gb#13,2026-05-23_sheffield-gb,13,"mothra, divine moth",gdz01-013,Hail to the Queen,good,2-3-0,2,3,0,2-3-0,2,3,0,0,1,73,10
2026-05-23_sheffield-gb#14,2026-05-23_sheffield-gb,14,"king ghidorah, three-headed monster",gdz01-011,Ghidora Snipe,evil,2-3-0,2,3,0,2-3-0,2,3,0,0,1,69,10
2026-05-23_sheffield-gb#15,2026-05-23_sheffield-gb,15,"reiner braun, warrior // reiner, armored titan advancing",aot02-013,Brandon Hart Deck,fire,2-3-0,2,3,0,2-3-0,2,3,0,0,1,76,10
2026-05-23_sheffield-gb#16,2026-05-23_sheffield-gb,16,"king ghidorah, three-headed monster",gdz01-011,It's 2024 again,death,1-3-0 +1 bye,,,,1-3-0,1,3,0,0,1,73,10
2026-05-23_sheffield-gb#17,2026-05-23_sheffield-gb,17,bridget,ggs01-001,Bridgeteer General,water,0-2-2 +1 bye,,,,0-2-2,0,2,2,0,1,65,0
2026-05-23_sheffield-gb#18,2026-05-23_sheffield-gb,18,"anguirus, fierce dragon",gdz01-001,angy dragon,earth,1-3-1,1,3,1,1-3-1,1,3,1,0,1,67,0
2026-05-23_sheffield-gb#19,2026-05-23_sheffield-gb,19,bridget,ggs01-001,Bridget,air,1-3-1,1,3,1,1-3-1,1,3,1,0,1,60,0
2026-05-23_sheffield-gb#20,2026-05-23_sheffield-gb,20,bridget,ggs01-001,Brisket time baby,water,1-4-0,1,4,0,1-4-0,1,4,0,0,1,61,10
2026-05-23_sheffield-gb#21,2026-05-23_sheffield-gb,21,"grog strongjaw, mighty half-giant",cr02-007,HealedPrism Deck,fire,0-4-0 +1 bye,,,,0-4-0,0,4,0,0,1,64,0
2026-05-24_alicante-es#1,2026-05-24_alicante-es,1,"reiner braun, marley’s shield // armored titan, finale",aot03-013,WUB,order,4-0-1,4,0,1,6-1-1,6,1,1,1,1,64,10
2026-05-24_alicante-es#2,2026-05-24_alicante-es,2,"zeke yeager, warchief",aot03-015,Zeke Warchief - Granados Warning Team,chaos,2-1-1 +1 bye,,,,5-1-1,5,1,1,1,1,70,10
2026-05-24_alicante-es#3,2026-05-24_alicante-es,3,"king ghidorah, three-headed monster",gdz01-011,Teo V Deck,confused,3-1-1,3,1,1,4-2-1,4,2,1,1,1,67,10
2026-05-24_alicante-es#4,2026-05-24_alicante-es,4,"anguirus, fierce dragon",gdz01-001,LC Round 2 Earth Anguirus,earth,3-1-1,3,1,1,4-2-1,4,2,1,1,1,63,10
2026-05-24_alicante-es#5,2026-05-24_alicante-es,5,"pieck finger, panzer unit cartman // cart titan, finale",aot03-011,Kevin Torregrosa WT Deck,death,3-1-1,3,1,1,3-2-1,3,2,1,1,1,74,10
2026-05-24_alicante-es#6,2026-05-24_alicante-es,6,"mothra, divine moth",gdz01-013,mario S Deck,air,2-1-1 +1 bye,,,,2-2-1,2,2,1,1,1,80,0
2026-05-24_alicante-es#7,2026-05-24_alicante-es,7,"mechagodzilla, modified type-3 kiryu",gdz01-012,Pablo Fraile Warning Team Deck,order,3-1-1,3,1,1,3-2-1,3,2,1,1,1,69,10
2026-05-24_alicante-es#8,2026-05-24_alicante-es,8,"anguirus, fierce dragon",gdz01-001,sergio t Deck,earth,3-2-0,3,2,0,3-3-0,3,3,0,1,1,67,10
2026-05-24_alicante-es#9,2026-05-24_alicante-es,9,"godzilla, king of the monsters",cha03gmm-001,Godzilla Local Championship 24/05/2026,earth,3-2-0,3,2,0,3-2-0,3,2,0,0,1,61,10
2026-05-24_alicante-es#10,2026-05-24_alicante-es,10,"godzilla, shin godzilla",gdz01-007,Shin zilla goes to Spain,death,3-2-0,3,2,0,3-2-0,3,2,0,0,1,60,0
2026-05-24_alicante-es#11,2026-05-24_alicante-es,11,"meitenkun, sleeping prodigy",kf0x-002,WT BUILD FREE,earth,2-1-2,2,1,2,2-1-2,2,1,2,0,1,67,10
2026-05-24_alicante-es#12,2026-05-24_alicante-es,12,"anguirus, fierce dragon",gdz01-001,LAURA S Deck,earth,2-2-1,2,2,1,2-2-1,2,2,1,0,1,60,10
2026-05-24_alicante-es#13,2026-05-24_alicante-es,13,"pumat sol, magical proprietor",cr02-015,"Pumat, new Standard.",order,2-3-0,2,3,0,2-3-0,2,3,0,0,1,60,10
2026-05-24_alicante-es#14,2026-05-24_alicante-es,14,"godzilla, shin godzilla",gdz01-007,Alex Torregrosa WT Deck,death,2-3-0,2,3,0,2-3-0,2,3,0,0,1,74,10
2026-05-24_alicante-es#15,2026-05-24_alicante-es,15,"sung jinwoo, e rank hunter",sl01-001,ADRIAN S Deck,death,2-3-0,2,3,0,2-3-0,2,3,0,0,1,73,10
2026-05-24_alicante-es#16,2026-05-24_alicante-es,16,"fresh cut grass, positive reinforcement",promo2024-001,Positive Reinforcement🍍,water,2-3-0,2,3,0,2-3-0,2,3,0,0,1,71,10
2026-05-24_alicante-es#17,2026-05-24_alicante-es,17,"jamie siu, peacekeeping breakdancer",sf60x-023,Dario Gosalbez Deck,air,2-3-0,2,3,0,2-3-0,2,3,0,0,1,60,0
2026-05-24_alicante-es#18,2026-05-24_alicante-es,18,"hedorah, smog monster",gdz01-009,La Cosa del Pantano,death,1-3-0,1,3,0,1-3-0,1,3,0,0,1,67,0
2026-05-24_alicante-es#19,2026-05-24_alicante-es,19,"godzilla, king of the monsters",cha03gmm-001,Wertry  Deck,earth,0-3-0 +1 bye,,,,0-3-0,0,3,0,0,1,61,0
2026-05-24_alicante-es#20,2026-05-24_alicante-es,20,bridget,ggs01-001,Brisket Bun Deck,water,0-4-0 +1 bye,,,,0-4-0,0,4,0,0,1,62,10
2026-05-24_alicante-es#21,2026-05-24_alicante-es,21,"izuku midoriya, on the move // izuku midoriya, quirks unleashed",mha08-001,Izuku midoriya's deck,life,0-4-0 +1 bye,,,,0-4-0,0,4,0,0,1,60,0
2026-05-24_san-francisco-ca-us#1,2026-05-24_san-francisco-ca-us,1,"meitenkun, sleeping prodigy",kf0x-002,King of Naps,earth,3-1-0,3,1,0,5-1-0,5,1,0,1,1,63,10
2026-05-24_san-francisco-ca-us#2,2026-05-24_san-francisco-ca-us,2,"rodan, giant monster of the sky",cha03krm-003,The Resistance,void,4-0-0,4,0,0,5-1-0,5,1,0,1,1,99,10
2026-05-24_san-francisco-ca-us#3,2026-05-24_san-francisco-ca-us,3,"reiner braun // reiner, armored titan",aot01-017,Quinn F Deck,death,3-1-0,3,1,0,3-2-0,3,2,0,1,1,60,10
2026-05-24_san-francisco-ca-us#4,2026-05-24_san-francisco-ca-us,4,woman,mha07-110,Ricky-san Deck,evil,3-1-0,3,1,0,3-2-0,3,2,0,1,1,60,10
2026-05-24_san-francisco-ca-us#5,2026-05-24_san-francisco-ca-us,5,"jester lavorre, prankster priestess",crmn-001,Jester is a Menace,fire,1-2-0 +1 bye,,,,1-2-0,1,2,0,0,1,67,0
2026-05-24_san-francisco-ca-us#6,2026-05-24_san-francisco-ca-us,6,happy chaos,ggs01-002,soouuper Deck,all,2-2-0,2,2,0,2-2-0,2,2,0,0,1,63,10
2026-05-24_san-francisco-ca-us#7,2026-05-24_san-francisco-ca-us,7,botan,yyhdt-161,Grim Reaper,order,0-3-0 +1 bye,,,,0-3-0,0,3,0,0,1,60,10
2026-05-24_san-francisco-ca-us#8,2026-05-24_san-francisco-ca-us,8,"anguirus, fierce dragon",gdz01-001,Anguirus (Chaos),chaos,0-3-0 +1 bye,,,,0-3-0,0,3,0,0,1,73,10
2026-05-24_san-francisco-ca-us#9,2026-05-24_san-francisco-ca-us,9,may,ggs01-005,May Deck,water,0-3-0 +1 bye,,,,0-3-0,0,3,0,0,1,77,10
2026-05-30_las-vegas-nv-us#1,2026-05-30_las-vegas-nv-us,1,mitchell cimino,promo2025-053,I should be playing battra arrives,order,4-0-2 +1 bye,,,,7-0-2,7,0,2,1,1,72,10
2026-05-30_las-vegas-nv-us#2,2026-05-30_las-vegas-nv-us,2,pony tsunotori,mha07-098,The cabal called so I answered,earth,4-0-2 +1 bye,,,,6-1-2,6,1,2,1,1,64,10
2026-05-30_las-vegas-nv-us#3,2026-05-30_las-vegas-nv-us,3,"rodan, giant monster of the sky",cha03krm-003,The Resistance,void,4-0-2 +1 bye,,,,5-1-2,5,1,2,1,1,99,10
2026-05-30_las-vegas-nv-us#4,2026-05-30_las-vegas-nv-us,4,"anguirus, fierce dragon",gdz01-001,Chef Morimoto,earth,4-1-1 +1 bye,,,,5-2-1,5,2,1,1,1,60,10
2026-05-30_las-vegas-nv-us#5,2026-05-30_las-vegas-nv-us,5,pony tsunotori,mha07-098,Disaster Pony,earth,5-1-0 +1 bye,,,,5-2-0,5,2,0,1,1,65,10
2026-05-30_las-vegas-nv-us#6,2026-05-30_las-vegas-nv-us,6,"rodan, giant monster of the sky",cha03krm-003,Big Pile,void,4-0-2 +1 bye,,,,4-1-2,4,1,2,1,1,90,10
2026-05-30_las-vegas-nv-us#7,2026-05-30_las-vegas-nv-us,7,"rodan, giant monster of the sky",cha03krm-003,Air Rodan,air,4-0-2 +1 bye,,,,4-1-2,4,1,2,1,1,60,10
2026-05-30_las-vegas-nv-us#8,2026-05-30_las-vegas-nv-us,8,"jester lavorre, prankster priestess",crmn-001,Brett M Deck,life,5-1-1,5,1,1,5-2-1,5,2,1,1,1,73,10
2026-05-30_las-vegas-nv-us#9,2026-05-30_las-vegas-nv-us,9,"reiner braun, marley’s shield // armored titan, finale",aot03-013,Reiner3 v2,order,5-1-1,5,1,1,5-1-1,5,1,1,0,1,74,10
2026-05-30_las-vegas-nv-us#10,2026-05-30_las-vegas-nv-us,10,"mikasa ackerman, hizuru’s hope",aot03-010,Once I Get Up There,air,4-1-1 +1 bye,,,,4-1-1,4,1,1,0,1,62,10
2026-05-30_las-vegas-nv-us#11,2026-05-30_las-vegas-nv-us,11,"godzilla, shin godzilla",gdz01-007,Shin Goes To Vegas,chaos,5-2-0,5,2,0,5-2-0,5,2,0,0,1,70,10
2026-05-30_las-vegas-nv-us#12,2026-05-30_las-vegas-nv-us,12,krista lenz,aot01-013,Krista,order,5-2-0,5,2,0,5-2-0,5,2,0,0,1,63,10
2026-05-30_las-vegas-nv-us#13,2026-05-30_las-vegas-nv-us,13,"rodan, giant monster of the sky",cha03krm-003,andrew porat will bully me no longer,void,4-2-0 +1 bye,,,,4-2-0,4,2,0,0,1,93,10
2026-05-30_las-vegas-nv-us#14,2026-05-30_las-vegas-nv-us,14,"biollante, giant plant monster",gdz01-003,Vegas Bio,water,4-2-0 +1 bye,,,,4-2-0,4,2,0,0,1,70,10
2026-05-30_las-vegas-nv-us#15,2026-05-30_las-vegas-nv-us,15,"pumat sol, magical proprietor",cr02-015,Pumat Vegas,order,5-2-0,5,2,0,5-2-0,5,2,0,0,1,65,10
2026-05-30_las-vegas-nv-us#16,2026-05-30_las-vegas-nv-us,16,krista lenz,aot01-013,Bob's Order Krista,order,4-1-2,4,1,2,4-1-2,4,1,2,0,1,60,10
2026-05-30_las-vegas-nv-us#17,2026-05-30_las-vegas-nv-us,17,"pumat sol, magical proprietor",cr02-015,Pumat Vegas Regional,order,3-1-2 +1 bye,,,,3-1-2,3,1,2,0,1,70,10
2026-05-30_las-vegas-nv-us#18,2026-05-30_las-vegas-nv-us,18,"ymir // ymir, jaw titan",aot01-020,Ymir 2026,life,3-2-1 +1 bye,,,,3-2-1,3,2,1,0,1,60,10
2026-05-30_las-vegas-nv-us#19,2026-05-30_las-vegas-nv-us,19,"mothra, divine moth",gdz01-013,Scott S Deck,order,3-2-1 +1 bye,,,,3-2-1,3,2,1,0,1,66,10
2026-05-30_las-vegas-nv-us#20,2026-05-30_las-vegas-nv-us,20,"king ghidorah, three-headed monster",gdz01-011,Cory H Deck  vegas,evil,4-2-1,4,2,1,4-2-1,4,2,1,0,1,72,10
2026-05-30_las-vegas-nv-us#21,2026-05-30_las-vegas-nv-us,21,"king ghidorah, three-headed monster",gdz01-011,Hail to the King!,all,4-2-1,4,2,1,4-2-1,4,2,1,0,1,66,10
2026-05-30_las-vegas-nv-us#22,2026-05-30_las-vegas-nv-us,22,"reiner braun, marley’s shield // armored titan, finale",aot03-013,Dominic B Deck,order,4-2-1,4,2,1,4-2-1,4,2,1,0,1,63,10
2026-05-30_las-vegas-nv-us#23,2026-05-30_las-vegas-nv-us,23,mitchell cimino,promo2025-053,good,good,3-2-1 +1 bye,,,,3-2-1,3,2,1,0,1,72,10
2026-05-30_las-vegas-nv-us#24,2026-05-30_las-vegas-nv-us,24,mitchell cimino,promo2025-053,Mitch Vegas 2026,order,4-2-1,4,2,1,4-2-1,4,2,1,0,1,68,10
2026-05-30_las-vegas-nv-us#25,2026-05-30_las-vegas-nv-us,25,"godzilla, titan of terror",gdz01-008,Titan of Terror Rebuild,earth,3-2-1 +1 bye,,,,3-2-1,3,2,1,0,1,73,10
2026-05-30_las-vegas-nv-us#26,2026-05-30_las-vegas-nv-us,26,"godzilla, shin godzilla",gdz01-007,Godzilla Vegas,chaos,3-3-0 +1 bye,,,,3-3-0,3,3,0,0,1,70,10
2026-05-30_las-vegas-nv-us#27,2026-05-30_las-vegas-nv-us,27,pony tsunotori,mha07-098,The Pony Cabal Rides Again,earth,3-3-0 +1 bye,,,,3-3-0,3,3,0,0,1,65,10
2026-05-30_las-vegas-nv-us#28,2026-05-30_las-vegas-nv-us,28,"pieck finger, panzer unit cartman // cart titan, finale",aot03-011,Hold Them Down,death,4-3-0,4,3,0,4-3-0,4,3,0,0,1,60,10
2026-05-30_las-vegas-nv-us#29,2026-05-30_las-vegas-nv-us,29,"mothra, divine moth",gdz01-013,Moth Balls Taste Like Fall,air,4-3-0,4,3,0,4-3-0,4,3,0,0,1,85,10
2026-05-30_las-vegas-nv-us#30,2026-05-30_las-vegas-nv-us,30,mitchell cimino,promo2025-053,Nicholas Ragan  Deck,order,4-3-0,4,3,0,4-3-0,4,3,0,0,1,60,10
2026-05-30_las-vegas-nv-us#31,2026-05-30_las-vegas-nv-us,31,pony tsunotori,mha07-098,The Pony Cabal Rides Again,earth,4-3-0,4,3,0,4-3-0,4,3,0,0,1,65,10
2026-05-30_las-vegas-nv-us#32,2026-05-30_las-vegas-nv-us,32,"annie leonhart, awakened // female titan, finale",aot03-001,"Annie, Awakened - Death",death,4-3-0,4,3,0,4-3-0,4,3,0,0,1,60,10
2026-05-30_las-vegas-nv-us#33,2026-05-30_las-vegas-nv-us,33,"anguirus, fierce dragon",gdz01-001,Earth Anguirus,earth,3-3-0 +1 bye,,,,3-3-0,3,3,0,0,1,63,10
2026-05-30_las-vegas-nv-us#34,2026-05-30_las-vegas-nv-us,34,"reiner braun, marley’s shield // armored titan, finale",aot03-013,Reiner 3,order,3-3-0 +1 bye,,,,3-3-0,3,3,0,0,1,62,10
2026-05-30_las-vegas-nv-us#35,2026-05-30_las-vegas-nv-us,35,pony tsunotori,mha07-098,Pony Vegas,earth,4-3-0,4,3,0,4-3-0,4,3,0,0,1,65,10
2026-05-30_las-vegas-nv-us#36,2026-05-30_las-vegas-nv-us,36,"mothra, divine moth",gdz01-013,Flashray Mothra,air,4-3-0,4,3,0,4-3-0,4,3,0,0,1,86,10
2026-05-30_las-vegas-nv-us#37,2026-05-30_las-vegas-nv-us,37,"bertolt hoover // bertolt, colossus titan",aot01-005,Bertolt LOLs,chaos,4-3-0,4,3,0,4-3-0,4,3,0,0,1,60,10
2026-05-30_las-vegas-nv-us#38,2026-05-30_las-vegas-nv-us,38,"reiner braun, marley’s shield // armored titan, finale",aot03-013,Reiner Vegas,order,3-1-3,3,1,3,3-1-3,3,1,3,0,1,64,10
2026-05-30_las-vegas-nv-us#39,2026-05-30_las-vegas-nv-us,39,"reiner braun, warrior // reiner, armored titan advancing",aot02-013,"My love, my muse, my mill",fire,3-2-2,3,2,2,3-2-2,3,2,2,0,1,65,10
2026-05-30_las-vegas-nv-us#40,2026-05-30_las-vegas-nv-us,40,"rodan, giant monster of the sky",cha03krm-003,Rodan Main Void,void,2-2-2 +1 bye,,,,2-2-2,2,2,2,0,1,81,10
2026-05-30_las-vegas-nv-us#41,2026-05-30_las-vegas-nv-us,41,toru hagakure (ii),mha07-191,Toru (II - Air - Vegas 2026),air,3-2-2,3,2,2,3-2-2,3,2,2,0,1,72,10
2026-05-30_las-vegas-nv-us#42,2026-05-30_las-vegas-nv-us,42,"biollante, giant plant monster",gdz01-003,Aaron L Deck,earth,3-3-1,3,3,1,3-3-1,3,3,1,0,1,74,10
2026-05-30_las-vegas-nv-us#43,2026-05-30_las-vegas-nv-us,43,"rodan, giant monster of the sky",cha03krm-003,The Carson Special,void,3-3-1,3,3,1,3-3-1,3,3,1,0,1,100,10
2026-05-30_las-vegas-nv-us#44,2026-05-30_las-vegas-nv-us,44,"battra, beast of destruction",gdz01-002,Dayton S Deck,air,3-3-1,3,3,1,3-3-1,3,3,1,0,1,69,10
2026-05-30_las-vegas-nv-us#45,2026-05-30_las-vegas-nv-us,45,"anguirus, fierce dragon",gdz01-001,Anguirus The Las Vegas Smasher,earth,3-3-1,3,3,1,3-3-1,3,3,1,0,1,64,10
2026-05-30_las-vegas-nv-us#46,2026-05-30_las-vegas-nv-us,46,"anguirus, fierce dragon",gdz01-001,Angrius,earth,2-1-4,2,1,4,2-1-4,2,1,4,0,1,65,10
2026-05-30_las-vegas-nv-us#47,2026-05-30_las-vegas-nv-us,47,"reiner braun, marley’s shield // armored titan, finale",aot03-013,Edgar P Deck,order,3-3-1,3,3,1,3-3-1,3,3,1,0,1,60,10
2026-05-30_las-vegas-nv-us#48,2026-05-30_las-vegas-nv-us,48,"reiner braun, marley’s shield // armored titan, finale",aot03-013,Reiner 3 - Order (Vegas),order,2-2-0 +1 bye,,,,2-2-0,2,2,0,0,1,63,10
2026-05-30_las-vegas-nv-us#49,2026-05-30_las-vegas-nv-us,49,himiko toga,mha07-001,Journey to the end of the Bloodsucking Universus,evil,2-4-0 +1 bye,,,,2-4-0,2,4,0,0,1,60,10
2026-05-30_las-vegas-nv-us#50,2026-05-30_las-vegas-nv-us,50,pony tsunotori,mha07-098,"One Man, One Pony",earth,3-4-0,3,4,0,3-4-0,3,4,0,0,1,65,10
2026-05-30_las-vegas-nv-us#51,2026-05-30_las-vegas-nv-us,51,"rodan, giant monster of the sky",cha03krm-003,Kyle Goguen Deck,void,3-4-0,3,4,0,3-4-0,3,4,0,0,1,89,10
2026-05-30_las-vegas-nv-us#52,2026-05-30_las-vegas-nv-us,52,pony tsunotori,mha07-098,Horse Girl Cabal,earth,2-4-0 +1 bye,,,,2-4-0,2,4,0,0,1,65,10
2026-05-30_las-vegas-nv-us#53,2026-05-30_las-vegas-nv-us,53,"benimaru, shooting star",kf0x-003,Perfect Hair Forever,chaos,3-4-0,3,4,0,3-4-0,3,4,0,0,1,60,10
2026-05-30_las-vegas-nv-us#54,2026-05-30_las-vegas-nv-us,54,"sasha blouse, food fanatic",aot02-014,Christopher De Lozier Deck,chaos,3-4-0,3,4,0,3-4-0,3,4,0,0,1,67,10
2026-05-30_las-vegas-nv-us#55,2026-05-30_las-vegas-nv-us,55,"king ghidorah, three-headed monster",gdz01-011,King ghidorah 2 vs vegas,death,2-2-3,2,2,3,2-2-3,2,2,3,0,1,60,10
2026-05-30_las-vegas-nv-us#56,2026-05-30_las-vegas-nv-us,56,"mothra, divine moth",gdz01-013,i pay for an hour I'm getting an hour,air,3-4-0,3,4,0,3-4-0,3,4,0,0,1,87,10
2026-05-30_las-vegas-nv-us#57,2026-05-30_las-vegas-nv-us,57,the joker,promo2024-005,Brad Manning Deck,void,2-2-3,2,2,3,2-2-3,2,2,3,0,1,71,10
2026-05-30_las-vegas-nv-us#58,2026-05-30_las-vegas-nv-us,58,the joker,promo2024-005,Tazio Ferrigno  Deck,void,3-4-0,3,4,0,3-4-0,3,4,0,0,1,80,10
2026-05-30_las-vegas-nv-us#59,2026-05-30_las-vegas-nv-us,59,"king ghidorah, three-headed monster",gdz01-011,King Ghidorah II - Vegas,death,1-2-3 +1 bye,,,,1-2-3,1,2,3,0,1,74,10
2026-05-30_las-vegas-nv-us#60,2026-05-30_las-vegas-nv-us,60,burning godzilla,gdz01-004,Everyday is Like Monday,earth,3-4-0,3,4,0,3-4-0,3,4,0,0,1,90,10
2026-05-30_las-vegas-nv-us#61,2026-05-30_las-vegas-nv-us,61,burning godzilla,gdz01-004,Kaiju Candle,fire,3-4-0,3,4,0,3-4-0,3,4,0,0,1,80,10
2026-05-30_las-vegas-nv-us#62,2026-05-30_las-vegas-nv-us,62,"biollante, giant plant monster",gdz01-003,Biollante Deck,earth,2-2-3,2,2,3,2-2-3,2,2,3,0,1,65,10
2026-05-30_las-vegas-nv-us#63,2026-05-30_las-vegas-nv-us,63,"mechagodzilla, modified type-3 kiryu",gdz01-012,Mechagodzilla Order,order,2-3-2,2,3,2,2-3-2,2,3,2,0,1,70,10
2026-05-30_las-vegas-nv-us#64,2026-05-30_las-vegas-nv-us,64,"anguirus, fierce dragon",gdz01-001,Elizabeth Deck,earth,2-3-2,2,3,2,2-3-2,2,3,2,0,1,60,0
2026-05-30_las-vegas-nv-us#65,2026-05-30_las-vegas-nv-us,65,"annie leonhart, awakened // female titan, finale",aot03-001,Ricky-san Deck,death,1-3-2 +1 bye,,,,1-3-2,1,3,2,0,1,62,10
2026-05-30_las-vegas-nv-us#66,2026-05-30_las-vegas-nv-us,66,devil jin,tk801-040,Make-A-Wish Deck,chaos,2-3-2,2,3,2,2-3-2,2,3,2,0,1,67,10
2026-05-30_las-vegas-nv-us#67,2026-05-30_las-vegas-nv-us,67,"biollante, giant plant monster",gdz01-003,Robert M-Vegas Regional,earth,2-4-1,2,4,1,2-4-1,2,4,1,0,1,70,10
2026-05-30_las-vegas-nv-us#68,2026-05-30_las-vegas-nv-us,68,"isla, dreaming brilliance",kf0x-023,Alexa play Kiss From a Rose by Seal,void,2-4-1,2,4,1,2-4-1,2,4,1,0,1,70,10
2026-05-30_las-vegas-nv-us#69,2026-05-30_las-vegas-nv-us,69,"mechagodzilla, modified type-3 kiryu",gdz01-012,Randy T Regional,order,2-4-1,2,4,1,2-4-1,2,4,1,0,1,72,10
2026-05-30_las-vegas-nv-us#70,2026-05-30_las-vegas-nv-us,70,kyoka jiro,mha07-019,Jiro 3 ALX,good,1-4-1 +1 bye,,,,1-4-1,1,4,1,0,1,66,10
2026-05-30_las-vegas-nv-us#71,2026-05-30_las-vegas-nv-us,71,"reiner braun, marley’s shield // armored titan, finale",aot03-013,Shield,order,1-1-0 +1 bye,,,,1-1-0,1,1,0,0,1,62,10
2026-05-30_las-vegas-nv-us#72,2026-05-30_las-vegas-nv-us,72,pony tsunotori,mha07-098,Steven S (Surfwiz) Deck,earth,1-5-0 +1 bye,,,,1-5-0,1,5,0,0,1,65,10
2026-05-30_las-vegas-nv-us#73,2026-05-30_las-vegas-nv-us,73,"pieck finger, panzer unit cartman // cart titan, finale",aot03-011,Finger Time,death,2-5-0,2,5,0,2-5-0,2,5,0,0,1,66,10
2026-05-30_las-vegas-nv-us#74,2026-05-30_las-vegas-nv-us,74,"rodan, giant monster of the sky",cha03krm-003,Rodan 1 - Air - Vegas,air,0-3-3 +1 bye,,,,0-3-3,0,3,3,0,1,63,10
2026-05-30_las-vegas-nv-us#75,2026-05-30_las-vegas-nv-us,75,"mechagodzilla, modified type-3 kiryu",gdz01-012,Kiryu Type-3,order,2-5-0,2,5,0,2-5-0,2,5,0,0,1,65,10
2026-05-30_las-vegas-nv-us#76,2026-05-30_las-vegas-nv-us,76,"spacegodzilla, bio-quartz monster",gdz01-015,Ponyg702  Deck,chaos,2-5-0,2,5,0,2-5-0,2,5,0,0,1,65,0
2026-05-30_las-vegas-nv-us#77,2026-05-30_las-vegas-nv-us,77,"godzilla, shin godzilla",gdz01-007,Fear and Loathing,death,2-4-0,2,4,0,2-4-0,2,4,0,0,1,65,10
2026-05-30_las-vegas-nv-us#78,2026-05-30_las-vegas-nv-us,78,"anguirus, fierce dragon",gdz01-001,John Deck,earth,1-5-0 +1 bye,,,,1-5-0,1,5,0,0,1,64,0
2026-05-30_las-vegas-nv-us#79,2026-05-30_las-vegas-nv-us,79,"reiner braun, marley’s shield // armored titan, finale",aot03-013,Angela W Deck,order,1-4-2,1,4,2,1-4-2,1,4,2,0,1,66,10
2026-05-30_las-vegas-nv-us#80,2026-05-30_las-vegas-nv-us,80,"april o’neil, high school reporter",tmnt01-001,Breaking News,void,1-5-1,1,5,1,1-5-1,1,5,1,0,1,60,10
2026-05-30_las-vegas-nv-us#81,2026-05-30_las-vegas-nv-us,81,"grog strongjaw, mighty half-giant",cr02-007,The Almighty: Uberhero,earth,1-5-1,1,5,1,1-5-1,1,5,1,0,1,73,0
2026-05-30_las-vegas-nv-us#82,2026-05-30_las-vegas-nv-us,82,"meitenkun, sleeping prodigy",kf0x-002,King of Naps,earth,0-4-0 +1 bye,,,,0-4-0,0,4,0,0,1,63,10
2026-05-30_las-vegas-nv-us#83,2026-05-30_las-vegas-nv-us,83,"meitenkun, sleeping prodigy",kf0x-002,Meitenkun \| EARTH Vegas R2 2026,earth,1-1-0,1,1,0,1-1-0,1,1,0,0,1,61,10
2026-05-30_las-vegas-nv-us#84,2026-05-30_las-vegas-nv-us,84,"godzilla, king of the monsters",cha03gmm-001,The Final List: Las Vegas,earth,1-3-0,1,3,0,1-3-0,1,3,0,0,1,60,10
2026-05-30_las-vegas-nv-us#85,2026-05-30_las-vegas-nv-us,85,burning godzilla,gdz01-004,Feel the BURNN!!,void,1-6-0,1,6,0,1-6-0,1,6,0,0,1,104,10
2026-05-30_las-vegas-nv-us#86,2026-05-30_las-vegas-nv-us,86,"rodan, giant monster of the sky",cha03krm-003,Andrei Deck,air,0-6-0 +1 bye,,,,0-6-0,0,6,0,0,1,70,0
2026-05-30_las-vegas-nv-us#87,2026-05-30_las-vegas-nv-us,87,bridget,ggs01-001,Brooklyn G Deck,water,0-3-1,0,3,1,0-3-1,0,3,1,0,1,70,0
2026-05-30_las-vegas-nv-us#88,2026-05-30_las-vegas-nv-us,88,"vax’ildan, dagger master",cr02-018,Vax2,death,0-0-1,0,0,1,0-0-1,0,0,1,0,1,68,0
2026-05-30_las-vegas-nv-us#89,2026-05-30_las-vegas-nv-us,89,mimic (i),mha05-114,Tony Hevia Deck,,0-0-1,0,0,1,0-0-1,0,0,1,0,1,65,10
2026-05-30_las-vegas-nv-us#90,2026-05-30_las-vegas-nv-us,90,"reiner braun, marley’s shield // armored titan, finale",aot03-013,What could this deck be,order,0-0-1,0,0,1,0-0-1,0,0,1,0,1,62,10
2026-05-30_las-vegas-nv-us#91,2026-05-30_las-vegas-nv-us,91,"taryon darrington, naive creator",cr02-017,seabass Deck,life,0-0-1,0,0,1,0-0-1,0,0,1,0,1,60,0
2026-05-30_las-vegas-nv-us#92,2026-05-30_las-vegas-nv-us,92,,,,,,,,,,,,,0,0,0,0
2026-05-30_las-vegas-nv-us#93,2026-05-30_las-vegas-nv-us,93,"mikasa ackerman, hizuru’s hope",aot03-010,Mikasa 3 Worlds,death,0-0-1,0,0,1,0-0-1,0,0,1,0,1,60,10
2026-05-30_las-vegas-nv-us#94,2026-05-30_las-vegas-nv-us,94,"godzilla, titan of terror",gdz01-008,The Attacks Are Implied,earth,0-0-1,0,0,1,0-0-1,0,0,1,0,1,60,10
2026-05-30_las-vegas-nv-us#95,2026-05-30_las-vegas-nv-us,95,"pumat sol, magical proprietor",cr02-015,Trading Post 3,air,0-0-1,0,0,1,0-0-1,0,0,1,0,1,69,10
2026-05-30_las-vegas-nv-us#96,2026-05-30_las-vegas-nv-us,96,mitchell cimino,promo2025-053,Roberto V Deck,order,0-0-1,0,0,1,0-0-1,0,0,1,0,1,60,10
2026-05-30_las-vegas-nv-us#97,2026-05-30_las-vegas-nv-us,97,,,,,,,,,,,,,0,0,0,0
2026-05-30_las-vegas-nv-us#98,2026-05-30_las-vegas-nv-us,98,"godzilla, shin godzilla",gdz01-007,Shin Godzilla - Ponza,death,0-3-0,0,3,0,0-3-0,0,3,0,0,1,80,10
2026-05-30_las-vegas-nv-us#99,2026-05-30_las-vegas-nv-us,99,"rodan, giant monster of the sky",cha03krm-003,Carson P Deck,all,0-2-0,0,2,0,0-2-0,0,2,0,0,1,76,10
2026-06-20_fairfax-va-us#1,2026-06-20_fairfax-va-us,1,,,,,,,,,,,,,0,0,0,0
2026-06-20_fairfax-va-us#2,2026-06-20_fairfax-va-us,2,,,,,,,,,,,,,0,0,0,0
2026-06-20_fairfax-va-us#3,2026-06-20_fairfax-va-us,3,,,,,,,,,,,,,0,0,0,0
2026-06-20_fairfax-va-us#4,2026-06-20_fairfax-va-us,4,,,,,,,,,,,,,0,0,0,0
2026-06-20_greenfield-in-us#999,2026-06-20_greenfield-in-us,999,,,,,,,,,,,,,0,0,0,0
2026-06-20_jacksonville-fl-us#1,2026-06-20_jacksonville-fl-us,1,,,,,,,,,,,,,0,0,0,0
2026-06-20_jacksonville-fl-us#2,2026-06-20_jacksonville-fl-us,2,,,,,,,,,,,,,0,0,0,0
2026-06-20_jacksonville-fl-us#3,2026-06-20_jacksonville-fl-us,3,,,,,,,,,,,,,0,0,0,0
2026-06-20_jacksonville-fl-us#4,2026-06-20_jacksonville-fl-us,4,,,,,,,,,,,,,0,0,0,0
2026-06-20_jacksonville-fl-us#5,2026-06-20_jacksonville-fl-us,5,,,,,,,,,,,,,0,0,0,0
2026-06-20_jacksonville-fl-us#6,2026-06-20_jacksonville-fl-us,6,,,,,,,,,,,,,0,0,0,0
2026-06-20_jacksonville-fl-us#7,2026-06-20_jacksonville-fl-us,7,,,,,,,,,,,,,0,0,0,0
2026-06-20_jacksonville-fl-us#8,2026-06-20_jacksonville-fl-us,8,,,,,,,,,,,,,0,0,0,0
2026-06-20_jacksonville-fl-us#9,2026-06-20_jacksonville-fl-us,9,,,,,,,,,,,,,0,0,0,0
2026-06-20_jacksonville-fl-us#10,2026-06-20_jacksonville-fl-us,10,,,,,,,,,,,,,0,0,0,0
2026-06-20_jacksonville-fl-us#11,2026-06-20_jacksonville-fl-us,11,,,,,,,,,,,,,0,0,0,0
2026-06-20_jacksonville-fl-us#12,2026-06-20_jacksonville-fl-us,12,,,,,,,,,,,,,0,0,0,0
2026-06-20_jacksonville-fl-us#13,2026-06-20_jacksonville-fl-us,13,,,,,,,,,,,,,0,0,0,0
2026-06-20_jacksonville-fl-us#14,2026-06-20_jacksonville-fl-us,14,,,,,,,,,,,,,0,0,0,0
2026-06-20_jacksonville-fl-us#15,2026-06-20_jacksonville-fl-us,15,,,,,,,,,,,,,0,0,0,0
2026-06-20_jacksonville-fl-us#16,2026-06-20_jacksonville-fl-us,16,,,,,,,,,,,,,0,0,0,0
2026-06-20_jacksonville-fl-us#17,2026-06-20_jacksonville-fl-us,17,,,,,,,,,,,,,0,0,0,0
2026-06-20_lubbock-tx-us#1,2026-06-20_lubbock-tx-us,1,,,,,,,,,,,,,0,0,0,0
2026-06-20_lubbock-tx-us#2,2026-06-20_lubbock-tx-us,2,,,,,,,,,,,,,0,0,0,0
2026-06-20_lubbock-tx-us#3,2026-06-20_lubbock-tx-us,3,,,,,,,,,,,,,0,0,0,0
2026-06-20_lubbock-tx-us#4,2026-06-20_lubbock-tx-us,4,,,,,,,,,,,,,0,0,0,0
2026-06-20_lubbock-tx-us#5,2026-06-20_lubbock-tx-us,5,,,,,,,,,,,,,0,0,0,0
2026-06-20_lubbock-tx-us#6,2026-06-20_lubbock-tx-us,6,,,,,,,,,,,,,0,0,0,0
2026-06-20_lubbock-tx-us#7,2026-06-20_lubbock-tx-us,7,,,,,,,,,,,,,0,0,0,0
2026-06-20_lubbock-tx-us#8,2026-06-20_lubbock-tx-us,8,,,,,,,,,,,,,0,0,0,0
2026-06-20_pittsburg-ca-us#1,2026-06-20_pittsburg-ca-us,1,,,,,,,,,,,,,0,0,0,0
2026-06-20_pittsburg-ca-us#2,2026-06-20_pittsburg-ca-us,2,,,,,,,,,,,,,0,0,0,0
2026-06-20_pittsburg-ca-us#3,2026-06-20_pittsburg-ca-us,3,,,,,,,,,,,,,0,0,0,0
2026-06-20_pittsburg-ca-us#4,2026-06-20_pittsburg-ca-us,4,,,,,,,,,,,,,0,0,0,0
2026-06-20_pittsburg-ca-us#5,2026-06-20_pittsburg-ca-us,5,,,,,,,,,,,,,0,0,0,0
2026-06-20_pittsburg-ca-us#6,2026-06-20_pittsburg-ca-us,6,,,,,,,,,,,,,0,0,0,0
2026-06-20_pittsburg-ca-us#7,2026-06-20_pittsburg-ca-us,7,,,,,,,,,,,,,0,0,0,0
2026-06-20_pittsburg-ca-us#8,2026-06-20_pittsburg-ca-us,8,,,,,,,,,,,,,0,0,0,0
2026-06-20_pittsburg-ca-us#9,2026-06-20_pittsburg-ca-us,9,,,,,,,,,,,,,0,0,0,0
2026-06-20_pittsburg-ca-us#10,2026-06-20_pittsburg-ca-us,10,,,,,,,,,,,,,0,0,0,0
2026-06-20_pittsburg-ca-us#11,2026-06-20_pittsburg-ca-us,11,,,,,,,,,,,,,0,0,0,0
2026-06-20_pittsburg-ca-us#12,2026-06-20_pittsburg-ca-us,12,,,,,,,,,,,,,0,0,0,0
2026-06-20_pittsburg-ca-us#13,2026-06-20_pittsburg-ca-us,13,,,,,,,,,,,,,0,0,0,0
2026-06-20_pittsburg-ca-us#14,2026-06-20_pittsburg-ca-us,14,,,,,,,,,,,,,0,0,0,0
2026-06-20_pittsburg-ca-us#15,2026-06-20_pittsburg-ca-us,15,,,,,,,,,,,,,0,0,0,0
2026-06-20_pittsburg-ca-us#16,2026-06-20_pittsburg-ca-us,16,,,,,,,,,,,,,0,0,0,0
2026-06-20_pittsburg-ca-us#17,2026-06-20_pittsburg-ca-us,17,,,,,,,,,,,,,0,0,0,0
2026-06-20_pittsburg-ca-us#18,2026-06-20_pittsburg-ca-us,18,,,,,,,,,,,,,0,0,0,0
2026-06-20_pittsburg-ca-us#19,2026-06-20_pittsburg-ca-us,19,,,,,,,,,,,,,0,0,0,0
2026-06-20_richmond-tx-us#1,2026-06-20_richmond-tx-us,1,,,,,,,,,,,,,0,0,0,0
2026-06-20_richmond-tx-us#2,2026-06-20_richmond-tx-us,2,,,,,,,,,,,,,0,0,0,0
2026-06-20_richmond-tx-us#3,2026-06-20_richmond-tx-us,3,,,,,,,,,,,,,0,0,0,0
2026-06-20_richmond-tx-us#4,2026-06-20_richmond-tx-us,4,,,,,,,,,,,,,0,0,0,0
2026-06-20_richmond-tx-us#5,2026-06-20_richmond-tx-us,5,,,,,,,,,,,,,0,0,0,0
2026-06-20_richmond-tx-us#6,2026-06-20_richmond-tx-us,6,,,,,,,,,,,,,0,0,0,0
2026-06-20_richmond-tx-us#7,2026-06-20_richmond-tx-us,7,,,,,,,,,,,,,0,0,0,0
2026-06-20_richmond-tx-us#8,2026-06-20_richmond-tx-us,8,,,,,,,,,,,,,0,0,0,0
2026-06-20_richmond-tx-us#9,2026-06-20_richmond-tx-us,9,,,,,,,,,,,,,0,0,0,0
2026-06-20_richmond-tx-us#10,2026-06-20_richmond-tx-us,10,,,,,,,,,,,,,0,0,0,0
2026-06-20_wynne-ar-us#1,2026-06-20_wynne-ar-us,1,,,,,,,,,,,,,0,0,0,0
2026-06-20_wynne-ar-us#2,2026-06-20_wynne-ar-us,2,,,,,,,,,,,,,0,0,0,0
2026-06-20_wynne-ar-us#3,2026-06-20_wynne-ar-us,3,,,,,,,,,,,,,0,0,0,0
2026-06-20_wynne-ar-us#4,2026-06-20_wynne-ar-us,4,,,,,,,,,,,,,0,0,0,0
2026-06-20_wynne-ar-us#5,2026-06-20_wynne-ar-us,5,,,,,,,,,,,,,0,0,0,0
2026-06-20_wynne-ar-us#6,2026-06-20_wynne-ar-us,6,,,,,,,,,,,,,0,0,0,0
2026-06-20_wynne-ar-us#7,2026-06-20_wynne-ar-us,7,,,,,,,,,,,,,0,0,0,0
2026-06-20_wynne-ar-us#8,2026-06-20_wynne-ar-us,8,,,,,,,,,,,,,0,0,0,0
2026-06-20_wynne-ar-us#9,2026-06-20_wynne-ar-us,9,,,,,,,,,,,,,0,0,0,0
2026-06-20_wynne-ar-us#10,2026-06-20_wynne-ar-us,10,,,,,,,,,,,,,0,0,0,0
2026-06-20_wynne-ar-us#11,2026-06-20_wynne-ar-us,11,,,,,,,,,,,,,0,0,0,0
2026-06-20_wynne-ar-us#12,2026-06-20_wynne-ar-us,12,,,,,,,,,,,,,0,0,0,0
2026-06-20_wynne-ar-us#13,2026-06-20_wynne-ar-us,13,,,,,,,,,,,,,0,0,0,0
2026-06-20_wynne-ar-us#14,2026-06-20_wynne-ar-us,14,,,,,,,,,,,,,0,0,0,0
2026-06-20_wynne-ar-us#15,2026-06-20_wynne-ar-us,15,,,,,,,,,,,,,0,0,0,0
2026-06-20_wynne-ar-us#16,2026-06-20_wynne-ar-us,16,,,,,,,,,,,,,0,0,0,0
2026-06-20_wynne-ar-us#17,2026-06-20_wynne-ar-us,17,,,,,,,,,,,,,0,0,0,0
2026-06-20_wynne-ar-us#18,2026-06-20_wynne-ar-us,18,,,,,,,,,,,,,0,0,0,0
2026-06-20_wynne-ar-us#19,2026-06-20_wynne-ar-us,19,,,,,,,,,,,,,0,0,0,0
2026-06-20_wynne-ar-us#20,2026-06-20_wynne-ar-us,20,,,,,,,,,,,,,0,0,0,0
2026-06-20_wynne-ar-us#21,2026-06-20_wynne-ar-us,21,,,,,,,,,,,,,0,0,0,0
2026-06-20_wynne-ar-us#22,2026-06-20_wynne-ar-us,22,,,,,,,,,,,,,0,0,0,0
2026-06-20_wynne-ar-us#23,2026-06-20_wynne-ar-us,23,,,,,,,,,,,,,0,0,0,0
2026-06-20_wynne-ar-us#24,2026-06-20_wynne-ar-us,24,,,,,,,,,,,,,0,0,0,0
2026-06-20_wynne-ar-us#25,2026-06-20_wynne-ar-us,25,,,,,,,,,,,,,0,0,0,0
2026-06-20_wynne-ar-us#26,2026-06-20_wynne-ar-us,26,,,,,,,,,,,,,0,0,0,0
2026-06-21_green-bay-wi-us#1,2026-06-21_green-bay-wi-us,1,,,,,,,,,,,,,0,0,0,0
2026-06-21_green-bay-wi-us#2,2026-06-21_green-bay-wi-us,2,,,,,,,,,,,,,0,0,0,0
2026-06-21_green-bay-wi-us#3,2026-06-21_green-bay-wi-us,3,,,,,,,,,,,,,0,0,0,0
2026-06-21_green-bay-wi-us#4,2026-06-21_green-bay-wi-us,4,,,,,,,,,,,,,0,0,0,0
2026-06-21_green-bay-wi-us#5,2026-06-21_green-bay-wi-us,5,,,,,,,,,,,,,0,0,0,0
2026-06-21_green-bay-wi-us#6,2026-06-21_green-bay-wi-us,6,,,,,,,,,,,,,0,0,0,0
2026-06-21_green-bay-wi-us#7,2026-06-21_green-bay-wi-us,7,,,,,,,,,,,,,0,0,0,0
2026-06-21_green-bay-wi-us#8,2026-06-21_green-bay-wi-us,8,,,,,,,,,,,,,0,0,0,0
2026-06-21_green-bay-wi-us#9,2026-06-21_green-bay-wi-us,9,,,,,,,,,,,,,0,0,0,0
2026-06-21_green-bay-wi-us#10,2026-06-21_green-bay-wi-us,10,,,,,,,,,,,,,0,0,0,0
2026-06-21_green-bay-wi-us#11,2026-06-21_green-bay-wi-us,11,,,,,,,,,,,,,0,0,0,0
2026-06-21_jacksonville-fl-us#1,2026-06-21_jacksonville-fl-us,1,,,,,,,,,,,,,0,0,0,0
2026-06-21_jacksonville-fl-us#2,2026-06-21_jacksonville-fl-us,2,,,,,,,,,,,,,0,0,0,0
2026-06-21_jacksonville-fl-us#3,2026-06-21_jacksonville-fl-us,3,,,,,,,,,,,,,0,0,0,0
2026-06-21_jacksonville-fl-us#4,2026-06-21_jacksonville-fl-us,4,,,,,,,,,,,,,0,0,0,0
2026-06-21_jacksonville-fl-us#5,2026-06-21_jacksonville-fl-us,5,,,,,,,,,,,,,0,0,0,0
2026-06-21_jacksonville-fl-us#6,2026-06-21_jacksonville-fl-us,6,,,,,,,,,,,,,0,0,0,0
2026-06-21_jacksonville-fl-us#7,2026-06-21_jacksonville-fl-us,7,,,,,,,,,,,,,0,0,0,0
2026-06-21_jacksonville-fl-us#8,2026-06-21_jacksonville-fl-us,8,,,,,,,,,,,,,0,0,0,0
2026-06-21_jacksonville-fl-us#9,2026-06-21_jacksonville-fl-us,9,,,,,,,,,,,,,0,0,0,0
2026-06-21_jacksonville-fl-us#10,2026-06-21_jacksonville-fl-us,10,,,,,,,,,,,,,0,0,0,0
2026-06-21_jacksonville-fl-us#11,2026-06-21_jacksonville-fl-us,11,,,,,,,,,,,,,0,0,0,0
2026-06-21_jacksonville-fl-us#12,2026-06-21_jacksonville-fl-us,12,,,,,,,,,,,,,0,0,0,0
2026-06-21_jacksonville-fl-us#13,2026-06-21_jacksonville-fl-us,13,,,,,,,,,,,,,0,0,0,0
2026-06-21_jacksonville-fl-us#14,2026-06-21_jacksonville-fl-us,14,,,,,,,,,,,,,0,0,0,0
2026-06-25_hartlepool-gb#999,2026-06-25_hartlepool-gb,999,,,,,,,,,,,,,0,0,0,0
2026-06-27_amsterdam-ny-us#1,2026-06-27_amsterdam-ny-us,1,,,,,,,,,,,,,0,0,0,0
2026-06-27_amsterdam-ny-us#2,2026-06-27_amsterdam-ny-us,2,,,,,,,,,,,,,0,0,0,0
2026-06-27_amsterdam-ny-us#3,2026-06-27_amsterdam-ny-us,3,,,,,,,,,,,,,0,0,0,0
2026-06-27_amsterdam-ny-us#4,2026-06-27_amsterdam-ny-us,4,,,,,,,,,,,,,0,0,0,0
2026-06-27_amsterdam-ny-us#5,2026-06-27_amsterdam-ny-us,5,,,,,,,,,,,,,0,0,0,0
2026-06-27_amsterdam-ny-us#6,2026-06-27_amsterdam-ny-us,6,,,,,,,,,,,,,0,0,0,0
2026-06-27_amsterdam-ny-us#7,2026-06-27_amsterdam-ny-us,7,,,,,,,,,,,,,0,0,0,0
2026-06-27_austin-tx-us#1,2026-06-27_austin-tx-us,1,,,,,,,,,,,,,0,0,0,0
2026-06-27_austin-tx-us#2,2026-06-27_austin-tx-us,2,,,,,,,,,,,,,0,0,0,0
2026-06-27_austin-tx-us#3,2026-06-27_austin-tx-us,3,,,,,,,,,,,,,0,0,0,0
2026-06-27_austin-tx-us#4,2026-06-27_austin-tx-us,4,,,,,,,,,,,,,0,0,0,0
2026-06-27_austin-tx-us#5,2026-06-27_austin-tx-us,5,,,,,,,,,,,,,0,0,0,0
2026-06-27_austin-tx-us#6,2026-06-27_austin-tx-us,6,,,,,,,,,,,,,0,0,0,0
2026-06-27_austin-tx-us#7,2026-06-27_austin-tx-us,7,,,,,,,,,,,,,0,0,0,0
2026-06-27_austin-tx-us#8,2026-06-27_austin-tx-us,8,,,,,,,,,,,,,0,0,0,0
2026-06-27_austin-tx-us#9,2026-06-27_austin-tx-us,9,,,,,,,,,,,,,0,0,0,0
2026-06-27_barreiro-pt#1,2026-06-27_barreiro-pt,1,,,,,,,,,,,,,0,0,0,0
2026-06-27_barreiro-pt#2,2026-06-27_barreiro-pt,2,,,,,,,,,,,,,0,0,0,0
2026-06-27_barreiro-pt#3,2026-06-27_barreiro-pt,3,,,,,,,,,,,,,0,0,0,0
2026-06-27_barreiro-pt#4,2026-06-27_barreiro-pt,4,,,,,,,,,,,,,0,0,0,0
2026-06-27_barreiro-pt#5,2026-06-27_barreiro-pt,5,,,,,,,,,,,,,0,0,0,0
2026-06-27_barreiro-pt#6,2026-06-27_barreiro-pt,6,,,,,,,,,,,,,0,0,0,0
2026-06-27_barreiro-pt#7,2026-06-27_barreiro-pt,7,,,,,,,,,,,,,0,0,0,0
2026-06-27_barreiro-pt#8,2026-06-27_barreiro-pt,8,,,,,,,,,,,,,0,0,0,0
2026-06-27_barreiro-pt#9,2026-06-27_barreiro-pt,9,,,,,,,,,,,,,0,0,0,0
2026-06-27_barreiro-pt#10,2026-06-27_barreiro-pt,10,,,,,,,,,,,,,0,0,0,0
2026-06-27_concord-nc-us#1,2026-06-27_concord-nc-us,1,"reiner braun, marley’s shield // armored titan, finale",aot03-013,Reiner 3 R3 LC,order,2-1-1,2,1,1,4-1-1,4,1,1,1,1,60,10
2026-06-27_concord-nc-us#2,2026-06-27_concord-nc-us,2,"reiner braun, marley’s shield // armored titan, finale",aot03-013,reiner3,order,4-0-0,4,0,0,5-1-0,5,1,0,1,1,60,10
2026-06-27_concord-nc-us#3,2026-06-27_concord-nc-us,3,"izuku midoriya, deku",mha09-002,Deku7 S3 LC,air,2-1-0 +1 bye,,,,2-2-0,2,2,0,1,1,67,10
2026-06-27_concord-nc-us#4,2026-06-27_concord-nc-us,4,armored all might,mha09-001,New Deck,good,2-2-0,2,2,0,2-3-0,2,3,0,1,1,64,10
2026-06-27_concord-nc-us#5,2026-06-27_concord-nc-us,5,"isla, dreaming brilliance",kf0x-023,"Isla, Sealing Brilliance",void,2-2-0,2,2,0,2-2-0,2,2,0,0,1,60,10
2026-06-27_concord-nc-us#6,2026-06-27_concord-nc-us,6,"grog strongjaw, mighty half-giant",cr02-007,Grog | Death,death,1-2-0 +1 bye,,,,1-2-0,1,2,0,0,1,60,10
2026-06-27_concord-nc-us#7,2026-06-27_concord-nc-us,7,"king ghidorah, emperor of the cosmos",cha03krm-001,Kg,evil,1-2-1,1,2,1,1-2-1,1,2,1,0,1,74,10
2026-06-27_concord-nc-us#8,2026-06-27_concord-nc-us,8,"izuku midoriya, deku",mha09-002,Deku,life,1-3-0,1,3,0,1-3-0,1,3,0,0,1,65,10
2026-06-27_concord-nc-us#9,2026-06-27_concord-nc-us,9,"rodan, giant monster of the sky",cha03krm-003,Rodan Air,air,0-2-0 +1 bye,,,,0-2-0,0,2,0,0,1,60,0
2026-06-27_elgin-township-il-us#1,2026-06-27_elgin-township-il-us,1,"zeke yeager // zeke, beast titan",aot02-015,BHG Round 3 LC Zeke Yeager,life,3-0-1,3,0,1,5-0-1,5,0,1,1,1,67,10
2026-06-27_elgin-township-il-us#2,2026-06-27_elgin-township-il-us,2,"rodan, giant monster of the sky",cha03krm-003,Air Rodan,air,3-1-0,3,1,0,4-2-0,4,2,0,1,1,60,10
2026-06-27_elgin-township-il-us#3,2026-06-27_elgin-township-il-us,3,"king ghidorah, three-headed monster",gdz01-011,Juicy G,death,3-1-0,3,1,0,3-2-0,3,2,0,1,1,60,10
2026-06-27_elgin-township-il-us#4,2026-06-27_elgin-township-il-us,4,bridget,ggs01-001,Cards & Things,air,2-1-1,2,1,1,2-2-1,2,2,1,1,1,60,10
2026-06-27_elgin-township-il-us#5,2026-06-27_elgin-township-il-us,5,"izuku midoriya, deku",mha09-002,"Izuku Midoriya, Deku",air,2-2-0,2,2,0,2-2-0,2,2,0,0,1,65,10
2026-06-27_elgin-township-il-us#6,2026-06-27_elgin-township-il-us,6,"izuku midoriya, deku",mha09-002,Deku,air,1-0-3,1,0,3,1-0-3,1,0,3,0,1,70,10
2026-06-27_elgin-township-il-us#7,2026-06-27_elgin-township-il-us,7,woman,mha07-110,Boar Hat Local Champ Round 3 Vivian W Deck Submission,void,2-2-0,2,2,0,2-2-0,2,2,0,0,1,66,10
2026-06-27_elgin-township-il-us#8,2026-06-27_elgin-township-il-us,8,"annie leonhart, awakened // female titan, finale",aot03-001,annie death,death,2-2-0,2,2,0,2-2-0,2,2,0,0,1,60,10
2026-06-27_elgin-township-il-us#9,2026-06-27_elgin-township-il-us,9,"all for one, demon lord",mha09-022,All for one,chaos,1-2-1,1,2,1,1-2-1,1,2,1,0,1,60,0
2026-06-27_elgin-township-il-us#10,2026-06-27_elgin-township-il-us,10,nagoriyuki,ggs01-006,New Deck,order,0-3-0 +1 bye,,,,0-3-0,0,3,0,0,1,60,10
2026-06-27_elgin-township-il-us#11,2026-06-27_elgin-township-il-us,11,"mechagodzilla, modified type-3 kiryu",gdz01-012,Boar Hat Local Champ Round 3 Alex A Deck Submission,order,1-3-0,1,3,0,1-3-0,1,3,0,0,1,60,10
2026-06-27_elgin-township-il-us#12,2026-06-27_elgin-township-il-us,12,"tomura shigaraki, all for one’s successor",mha09-023,Shiggi,evil,0-3-0,0,3,0,0-3-0,0,3,0,0,1,76,10
2026-06-27_lowell-ar-us#1,2026-06-27_lowell-ar-us,1,,,,,,,,,,,,,0,0,0,0
2026-06-27_lowell-ar-us#2,2026-06-27_lowell-ar-us,2,,,,,,,,,,,,,0,0,0,0
2026-06-27_lowell-ar-us#3,2026-06-27_lowell-ar-us,3,,,,,,,,,,,,,0,0,0,0
2026-06-27_lowell-ar-us#4,2026-06-27_lowell-ar-us,4,,,,,,,,,,,,,0,0,0,0
2026-06-27_lowell-ar-us#5,2026-06-27_lowell-ar-us,5,,,,,,,,,,,,,0,0,0,0
2026-06-27_lowell-ar-us#6,2026-06-27_lowell-ar-us,6,,,,,,,,,,,,,0,0,0,0
2026-06-27_lowell-ar-us#7,2026-06-27_lowell-ar-us,7,,,,,,,,,,,,,0,0,0,0
2026-06-27_lowell-ar-us#8,2026-06-27_lowell-ar-us,8,,,,,,,,,,,,,0,0,0,0
2026-06-27_lowell-ar-us#9,2026-06-27_lowell-ar-us,9,,,,,,,,,,,,,0,0,0,0
2026-06-27_lowell-ar-us#10,2026-06-27_lowell-ar-us,10,,,,,,,,,,,,,0,0,0,0
2026-06-27_lowell-ar-us#11,2026-06-27_lowell-ar-us,11,,,,,,,,,,,,,0,0,0,0
2026-06-27_lowell-ar-us#12,2026-06-27_lowell-ar-us,12,,,,,,,,,,,,,0,0,0,0
2026-06-27_lowell-ar-us#13,2026-06-27_lowell-ar-us,13,,,,,,,,,,,,,0,0,0,0
2026-06-27_lowell-ar-us#14,2026-06-27_lowell-ar-us,14,,,,,,,,,,,,,0,0,0,0
2026-06-27_lowell-ar-us#15,2026-06-27_lowell-ar-us,15,,,,,,,,,,,,,0,0,0,0
2026-06-27_lowell-ar-us#16,2026-06-27_lowell-ar-us,16,,,,,,,,,,,,,0,0,0,0
2026-06-27_lowell-ar-us#17,2026-06-27_lowell-ar-us,17,,,,,,,,,,,,,0,0,0,0
2026-06-27_lowell-ar-us#18,2026-06-27_lowell-ar-us,18,,,,,,,,,,,,,0,0,0,0
2026-06-27_manhattan-ny-us#1,2026-06-27_manhattan-ny-us,1,"mechagodzilla, modified type-3 kiryu",gdz01-012,Local Championship - Round 3 Bryan R Deck Submission,good,2-0-2,2,0,2,4-0-2,4,0,2,1,1,60,10
2026-06-27_manhattan-ny-us#2,2026-06-27_manhattan-ny-us,2,"rodan, giant monster of the sky",cha03krm-003,The Scientist,air,3-1-0,3,1,0,4-2-0,4,2,0,1,1,61,10
2026-06-27_manhattan-ny-us#3,2026-06-27_manhattan-ny-us,3,"mikasa ackerman, hizuru’s hope",aot03-010,Red Scarf,air,2-1-1,2,1,1,2-2-1,2,2,1,1,1,66,10
2026-06-27_manhattan-ny-us#4,2026-06-27_manhattan-ny-us,4,,,,,,,,,,,,,0,0,0,0
2026-06-27_manhattan-ny-us#5,2026-06-27_manhattan-ny-us,5,"all for one, demon lord",mha09-022,mo ichinichi dake,chaos,2-1-1,2,1,1,2-1-1,2,1,1,0,1,60,10
2026-06-27_manhattan-ny-us#6,2026-06-27_manhattan-ny-us,6,mitchell cimino,promo2025-053,LC s3 6/27/26,order,1-0-3,1,0,3,1-0-3,1,0,3,0,1,60,10
2026-06-27_manhattan-ny-us#7,2026-06-27_manhattan-ny-us,7,"tomura shigaraki, all for one’s successor",mha09-023,Bad Touch,void,1-1-2,1,1,2,1-1-2,1,1,2,0,1,65,0
2026-06-27_manhattan-ny-us#8,2026-06-27_manhattan-ny-us,8,"battra, beast of destruction",gdz01-002,Trust me bro,void,1-3-0,1,3,0,1-3-0,1,3,0,0,1,62,10
2026-06-27_manhattan-ny-us#9,2026-06-27_manhattan-ny-us,9,"rocksteady, easily angered",tmnt01-011,Rawksteady,earth,1-3-0,1,3,0,1-3-0,1,3,0,0,1,60,0
2026-06-27_manhattan-ny-us#10,2026-06-27_manhattan-ny-us,10,,,,,,,,,,,,,0,0,0,0
2026-06-27_manhattan-ny-us#11,2026-06-27_manhattan-ny-us,11,"tomura shigaraki, all for one’s successor",mha09-023,New Deck,evil,0-4-0,0,4,0,0-4-0,0,4,0,0,1,72,0
2026-06-27_omaha-ne-us#1,2026-06-27_omaha-ne-us,1,,,,,,,,,,,,,0,0,0,0
2026-06-27_omaha-ne-us#2,2026-06-27_omaha-ne-us,2,,,,,,,,,,,,,0,0,0,0
2026-06-27_omaha-ne-us#3,2026-06-27_omaha-ne-us,3,,,,,,,,,,,,,0,0,0,0
2026-06-27_omaha-ne-us#4,2026-06-27_omaha-ne-us,4,,,,,,,,,,,,,0,0,0,0
2026-06-27_omaha-ne-us#5,2026-06-27_omaha-ne-us,5,,,,,,,,,,,,,0,0,0,0
2026-06-27_omaha-ne-us#6,2026-06-27_omaha-ne-us,6,,,,,,,,,,,,,0,0,0,0
2026-06-27_omaha-ne-us#7,2026-06-27_omaha-ne-us,7,,,,,,,,,,,,,0,0,0,0
2026-06-27_omaha-ne-us#8,2026-06-27_omaha-ne-us,8,,,,,,,,,,,,,0,0,0,0
2026-06-27_omaha-ne-us#9,2026-06-27_omaha-ne-us,9,,,,,,,,,,,,,0,0,0,0
2026-06-27_santa-clara-ca-us#1,2026-06-27_santa-clara-ca-us,1,,,,,,,,,,,,,0,0,0,0
2026-06-27_santa-clara-ca-us#2,2026-06-27_santa-clara-ca-us,2,,,,,,,,,,,,,0,0,0,0
2026-06-27_santa-clara-ca-us#3,2026-06-27_santa-clara-ca-us,3,,,,,,,,,,,,,0,0,0,0
2026-06-27_santa-clara-ca-us#4,2026-06-27_santa-clara-ca-us,4,,,,,,,,,,,,,0,0,0,0
2026-06-27_santa-clara-ca-us#5,2026-06-27_santa-clara-ca-us,5,,,,,,,,,,,,,0,0,0,0
2026-06-27_santa-clara-ca-us#6,2026-06-27_santa-clara-ca-us,6,,,,,,,,,,,,,0,0,0,0
2026-06-27_santa-clara-ca-us#7,2026-06-27_santa-clara-ca-us,7,,,,,,,,,,,,,0,0,0,0
2026-06-27_santa-clara-ca-us#8,2026-06-27_santa-clara-ca-us,8,,,,,,,,,,,,,0,0,0,0
2026-06-27_santa-clara-ca-us#9,2026-06-27_santa-clara-ca-us,9,,,,,,,,,,,,,0,0,0,0
2026-06-27_santa-clara-ca-us#10,2026-06-27_santa-clara-ca-us,10,,,,,,,,,,,,,0,0,0,0
2026-06-27_santa-clara-ca-us#11,2026-06-27_santa-clara-ca-us,11,,,,,,,,,,,,,0,0,0,0
2026-06-27_santa-clara-ca-us#12,2026-06-27_santa-clara-ca-us,12,,,,,,,,,,,,,0,0,0,0
2026-06-27_santa-clara-ca-us#13,2026-06-27_santa-clara-ca-us,13,,,,,,,,,,,,,0,0,0,0
2026-06-27_santa-clara-ca-us#14,2026-06-27_santa-clara-ca-us,14,,,,,,,,,,,,,0,0,0,0
2026-06-27_santa-clara-ca-us#15,2026-06-27_santa-clara-ca-us,15,,,,,,,,,,,,,0,0,0,0
2026-06-27_santa-clara-ca-us#16,2026-06-27_santa-clara-ca-us,16,,,,,,,,,,,,,0,0,0,0
2026-06-27_sheffield-gb#1,2026-06-27_sheffield-gb,1,,,,,,,,,,,,,0,0,0,0
2026-06-27_sheffield-gb#2,2026-06-27_sheffield-gb,2,,,,,,,,,,,,,0,0,0,0
2026-06-27_sheffield-gb#3,2026-06-27_sheffield-gb,3,,,,,,,,,,,,,0,0,0,0
2026-06-27_sheffield-gb#4,2026-06-27_sheffield-gb,4,,,,,,,,,,,,,0,0,0,0
2026-06-27_sheffield-gb#5,2026-06-27_sheffield-gb,5,,,,,,,,,,,,,0,0,0,0
2026-06-27_sheffield-gb#6,2026-06-27_sheffield-gb,6,,,,,,,,,,,,,0,0,0,0
2026-06-27_sheffield-gb#7,2026-06-27_sheffield-gb,7,,,,,,,,,,,,,0,0,0,0
2026-06-27_sheffield-gb#8,2026-06-27_sheffield-gb,8,,,,,,,,,,,,,0,0,0,0
2026-06-27_sheffield-gb#9,2026-06-27_sheffield-gb,9,,,,,,,,,,,,,0,0,0,0
2026-06-27_sheffield-gb#10,2026-06-27_sheffield-gb,10,,,,,,,,,,,,,0,0,0,0
2026-06-27_sheffield-gb#11,2026-06-27_sheffield-gb,11,,,,,,,,,,,,,0,0,0,0
2026-06-27_sheffield-gb#12,2026-06-27_sheffield-gb,12,,,,,,,,,,,,,0,0,0,0
2026-06-27_summerville-sc-us#1,2026-06-27_summerville-sc-us,1,,,,,,,,,,,,,0,0,0,0
2026-06-27_summerville-sc-us#2,2026-06-27_summerville-sc-us,2,,,,,,,,,,,,,0,0,0,0
2026-06-27_summerville-sc-us#3,2026-06-27_summerville-sc-us,3,,,,,,,,,,,,,0,0,0,0
2026-06-27_summerville-sc-us#4,2026-06-27_summerville-sc-us,4,,,,,,,,,,,,,0,0,0,0
2026-06-27_summerville-sc-us#5,2026-06-27_summerville-sc-us,5,,,,,,,,,,,,,0,0,0,0
2026-06-27_summerville-sc-us#6,2026-06-27_summerville-sc-us,6,,,,,,,,,,,,,0,0,0,0
2026-06-27_summerville-sc-us#7,2026-06-27_summerville-sc-us,7,,,,,,,,,,,,,0,0,0,0
2026-06-27_summerville-sc-us#8,2026-06-27_summerville-sc-us,8,,,,,,,,,,,,,0,0,0,0
2026-06-27_summerville-sc-us#9,2026-06-27_summerville-sc-us,9,,,,,,,,,,,,,0,0,0,0
2026-06-27_summerville-sc-us#10,2026-06-27_summerville-sc-us,10,,,,,,,,,,,,,0,0,0,0
2026-06-27_summerville-sc-us#11,2026-06-27_summerville-sc-us,11,,,,,,,,,,,,,0,0,0,0
2026-06-27_summerville-sc-us#12,2026-06-27_summerville-sc-us,12,,,,,,,,,,,,,0,0,0,0
2026-06-27_summerville-sc-us#13,2026-06-27_summerville-sc-us,13,,,,,,,,,,,,,0,0,0,0
2026-06-27_summerville-sc-us#14,2026-06-27_summerville-sc-us,14,,,,,,,,,,,,,0,0,0,0
2026-06-27_summerville-sc-us#15,2026-06-27_summerville-sc-us,15,,,,,,,,,,,,,0,0,0,0
2026-06-28_alicante-es#1,2026-06-28_alicante-es,1,,,,,,,,,,,,,0,0,0,0
2026-06-28_alicante-es#2,2026-06-28_alicante-es,2,,,,,,,,,,,,,0,0,0,0
2026-06-28_alicante-es#3,2026-06-28_alicante-es,3,,,,,,,,,,,,,0,0,0,0
2026-06-28_alicante-es#4,2026-06-28_alicante-es,4,,,,,,,,,,,,,0,0,0,0
2026-06-28_alicante-es#5,2026-06-28_alicante-es,5,,,,,,,,,,,,,0,0,0,0
2026-06-28_alicante-es#6,2026-06-28_alicante-es,6,,,,,,,,,,,,,0,0,0,0
2026-06-28_alicante-es#7,2026-06-28_alicante-es,7,,,,,,,,,,,,,0,0,0,0
2026-06-28_alicante-es#8,2026-06-28_alicante-es,8,,,,,,,,,,,,,0,0,0,0
2026-06-28_alicante-es#9,2026-06-28_alicante-es,9,,,,,,,,,,,,,0,0,0,0
2026-06-28_alicante-es#10,2026-06-28_alicante-es,10,,,,,,,,,,,,,0,0,0,0
2026-06-28_alicante-es#11,2026-06-28_alicante-es,11,,,,,,,,,,,,,0,0,0,0
2026-06-28_alicante-es#12,2026-06-28_alicante-es,12,,,,,,,,,,,,,0,0,0,0
2026-06-28_alicante-es#13,2026-06-28_alicante-es,13,,,,,,,,,,,,,0,0,0,0
2026-06-28_alicante-es#14,2026-06-28_alicante-es,14,,,,,,,,,,,,,0,0,0,0
2026-06-28_alicante-es#15,2026-06-28_alicante-es,15,,,,,,,,,,,,,0,0,0,0
2026-06-28_greenway-au#1,2026-06-28_greenway-au,1,,,,,,,,,,,,,0,0,0,0
2026-06-28_greenway-au#2,2026-06-28_greenway-au,2,,,,,,,,,,,,,0,0,0,0
2026-06-28_greenway-au#3,2026-06-28_greenway-au,3,,,,,,,,,,,,,0,0,0,0
2026-06-28_greenway-au#4,2026-06-28_greenway-au,4,,,,,,,,,,,,,0,0,0,0
2026-06-28_greenway-au#5,2026-06-28_greenway-au,5,,,,,,,,,,,,,0,0,0,0
2026-06-28_greenway-au#6,2026-06-28_greenway-au,6,,,,,,,,,,,,,0,0,0,0
2026-06-28_greenway-au#7,2026-06-28_greenway-au,7,,,,,,,,,,,,,0,0,0,0
2026-06-28_greenway-au#8,2026-06-28_greenway-au,8,,,,,,,,,,,,,0,0,0,0
2026-06-28_greenway-au#9,2026-06-28_greenway-au,9,,,,,,,,,,,,,0,0,0,0
2026-06-28_mission-tx-us#1,2026-06-28_mission-tx-us,1,,,,,,,,,,,,,0,0,0,0
2026-06-28_mission-tx-us#2,2026-06-28_mission-tx-us,2,,,,,,,,,,,,,0,0,0,0
2026-06-28_mission-tx-us#3,2026-06-28_mission-tx-us,3,,,,,,,,,,,,,0,0,0,0
2026-06-28_mission-tx-us#4,2026-06-28_mission-tx-us,4,,,,,,,,,,,,,0,0,0,0
2026-06-28_mission-tx-us#5,2026-06-28_mission-tx-us,5,,,,,,,,,,,,,0,0,0,0
2026-06-28_mission-tx-us#6,2026-06-28_mission-tx-us,6,,,,,,,,,,,,,0,0,0,0
2026-06-28_mission-tx-us#7,2026-06-28_mission-tx-us,7,,,,,,,,,,,,,0,0,0,0
2026-06-28_mission-tx-us#8,2026-06-28_mission-tx-us,8,,,,,,,,,,,,,0,0,0,0
2026-06-28_mission-tx-us#9,2026-06-28_mission-tx-us,9,,,,,,,,,,,,,0,0,0,0
2026-06-28_mission-tx-us#10,2026-06-28_mission-tx-us,10,,,,,,,,,,,,,0,0,0,0
2026-06-28_summerville-sc-us#1,2026-06-28_summerville-sc-us,1,,,,,,,,,,,,,0,0,0,0
2026-06-28_summerville-sc-us#2,2026-06-28_summerville-sc-us,2,,,,,,,,,,,,,0,0,0,0
2026-06-28_summerville-sc-us#3,2026-06-28_summerville-sc-us,3,,,,,,,,,,,,,0,0,0,0
2026-06-28_summerville-sc-us#4,2026-06-28_summerville-sc-us,4,,,,,,,,,,,,,0,0,0,0
2026-06-28_summerville-sc-us#5,2026-06-28_summerville-sc-us,5,,,,,,,,,,,,,0,0,0,0
2026-06-28_summerville-sc-us#6,2026-06-28_summerville-sc-us,6,,,,,,,,,,,,,0,0,0,0
2026-06-28_summerville-sc-us#7,2026-06-28_summerville-sc-us,7,,,,,,,,,,,,,0,0,0,0
2026-06-28_summerville-sc-us#8,2026-06-28_summerville-sc-us,8,,,,,,,,,,,,,0,0,0,0
2026-06-28_summerville-sc-us#9,2026-06-28_summerville-sc-us,9,,,,,,,,,,,,,0,0,0,0
2026-06-28_summerville-sc-us#10,2026-06-28_summerville-sc-us,10,,,,,,,,,,,,,0,0,0,0
2026-06-28_summerville-sc-us#11,2026-06-28_summerville-sc-us,11,,,,,,,,,,,,,0,0,0,0
2026-06-28_summerville-sc-us#12,2026-06-28_summerville-sc-us,12,,,,,,,,,,,,,0,0,0,0
2026-06-28_summerville-sc-us#13,2026-06-28_summerville-sc-us,13,,,,,,,,,,,,,0,0,0,0
2026-06-28_summerville-sc-us#14,2026-06-28_summerville-sc-us,14,,,,,,,,,,,,,0,0,0,0
2026-06-28_summerville-sc-us#15,2026-06-28_summerville-sc-us,15,,,,,,,,,,,,,0,0,0,0
2026-06-28_summerville-sc-us#16,2026-06-28_summerville-sc-us,16,,,,,,,,,,,,,0,0,0,0
2026-06-28_summerville-sc-us#17,2026-06-28_summerville-sc-us,17,,,,,,,,,,,,,0,0,0,0
2026-07-04_sydenham-nz#999,2026-07-04_sydenham-nz,999,,,,,,,,,,,,,0,0,0,0
2026-07-05_blacksburg-va-us#1,2026-07-05_blacksburg-va-us,1,"reiner braun, marley’s shield // armored titan, finale",aot03-013,Reiner - R3 LC,order,3-0-2,3,0,2,6-0-2,6,0,2,1,1,63,10
2026-07-05_blacksburg-va-us#2,2026-07-05_blacksburg-va-us,2,"king ghidorah, three-headed monster",gdz01-011,Fun N Games Round 3 Local Championship Jacob B Deck Submission,death,3-0-2,3,0,2,5-1-2,5,1,2,1,1,60,10
2026-07-05_blacksburg-va-us#3,2026-07-05_blacksburg-va-us,3,"reiner braun, marley’s shield // armored titan, finale",aot03-013,reiner3,order,3-1-1,3,1,1,4-2-1,4,2,1,1,1,60,10
2026-07-05_blacksburg-va-us#4,2026-07-05_blacksburg-va-us,4,"king ghidorah, three-headed monster",gdz01-011,Ghidorah,evil,3-2-0,3,2,0,4-3-0,4,3,0,1,1,77,10
2026-07-05_blacksburg-va-us#5,2026-07-05_blacksburg-va-us,5,pony tsunotori,mha07-098,I Finally Know How It Feels To Eat Dessert!,earth,3-1-1,3,1,1,3-2-1,3,2,1,1,1,65,10
2026-07-05_blacksburg-va-us#6,2026-07-05_blacksburg-va-us,6,,,,,,,,,,,,,0,0,0,0
2026-07-05_blacksburg-va-us#7,2026-07-05_blacksburg-va-us,7,"eren yeager, usurper // attack titan, finale",aot03-004,Uslurpin on some sizzurp,chaos,2-1-2,2,1,2,2-2-2,2,2,2,1,1,60,0
2026-07-05_blacksburg-va-us#8,2026-07-05_blacksburg-va-us,8,pony tsunotori,mha07-098,New Deck,earth,2-1-2,2,1,2,2-2-2,2,2,2,1,1,64,10
2026-07-05_blacksburg-va-us#9,2026-07-05_blacksburg-va-us,9,"godzilla, king of the monsters",cha03gmm-001,Fun N Games Round 3 Local Championship Alan R Deck Submission,earth,2-2-1,2,2,1,2-2-1,2,2,1,0,1,72,10
2026-07-05_blacksburg-va-us#10,2026-07-05_blacksburg-va-us,10,"splinter, caring father",tmnt01-012,splinter,all,2-2-1,2,2,1,2-2-1,2,2,1,0,1,61,10
2026-07-05_blacksburg-va-us#11,2026-07-05_blacksburg-va-us,11,"all for one, demon lord",mha09-022,All For Momentum,chaos,2-3-0,2,3,0,2-3-0,2,3,0,0,1,62,10
2026-07-05_blacksburg-va-us#12,2026-07-05_blacksburg-va-us,12,"hedorah, smog monster",gdz01-009,Da Smog Monster,earth,2-3-0,2,3,0,2-3-0,2,3,0,0,1,66,10
2026-07-05_blacksburg-va-us#13,2026-07-05_blacksburg-va-us,13,"king ghidorah, emperor of the cosmos",cha03krm-001,"Ed, Edd and Eddy",evil,1-3-0 +1 bye,,,,1-3-0,1,3,0,0,1,74,10
2026-07-05_blacksburg-va-us#14,2026-07-05_blacksburg-va-us,14,mikasa ackerman,aot01-016,Fun N Games Round 3 Local Championship Justin B Deck Submission,air,1-2-2,1,2,2,1-2-2,1,2,2,0,1,67,10
2026-07-05_blacksburg-va-us#15,2026-07-05_blacksburg-va-us,15,"grog strongjaw, mighty half-giant",cr02-007,"Grog, the Gladiator",earth,1-3-1,1,3,1,1-3-1,1,3,1,0,1,71,10
2026-07-05_blacksburg-va-us#16,2026-07-05_blacksburg-va-us,16,"meitenkun, sleeping prodigy",kf0x-002,Fun N Games Round 3 Local Championship Michael W Deck Submission,earth,1-3-1,1,3,1,1-3-1,1,3,1,0,1,60,10
2026-07-05_blacksburg-va-us#17,2026-07-05_blacksburg-va-us,17,"jester lavorre, prankster priestess",crmn-001,"Jester Lavorre, Prankster Necromancer?",life,0-4-0 +1 bye,,,,0-4-0,0,4,0,0,1,72,10
2026-07-05_blacksburg-va-us#18,2026-07-05_blacksburg-va-us,18,"godzilla, titan of terror",gdz01-008,New Deck,fire,0-0-0 +1 bye,,,,,,,,0,1,72,10
2026-07-05_blacksburg-va-us#19,2026-07-05_blacksburg-va-us,19,byakko,yyhdt-162,Fun N Games Round 3 Local Championship Ricardo F Deck Submission,earth,0-2-1,0,2,1,0-2-1,0,2,1,0,1,79,10
2026-07-05_glasgow-gb#1,2026-07-05_glasgow-gb,1,,,,,,,,,,,,,0,0,0,0
2026-07-05_glasgow-gb#2,2026-07-05_glasgow-gb,2,,,,,,,,,,,,,0,0,0,0
2026-07-05_glasgow-gb#3,2026-07-05_glasgow-gb,3,,,,,,,,,,,,,0,0,0,0
2026-07-05_glasgow-gb#4,2026-07-05_glasgow-gb,4,,,,,,,,,,,,,0,0,0,0
2026-07-05_glasgow-gb#5,2026-07-05_glasgow-gb,5,,,,,,,,,,,,,0,0,0,0
2026-07-05_glasgow-gb#6,2026-07-05_glasgow-gb,6,,,,,,,,,,,,,0,0,0,0
2026-07-05_glasgow-gb#7,2026-07-05_glasgow-gb,7,,,,,,,,,,,,,0,0,0,0
2026-07-05_glasgow-gb#8,2026-07-05_glasgow-gb,8,,,,,,,,,,,,,0,0,0,0
2026-07-05_las-vegas-nv-us#1,2026-07-05_las-vegas-nv-us,1,,,,,,,,,,,,,0,0,0,0
2026-07-05_las-vegas-nv-us#2,2026-07-05_las-vegas-nv-us,2,,,,,,,,,,,,,0,0,0,0
2026-07-05_las-vegas-nv-us#3,2026-07-05_las-vegas-nv-us,3,,,,,,,,,,,,,0,0,0,0
2026-07-05_las-vegas-nv-us#4,2026-07-05_las-vegas-nv-us,4,,,,,,,,,,,,,0,0,0,0
2026-07-05_las-vegas-nv-us#5,2026-07-05_las-vegas-nv-us,5,,,,,,,,,,,,,0,0,0,0
2026-07-05_metairie-la-us#1,2026-07-05_metairie-la-us,1,,,,,,,,,,,,,0,0,0,0
2026-07-05_metairie-la-us#2,2026-07-05_metairie-la-us,2,,,,,,,,,,,,,0,0,0,0
2026-07-05_metairie-la-us#3,2026-07-05_metairie-la-us,3,,,,,,,,,,,,,0,0,0,0
2026-07-05_metairie-la-us#4,2026-07-05_metairie-la-us,4,,,,,,,,,,,,,0,0,0,0
2026-07-05_metairie-la-us#5,2026-07-05_metairie-la-us,5,,,,,,,,,,,,,0,0,0,0
2026-07-05_metairie-la-us#6,2026-07-05_metairie-la-us,6,,,,,,,,,,,,,0,0,0,0
2026-07-05_metairie-la-us#7,2026-07-05_metairie-la-us,7,,,,,,,,,,,,,0,0,0,0
2026-07-05_metairie-la-us#8,2026-07-05_metairie-la-us,8,,,,,,,,,,,,,0,0,0,0
2026-07-05_metairie-la-us#9,2026-07-05_metairie-la-us,9,,,,,,,,,,,,,0,0,0,0
2026-07-05_metairie-la-us#10,2026-07-05_metairie-la-us,10,,,,,,,,,,,,,0,0,0,0
2026-07-05_metairie-la-us#11,2026-07-05_metairie-la-us,11,,,,,,,,,,,,,0,0,0,0
2026-07-05_metairie-la-us#12,2026-07-05_metairie-la-us,12,,,,,,,,,,,,,0,0,0,0
2026-07-05_metairie-la-us#13,2026-07-05_metairie-la-us,13,,,,,,,,,,,,,0,0,0,0
2026-07-05_metairie-la-us#14,2026-07-05_metairie-la-us,14,,,,,,,,,,,,,0,0,0,0
2026-07-05_metairie-la-us#15,2026-07-05_metairie-la-us,15,,,,,,,,,,,,,0,0,0,0
2026-07-05_metairie-la-us#16,2026-07-05_metairie-la-us,16,,,,,,,,,,,,,0,0,0,0
2026-07-05_parma-heights-oh-us#1,2026-07-05_parma-heights-oh-us,1,,,,,,,,,,,,,0,0,0,0
2026-07-05_parma-heights-oh-us#2,2026-07-05_parma-heights-oh-us,2,,,,,,,,,,,,,0,0,0,0
2026-07-05_parma-heights-oh-us#3,2026-07-05_parma-heights-oh-us,3,,,,,,,,,,,,,0,0,0,0
2026-07-05_parma-heights-oh-us#4,2026-07-05_parma-heights-oh-us,4,,,,,,,,,,,,,0,0,0,0
2026-07-05_parma-heights-oh-us#5,2026-07-05_parma-heights-oh-us,5,,,,,,,,,,,,,0,0,0,0
2026-07-05_parma-heights-oh-us#6,2026-07-05_parma-heights-oh-us,6,,,,,,,,,,,,,0,0,0,0
2026-07-05_parma-heights-oh-us#7,2026-07-05_parma-heights-oh-us,7,,,,,,,,,,,,,0,0,0,0
2026-07-05_parma-heights-oh-us#8,2026-07-05_parma-heights-oh-us,8,,,,,,,,,,,,,0,0,0,0
2026-07-05_west-babylon-ny-us#1,2026-07-05_west-babylon-ny-us,1,,,,,,,,,,,,,0,0,0,0
2026-07-05_west-babylon-ny-us#2,2026-07-05_west-babylon-ny-us,2,,,,,,,,,,,,,0,0,0,0
2026-07-05_west-babylon-ny-us#3,2026-07-05_west-babylon-ny-us,3,,,,,,,,,,,,,0,0,0,0
2026-07-05_west-babylon-ny-us#4,2026-07-05_west-babylon-ny-us,4,,,,,,,,,,,,,0,0,0,0
2026-07-05_west-babylon-ny-us#5,2026-07-05_west-babylon-ny-us,5,,,,,,,,,,,,,0,0,0,0
2026-07-05_west-babylon-ny-us#6,2026-07-05_west-babylon-ny-us,6,,,,,,,,,,,,,0,0,0,0
2026-07-05_west-babylon-ny-us#7,2026-07-05_west-babylon-ny-us,7,,,,,,,,,,,,,0,0,0,0
2026-07-05_west-babylon-ny-us#8,2026-07-05_west-babylon-ny-us,8,,,,,,,,,,,,,0,0,0,0
2026-07-11_brookfield-wi-us#999,2026-07-11_brookfield-wi-us,999,,,,,,,,,,,,,0,0,0,0
2026-07-11_brownsburg-in-us#1,2026-07-11_brownsburg-in-us,1,,,,,,,,,,,,,0,0,0,0
2026-07-11_brownsburg-in-us#2,2026-07-11_brownsburg-in-us,2,,,,,,,,,,,,,0,0,0,0
2026-07-11_brownsburg-in-us#3,2026-07-11_brownsburg-in-us,3,,,,,,,,,,,,,0,0,0,0
2026-07-11_brownsburg-in-us#4,2026-07-11_brownsburg-in-us,4,,,,,,,,,,,,,0,0,0,0
2026-07-11_brownsburg-in-us#5,2026-07-11_brownsburg-in-us,5,,,,,,,,,,,,,0,0,0,0
2026-07-11_brownsburg-in-us#6,2026-07-11_brownsburg-in-us,6,,,,,,,,,,,,,0,0,0,0
2026-07-11_brownsburg-in-us#7,2026-07-11_brownsburg-in-us,7,,,,,,,,,,,,,0,0,0,0
2026-07-11_brownsburg-in-us#8,2026-07-11_brownsburg-in-us,8,,,,,,,,,,,,,0,0,0,0
2026-07-11_brownsburg-in-us#9,2026-07-11_brownsburg-in-us,9,,,,,,,,,,,,,0,0,0,0
2026-07-11_brownsburg-in-us#10,2026-07-11_brownsburg-in-us,10,,,,,,,,,,,,,0,0,0,0
2026-07-11_brownsburg-in-us#11,2026-07-11_brownsburg-in-us,11,,,,,,,,,,,,,0,0,0,0
2026-07-11_brownsburg-in-us#12,2026-07-11_brownsburg-in-us,12,,,,,,,,,,,,,0,0,0,0
2026-07-11_brownsburg-in-us#13,2026-07-11_brownsburg-in-us,13,,,,,,,,,,,,,0,0,0,0
2026-07-11_brownsburg-in-us#14,2026-07-11_brownsburg-in-us,14,,,,,,,,,,,,,0,0,0,0
2026-07-11_brownsburg-in-us#15,2026-07-11_brownsburg-in-us,15,,,,,,,,,,,,,0,0,0,0
2026-07-11_brownsburg-in-us#16,2026-07-11_brownsburg-in-us,16,,,,,,,,,,,,,0,0,0,0
2026-07-11_brownsburg-in-us#17,2026-07-11_brownsburg-in-us,17,,,,,,,,,,,,,0,0,0,0
2026-07-11_brownsburg-in-us#18,2026-07-11_brownsburg-in-us,18,,,,,,,,,,,,,0,0,0,0
2026-07-11_brownsburg-in-us#19,2026-07-11_brownsburg-in-us,19,,,,,,,,,,,,,0,0,0,0
2026-07-11_fletcher-nc-us#1,2026-07-11_fletcher-nc-us,1,,,,,,,,,,,,,0,0,0,0
2026-07-11_fletcher-nc-us#2,2026-07-11_fletcher-nc-us,2,,,,,,,,,,,,,0,0,0,0
2026-07-11_fletcher-nc-us#3,2026-07-11_fletcher-nc-us,3,,,,,,,,,,,,,0,0,0,0
2026-07-11_fletcher-nc-us#4,2026-07-11_fletcher-nc-us,4,,,,,,,,,,,,,0,0,0,0
2026-07-11_fletcher-nc-us#5,2026-07-11_fletcher-nc-us,5,,,,,,,,,,,,,0,0,0,0
2026-07-11_fletcher-nc-us#6,2026-07-11_fletcher-nc-us,6,,,,,,,,,,,,,0,0,0,0
2026-07-11_fletcher-nc-us#7,2026-07-11_fletcher-nc-us,7,,,,,,,,,,,,,0,0,0,0
2026-07-11_fletcher-nc-us#8,2026-07-11_fletcher-nc-us,8,,,,,,,,,,,,,0,0,0,0
2026-07-11_fletcher-nc-us#9,2026-07-11_fletcher-nc-us,9,,,,,,,,,,,,,0,0,0,0
2026-07-11_fletcher-nc-us#10,2026-07-11_fletcher-nc-us,10,,,,,,,,,,,,,0,0,0,0
2026-07-11_fletcher-nc-us#11,2026-07-11_fletcher-nc-us,11,,,,,,,,,,,,,0,0,0,0
2026-07-11_fletcher-nc-us#12,2026-07-11_fletcher-nc-us,12,,,,,,,,,,,,,0,0,0,0
2026-07-11_fletcher-nc-us#13,2026-07-11_fletcher-nc-us,13,,,,,,,,,,,,,0,0,0,0
2026-07-11_fletcher-nc-us#14,2026-07-11_fletcher-nc-us,14,,,,,,,,,,,,,0,0,0,0
2026-07-11_fletcher-nc-us#15,2026-07-11_fletcher-nc-us,15,,,,,,,,,,,,,0,0,0,0
2026-07-11_fletcher-nc-us#16,2026-07-11_fletcher-nc-us,16,,,,,,,,,,,,,0,0,0,0
2026-07-11_hackham-au#1,2026-07-11_hackham-au,1,,,,,,,,,,,,,0,0,0,0
2026-07-11_hackham-au#2,2026-07-11_hackham-au,2,,,,,,,,,,,,,0,0,0,0
2026-07-11_hackham-au#3,2026-07-11_hackham-au,3,,,,,,,,,,,,,0,0,0,0
2026-07-11_hackham-au#4,2026-07-11_hackham-au,4,,,,,,,,,,,,,0,0,0,0
2026-07-11_hackham-au#5,2026-07-11_hackham-au,5,,,,,,,,,,,,,0,0,0,0
2026-07-11_hackham-au#6,2026-07-11_hackham-au,6,,,,,,,,,,,,,0,0,0,0
2026-07-11_hackham-au#7,2026-07-11_hackham-au,7,,,,,,,,,,,,,0,0,0,0
2026-07-11_lewis-center-oh-us#1,2026-07-11_lewis-center-oh-us,1,keyleth of the air ashari,cr02-009,2026 Round 3 Local Championship John M Deck Submission,water,2-0-1,2,0,1,2-0-1,2,0,1,0,1,67,10
2026-07-11_lewis-center-oh-us#2,2026-07-11_lewis-center-oh-us,2,burning godzilla,gdz01-004,burn er w/e,earth,2-0-1,2,0,1,2-0-1,2,0,1,0,1,83,10
2026-07-11_lewis-center-oh-us#3,2026-07-11_lewis-center-oh-us,3,"anguirus, fierce dragon",gdz01-001,Angi LC,earth,2-1-0,2,1,0,2-1-0,2,1,0,0,1,61,10
2026-07-11_lewis-center-oh-us#4,2026-07-11_lewis-center-oh-us,4,"izuku midoriya, deku",mha09-002,2026 Round 3 Local Championship Bradley P Deck Submission,air,2-1-0,2,1,0,2-1-0,2,1,0,0,1,66,10
2026-07-11_lewis-center-oh-us#5,2026-07-11_lewis-center-oh-us,5,"meitenkun, sleeping prodigy",kf0x-002,SPOOOOOON,earth,1-2-0,1,2,0,1-2-0,1,2,0,0,1,72,10
2026-07-11_lewis-center-oh-us#6,2026-07-11_lewis-center-oh-us,6,"mechagodzilla, kiryu",cha03gmm-002,Rather Large Caesar,earth,1-2-0,1,2,0,1-2-0,1,2,0,0,1,65,10
2026-07-11_lewis-center-oh-us#7,2026-07-11_lewis-center-oh-us,7,"izuku midoriya, deku",mha09-002,2026 Round 3 Local Championship Josh D Deck Submission,good,1-2-0,1,2,0,1-2-0,1,2,0,0,1,71,10
2026-07-11_lewis-center-oh-us#8,2026-07-11_lewis-center-oh-us,8,lady nagant,mha07-028,New Deck,evil,0-3-0,0,3,0,0-3-0,0,3,0,0,1,65,10
2026-07-11_mansfield-ma-us#1,2026-07-11_mansfield-ma-us,1,,,,,,,,,,,,,0,0,0,0
2026-07-11_mansfield-ma-us#2,2026-07-11_mansfield-ma-us,2,"mothra, divine moth",gdz01-013,Mommy Issues and Masochism,air,3-1-0,3,1,0,4-1-0,4,1,0,1,1,90,10
2026-07-11_mansfield-ma-us#3,2026-07-11_mansfield-ma-us,3,"leatherhead, eager expat",tmnt01-005,MA Local Championship Mackenzie S Deck Submission,water,3-0-1,3,0,1,3-1-1,3,1,1,1,1,64,0
2026-07-11_mansfield-ma-us#4,2026-07-11_mansfield-ma-us,4,,,,,,,,,,,,,0,0,0,0
2026-07-11_mansfield-ma-us#5,2026-07-11_mansfield-ma-us,5,"mechagodzilla, modified type-3 kiryu",gdz01-012,Local Championship - Round 3 Bryan R Deck Submission,good,1-1-1 +1 bye,,,,1-1-1,1,1,1,0,1,60,10
2026-07-11_mansfield-ma-us#6,2026-07-11_mansfield-ma-us,6,"godzilla, shin godzilla",gdz01-007,MA Local Championship Eddie V Deck Submission,death,2-1-1,2,1,1,2-1-1,2,1,1,0,1,70,10
2026-07-11_mansfield-ma-us#7,2026-07-11_mansfield-ma-us,7,"reiner braun, marley’s shield // armored titan, finale",aot03-013,New Deck,order,2-2-0,2,2,0,2-2-0,2,2,0,0,1,65,10
2026-07-11_mansfield-ma-us#8,2026-07-11_mansfield-ma-us,8,"anguirus, fierce dragon",gdz01-001,That Angers Us,earth,2-2-0,2,2,0,2-2-0,2,2,0,0,1,61,10
2026-07-11_mansfield-ma-us#9,2026-07-11_mansfield-ma-us,9,,,,,,,,,,,,,0,0,0,0
2026-07-11_mansfield-ma-us#10,2026-07-11_mansfield-ma-us,10,,,,,,,,,,,,,0,0,0,0
2026-07-11_mansfield-ma-us#11,2026-07-11_mansfield-ma-us,11,,,,,,,,,,,,,0,0,0,0
2026-07-11_mansfield-ma-us#12,2026-07-11_mansfield-ma-us,12,"battra, beast of destruction",gdz01-002,Trust me bro,void,1-3-0,1,3,0,1-3-0,1,3,0,0,1,67,10
2026-07-11_mansfield-ma-us#13,2026-07-11_mansfield-ma-us,13,,,,,,,,,,,,,0,0,0,0
2026-07-11_novi-mi-us#1,2026-07-11_novi-mi-us,1,,,,,,,,,,,,,0,0,0,0
2026-07-11_novi-mi-us#2,2026-07-11_novi-mi-us,2,,,,,,,,,,,,,0,0,0,0
2026-07-11_novi-mi-us#3,2026-07-11_novi-mi-us,3,,,,,,,,,,,,,0,0,0,0
2026-07-11_novi-mi-us#4,2026-07-11_novi-mi-us,4,,,,,,,,,,,,,0,0,0,0
2026-07-11_novi-mi-us#5,2026-07-11_novi-mi-us,5,,,,,,,,,,,,,0,0,0,0
2026-07-11_novi-mi-us#6,2026-07-11_novi-mi-us,6,,,,,,,,,,,,,0,0,0,0
2026-07-11_novi-mi-us#7,2026-07-11_novi-mi-us,7,,,,,,,,,,,,,0,0,0,0
2026-07-11_novi-mi-us#8,2026-07-11_novi-mi-us,8,,,,,,,,,,,,,0,0,0,0
2026-07-11_reno-nv-us#1,2026-07-11_reno-nv-us,1,"izuku midoriya, deku",mha09-002,"Izuku Midoriya, Deku [Air]",air,3-1-1,3,1,1,6-1-1,6,1,1,1,1,70,10
2026-07-11_reno-nv-us#2,2026-07-11_reno-nv-us,2,"mothra, divine moth",gdz01-013,mothra flashray,air,4-0-1,4,0,1,6-1-1,6,1,1,1,1,85,10
2026-07-11_reno-nv-us#3,2026-07-11_reno-nv-us,3,"anguirus, fierce dragon",gdz01-001,Angry again,earth,3-1-1,3,1,1,4-2-1,4,2,1,1,1,65,10
2026-07-11_reno-nv-us#4,2026-07-11_reno-nv-us,4,pony tsunotori,mha07-098,The Pony Cabal Rides Again,earth,2-1-1 +1 bye,,,,3-2-1,3,2,1,1,1,65,10
2026-07-11_reno-nv-us#5,2026-07-11_reno-nv-us,5,"reiner braun, marley’s shield // armored titan, finale",aot03-013,Reiner 3,order,3-1-1,3,1,1,3-2-1,3,2,1,1,1,60,10
2026-07-11_reno-nv-us#6,2026-07-11_reno-nv-us,6,"heidern, hard-boiled assassin",kf0x-025,Heider,void,3-1-1,3,1,1,3-2-1,3,2,1,1,1,60,10
2026-07-11_reno-nv-us#7,2026-07-11_reno-nv-us,7,"anguirus, fierce dragon",gdz01-001,Angry Rage,earth,3-2-0,3,2,0,3-3-0,3,3,0,1,1,63,10
2026-07-11_reno-nv-us#8,2026-07-11_reno-nv-us,8,armored all might,mha09-001,AAM,good,3-2-0,3,2,0,3-3-0,3,3,0,1,1,65,10
2026-07-11_reno-nv-us#9,2026-07-11_reno-nv-us,9,"godzilla, shin godzilla",gdz01-007,Kickin Shins,chaos,2-3-0,2,3,0,2-3-0,2,3,0,0,1,70,10
2026-07-11_reno-nv-us#10,2026-07-11_reno-nv-us,10,"izuku midoriya, deku",mha09-002,Game Kastle Reno Local Championship Steven S Deck Submission,air,2-3-0,2,3,0,2-3-0,2,3,0,0,1,69,10
2026-07-11_reno-nv-us#11,2026-07-11_reno-nv-us,11,"izuku midoriya, deku",mha09-002,Midoriya [Air,air,1-3-0 +1 bye,,,,1-3-0,1,3,0,0,1,69,10
2026-07-11_reno-nv-us#12,2026-07-11_reno-nv-us,12,,,Peter B's Deck,,1-1-1,1,1,1,1-1-1,1,1,1,0,0,0,0
2026-07-11_reno-nv-us#13,2026-07-11_reno-nv-us,13,bridget,ggs01-001,Bridget,water,0-2-0 +1 bye,,,,0-2-0,0,2,0,0,1,70,10
2026-07-11_reno-nv-us#14,2026-07-11_reno-nv-us,14,"king ghidorah, three-headed monster",gdz01-011,One True King,all,0-3-0 +1 bye,,,,0-3-0,0,3,0,0,1,66,10
2026-07-11_reno-nv-us#15,2026-07-11_reno-nv-us,15,,,Ricardo S's Deck,,0-1-1,0,1,1,0-1-1,0,1,1,0,1,76,0
2026-07-11_reno-nv-us#16,2026-07-11_reno-nv-us,16,momo yaoyorozu,mha07-055,Game Kastle Reno Local Championship Jordan B Deck Submission,good,0-3-0,0,3,0,0-3-0,0,3,0,0,1,70,10
2026-07-11_reno-nv-us#17,2026-07-11_reno-nv-us,17,suzuki,yyhdt-109,Literal Clown,chaos,0-2-0,0,2,0,0-2-0,0,2,0,0,1,62,0
2026-07-11_san-antonio-tx-us#1,2026-07-11_san-antonio-tx-us,1,,,,,,,,,,,,,0,0,0,0
2026-07-11_san-antonio-tx-us#2,2026-07-11_san-antonio-tx-us,2,,,,,,,,,,,,,0,0,0,0
2026-07-11_san-antonio-tx-us#3,2026-07-11_san-antonio-tx-us,3,,,,,,,,,,,,,0,0,0,0
2026-07-11_san-antonio-tx-us#4,2026-07-11_san-antonio-tx-us,4,,,,,,,,,,,,,0,0,0,0
2026-07-11_san-antonio-tx-us#5,2026-07-11_san-antonio-tx-us,5,,,,,,,,,,,,,0,0,0,0
2026-07-11_san-antonio-tx-us#6,2026-07-11_san-antonio-tx-us,6,,,,,,,,,,,,,0,0,0,0
2026-07-11_san-antonio-tx-us#7,2026-07-11_san-antonio-tx-us,7,,,,,,,,,,,,,0,0,0,0
2026-07-11_san-antonio-tx-us#8,2026-07-11_san-antonio-tx-us,8,,,,,,,,,,,,,0,0,0,0
2026-07-11_san-antonio-tx-us#9,2026-07-11_san-antonio-tx-us,9,,,,,,,,,,,,,0,0,0,0
2026-07-11_san-antonio-tx-us#10,2026-07-11_san-antonio-tx-us,10,,,,,,,,,,,,,0,0,0,0
2026-07-11_san-antonio-tx-us#11,2026-07-11_san-antonio-tx-us,11,,,,,,,,,,,,,0,0,0,0
2026-07-11_san-antonio-tx-us#12,2026-07-11_san-antonio-tx-us,12,,,,,,,,,,,,,0,0,0,0
2026-07-11_sheffield-gb#1,2026-07-11_sheffield-gb,1,,,,,,,,,,,,,0,0,0,0
2026-07-11_sheffield-gb#2,2026-07-11_sheffield-gb,2,,,,,,,,,,,,,0,0,0,0
2026-07-11_sheffield-gb#3,2026-07-11_sheffield-gb,3,,,,,,,,,,,,,0,0,0,0
2026-07-11_sheffield-gb#4,2026-07-11_sheffield-gb,4,,,,,,,,,,,,,0,0,0,0
2026-07-11_sheffield-gb#5,2026-07-11_sheffield-gb,5,,,,,,,,,,,,,0,0,0,0
2026-07-11_sheffield-gb#6,2026-07-11_sheffield-gb,6,,,,,,,,,,,,,0,0,0,0
2026-07-11_sheffield-gb#7,2026-07-11_sheffield-gb,7,,,,,,,,,,,,,0,0,0,0
2026-07-11_sheffield-gb#8,2026-07-11_sheffield-gb,8,,,,,,,,,,,,,0,0,0,0
2026-07-11_sheffield-gb#9,2026-07-11_sheffield-gb,9,,,,,,,,,,,,,0,0,0,0
2026-07-11_sheffield-gb#10,2026-07-11_sheffield-gb,10,,,,,,,,,,,,,0,0,0,0
2026-07-11_sheffield-gb#11,2026-07-11_sheffield-gb,11,,,,,,,,,,,,,0,0,0,0
2026-07-11_sheffield-gb#12,2026-07-11_sheffield-gb,12,,,,,,,,,,,,,0,0,0,0
2026-07-11_sheffield-gb#13,2026-07-11_sheffield-gb,13,,,,,,,,,,,,,0,0,0,0
2026-07-11_sheffield-gb#14,2026-07-11_sheffield-gb,14,,,,,,,,,,,,,0,0,0,0
2026-07-11_sheffield-gb#15,2026-07-11_sheffield-gb,15,,,,,,,,,,,,,0,0,0,0
2026-07-11_sheffield-gb#16,2026-07-11_sheffield-gb,16,,,,,,,,,,,,,0,0,0,0
2026-07-11_tempe-az-us#1,2026-07-11_tempe-az-us,1,,,,,,,,,,,,,0,0,0,0
2026-07-11_tempe-az-us#2,2026-07-11_tempe-az-us,2,,,,,,,,,,,,,0,0,0,0
2026-07-11_tempe-az-us#3,2026-07-11_tempe-az-us,3,,,,,,,,,,,,,0,0,0,0
2026-07-11_tempe-az-us#4,2026-07-11_tempe-az-us,4,,,,,,,,,,,,,0,0,0,0
2026-07-11_tempe-az-us#5,2026-07-11_tempe-az-us,5,,,,,,,,,,,,,0,0,0,0
2026-07-11_tempe-az-us#6,2026-07-11_tempe-az-us,6,,,,,,,,,,,,,0,0,0,0
2026-07-11_tempe-az-us#7,2026-07-11_tempe-az-us,7,,,,,,,,,,,,,0,0,0,0
2026-07-12_alicante-es#1,2026-07-12_alicante-es,1,,,,,,,,,,,,,0,0,0,0
2026-07-12_alicante-es#2,2026-07-12_alicante-es,2,,,,,,,,,,,,,0,0,0,0
2026-07-12_alicante-es#3,2026-07-12_alicante-es,3,,,,,,,,,,,,,0,0,0,0
2026-07-12_alicante-es#4,2026-07-12_alicante-es,4,,,,,,,,,,,,,0,0,0,0
2026-07-12_alicante-es#5,2026-07-12_alicante-es,5,,,,,,,,,,,,,0,0,0,0
2026-07-12_alicante-es#6,2026-07-12_alicante-es,6,,,,,,,,,,,,,0,0,0,0
2026-07-12_alicante-es#7,2026-07-12_alicante-es,7,,,,,,,,,,,,,0,0,0,0
2026-07-12_alicante-es#8,2026-07-12_alicante-es,8,,,,,,,,,,,,,0,0,0,0
2026-07-12_alicante-es#9,2026-07-12_alicante-es,9,,,,,,,,,,,,,0,0,0,0
2026-07-12_alicante-es#10,2026-07-12_alicante-es,10,,,,,,,,,,,,,0,0,0,0
2026-07-12_alicante-es#11,2026-07-12_alicante-es,11,,,,,,,,,,,,,0,0,0,0
2026-07-12_alicante-es#12,2026-07-12_alicante-es,12,,,,,,,,,,,,,0,0,0,0
2026-07-12_alicante-es#13,2026-07-12_alicante-es,13,,,,,,,,,,,,,0,0,0,0
2026-07-12_alicante-es#14,2026-07-12_alicante-es,14,,,,,,,,,,,,,0,0,0,0
2026-07-12_alicante-es#15,2026-07-12_alicante-es,15,,,,,,,,,,,,,0,0,0,0
2026-07-12_alicante-es#16,2026-07-12_alicante-es,16,,,,,,,,,,,,,0,0,0,0
2026-07-12_alicante-es#17,2026-07-12_alicante-es,17,,,,,,,,,,,,,0,0,0,0
2026-07-12_alicante-es#18,2026-07-12_alicante-es,18,,,,,,,,,,,,,0,0,0,0
2026-07-12_alicante-es#19,2026-07-12_alicante-es,19,,,,,,,,,,,,,0,0,0,0
2026-07-12_alicante-es#20,2026-07-12_alicante-es,20,,,,,,,,,,,,,0,0,0,0
2026-07-12_canberra-au#1,2026-07-12_canberra-au,1,,,,,,,,,,,,,0,0,0,0
2026-07-12_canberra-au#2,2026-07-12_canberra-au,2,,,,,,,,,,,,,0,0,0,0
2026-07-12_canberra-au#3,2026-07-12_canberra-au,3,,,,,,,,,,,,,0,0,0,0
2026-07-12_canberra-au#4,2026-07-12_canberra-au,4,,,,,,,,,,,,,0,0,0,0
2026-07-12_canberra-au#5,2026-07-12_canberra-au,5,,,,,,,,,,,,,0,0,0,0
2026-07-12_canberra-au#6,2026-07-12_canberra-au,6,,,,,,,,,,,,,0,0,0,0
2026-07-12_canberra-au#7,2026-07-12_canberra-au,7,,,,,,,,,,,,,0,0,0,0
2026-07-12_canberra-au#8,2026-07-12_canberra-au,8,,,,,,,,,,,,,0,0,0,0
2026-07-12_courtice-on-ca#999,2026-07-12_courtice-on-ca,999,,,,,,,,,,,,,0,0,0,0
2026-07-12_manchester-ct-us#999,2026-07-12_manchester-ct-us,999,,,,,,,,,,,,,0,0,0,0
2026-07-12_novi-mi-us#1,2026-07-12_novi-mi-us,1,,,,,,,,,,,,,0,0,0,0
2026-07-12_novi-mi-us#2,2026-07-12_novi-mi-us,2,,,,,,,,,,,,,0,0,0,0
2026-07-12_novi-mi-us#3,2026-07-12_novi-mi-us,3,,,,,,,,,,,,,0,0,0,0
2026-07-12_novi-mi-us#4,2026-07-12_novi-mi-us,4,,,,,,,,,,,,,0,0,0,0
2026-07-12_novi-mi-us#5,2026-07-12_novi-mi-us,5,,,,,,,,,,,,,0,0,0,0
2026-07-12_novi-mi-us#6,2026-07-12_novi-mi-us,6,,,,,,,,,,,,,0,0,0,0
2026-07-12_novi-mi-us#7,2026-07-12_novi-mi-us,7,,,,,,,,,,,,,0,0,0,0
2026-07-12_novi-mi-us#8,2026-07-12_novi-mi-us,8,,,,,,,,,,,,,0,0,0,0
2026-07-12_novi-mi-us#9,2026-07-12_novi-mi-us,9,,,,,,,,,,,,,0,0,0,0
2026-07-18_dallas-tx-us#1,2026-07-18_dallas-tx-us,1,"rodan, giant monster of the sky",cha03krm-003,Plan B,void,5-0-2 +1 bye,,,,8-0-2,8,0,2,1,1,94,10
2026-07-18_dallas-tx-us#2,2026-07-18_dallas-tx-us,2,"rodan, giant monster of the sky",cha03krm-003,Back To Whatever The Guck,void,6-1-1,6,1,1,8-2-1,8,2,1,1,1,69,10
2026-07-18_dallas-tx-us#3,2026-07-18_dallas-tx-us,3,"king ghidorah, three-headed monster",gdz01-011,I'm not gonna count All,all,5-0-2 +1 bye,,,,6-1-2,6,1,2,1,1,60,10
2026-07-18_dallas-tx-us#4,2026-07-18_dallas-tx-us,4,"king ghidorah, three-headed monster",gdz01-011,Juicy G,death,5-1-1 +1 bye,,,,6-2-1,6,2,1,1,1,60,10
2026-07-18_dallas-tx-us#5,2026-07-18_dallas-tx-us,5,"rodan, giant monster of the sky",cha03krm-003,Unlucky rodan,void,5-0-2 +1 bye,,,,5-1-2,5,1,2,1,1,76,10
2026-07-18_dallas-tx-us#6,2026-07-18_dallas-tx-us,6,"zeke yeager // zeke, beast titan",aot02-015,Zeke1 Dallas - Zach Richards,life,5-0-2 +1 bye,,,,5-1-2,5,1,2,1,1,67,10
2026-07-18_dallas-tx-us#7,2026-07-18_dallas-tx-us,7,"pumat sol, magical proprietor",cr02-015,Order Symbol POG,order,5-1-1 +1 bye,,,,5-2-1,5,2,1,1,1,63,10
2026-07-18_dallas-tx-us#8,2026-07-18_dallas-tx-us,8,armored all might,mha09-001,Not once in my entire life… have I gone into the deck editor expecting it to work!!,earth,5-1-1 +1 bye,,,,5-2-1,5,2,1,1,1,65,10
2026-07-18_dallas-tx-us#9,2026-07-18_dallas-tx-us,9,"mikasa ackerman, hizuru’s hope",aot03-010,Filled with doubt,death,5-1-1 +1 bye,,,,5-1-1,5,1,1,0,1,66,10
2026-07-18_dallas-tx-us#10,2026-07-18_dallas-tx-us,10,"izuku midoriya, on the move // izuku midoriya, quirks unleashed",mha08-001,Deku on the Move,water,6-1-1,6,1,1,6-1-1,6,1,1,0,1,72,10
2026-07-18_dallas-tx-us#11,2026-07-18_dallas-tx-us,11,"rodan, giant monster of the sky",cha03krm-003,Rodan,void,6-2-0,6,2,0,6-2-0,6,2,0,0,1,67,10
2026-07-18_dallas-tx-us#12,2026-07-18_dallas-tx-us,12,"zeke yeager // zeke, beast titan",aot02-015,New Deck,life,6-2-0,6,2,0,6-2-0,6,2,0,0,1,68,10
2026-07-18_dallas-tx-us#13,2026-07-18_dallas-tx-us,13,"godzilla, shin godzilla",gdz01-007,Shin,chaos,5-2-0 +1 bye,,,,5-2-0,5,2,0,0,1,71,10
2026-07-18_dallas-tx-us#14,2026-07-18_dallas-tx-us,14,"godzilla, titan of terror",gdz01-008,Spicy ToT,fire,5-2-0 +1 bye,,,,5-2-0,5,2,0,0,1,70,10
2026-07-18_dallas-tx-us#15,2026-07-18_dallas-tx-us,15,keyleth of the air ashari,cr02-009,Keyleth,air,4-1-2 +1 bye,,,,4-1-2,4,1,2,0,1,90,10
2026-07-18_dallas-tx-us#16,2026-07-18_dallas-tx-us,16,mitchell cimino,promo2025-053,I’m running battra arrives,order,4-2-1 +1 bye,,,,4-2-1,4,2,1,0,1,60,10
2026-07-18_dallas-tx-us#17,2026-07-18_dallas-tx-us,17,"izuku midoriya, on the move // izuku midoriya, quirks unleashed",mha08-001,Mill Deku Void,void,4-2-1 +1 bye,,,,4-2-1,4,2,1,0,1,84,10
2026-07-18_dallas-tx-us#18,2026-07-18_dallas-tx-us,18,"jacob johnson, 2019 uk national champion",promo2026-002,Ham Sandwich,good,4-2-1 +1 bye,,,,4-2-1,4,2,1,0,1,65,10
2026-07-18_dallas-tx-us#19,2026-07-18_dallas-tx-us,19,"biollante, giant plant monster",gdz01-003,Biollante,earth,4-2-1 +1 bye,,,,4-2-1,4,2,1,0,1,73,10
2026-07-18_dallas-tx-us#20,2026-07-18_dallas-tx-us,20,"rodan, giant monster of the sky",cha03krm-003,New Deck,void,4-2-1 +1 bye,,,,4-2-1,4,2,1,0,1,87,10
2026-07-18_dallas-tx-us#21,2026-07-18_dallas-tx-us,21,armored all might,mha09-001,Gumpin it Jenny,good,4-2-1 +1 bye,,,,4-2-1,4,2,1,0,1,62,10
2026-07-18_dallas-tx-us#22,2026-07-18_dallas-tx-us,22,"benimaru, shooting star",kf0x-003,Kaku go wa dekita ka na!,good,4-2-1 +1 bye,,,,4-2-1,4,2,1,0,1,67,10
2026-07-18_dallas-tx-us#23,2026-07-18_dallas-tx-us,23,mitchell cimino,promo2025-053,New Deck,order,4-2-1 +1 bye,,,,4-2-1,4,2,1,0,1,72,10
2026-07-18_dallas-tx-us#24,2026-07-18_dallas-tx-us,24,"anguirus, fierce dragon",gdz01-001,Completely Original and Not Copied Do Not Steal (tm,earth,4-2-1 +1 bye,,,,4-2-1,4,2,1,0,1,68,10
2026-07-18_dallas-tx-us#25,2026-07-18_dallas-tx-us,25,"anguirus, fierce dragon",gdz01-001,Angry 'R' Us,earth,4-3-0 +1 bye,,,,4-3-0,4,3,0,0,1,61,10
2026-07-18_dallas-tx-us#26,2026-07-18_dallas-tx-us,26,pony tsunotori,mha07-098,THIS WEBSITE SUCKS DEEK!!!,earth,4-3-0 +1 bye,,,,4-3-0,4,3,0,0,1,60,10
2026-07-18_dallas-tx-us#27,2026-07-18_dallas-tx-us,27,"rodan, giant monster of the sky",cha03krm-003,Air Rodan,air,4-3-0 +1 bye,,,,4-3-0,4,3,0,0,1,60,10
2026-07-18_dallas-tx-us#28,2026-07-18_dallas-tx-us,28,"anguirus, fierce dragon",gdz01-001,Mattdoh Dallas Earth Anguirus,earth,5-3-0,5,3,0,5-3-0,5,3,0,0,1,60,10
2026-07-18_dallas-tx-us#29,2026-07-18_dallas-tx-us,29,"mothra, divine moth",gdz01-013,Not a Moth Regional Deck,air,4-3-0 +1 bye,,,,4-3-0,4,3,0,0,1,82,10
2026-07-18_dallas-tx-us#30,2026-07-18_dallas-tx-us,30,"king ghidorah, three-headed monster",gdz01-011,I paid for Three Heads,death,4-3-0 +1 bye,,,,4-3-0,4,3,0,0,1,66,10
2026-07-18_dallas-tx-us#31,2026-07-18_dallas-tx-us,31,pony tsunotori,mha07-098,Cabal Pony,earth,4-3-0 +1 bye,,,,4-3-0,4,3,0,0,1,66,10
2026-07-18_dallas-tx-us#32,2026-07-18_dallas-tx-us,32,"godzilla, shin godzilla",gdz01-007,Shin Godzilla,death,5-3-0,5,3,0,5-3-0,5,3,0,0,1,80,10
2026-07-18_dallas-tx-us#33,2026-07-18_dallas-tx-us,33,pony tsunotori,mha07-098,Toko V.2,earth,5-3-0,5,3,0,5-3-0,5,3,0,0,1,64,10
2026-07-18_dallas-tx-us#34,2026-07-18_dallas-tx-us,34,armored all might,mha09-001,Iron Might,good,5-3-0,5,3,0,5-3-0,5,3,0,0,1,65,10
2026-07-18_dallas-tx-us#35,2026-07-18_dallas-tx-us,35,armored all might,mha09-001,Sludgemight,earth,5-3-0,5,3,0,5-3-0,5,3,0,0,1,67,10
2026-07-18_dallas-tx-us#36,2026-07-18_dallas-tx-us,36,"annie leonhart, awakened // female titan, finale",aot03-001,Best Annie,death,5-3-0,5,3,0,5-3-0,5,3,0,0,1,62,10
2026-07-18_dallas-tx-us#37,2026-07-18_dallas-tx-us,37,"rodan, giant monster of the sky",cha03krm-003,The big bird is back,void,3-2-2 +1 bye,,,,3-2-2,3,2,2,0,1,94,10
2026-07-18_dallas-tx-us#38,2026-07-18_dallas-tx-us,38,"all for one, demon lord",mha09-022,Calvin Tahan,chaos,3-2-2 +1 bye,,,,3-2-2,3,2,2,0,1,60,10
2026-07-18_dallas-tx-us#39,2026-07-18_dallas-tx-us,39,"izuku midoriya, deku",mha09-002,Deku,air,3-2-2 +1 bye,,,,3-2-2,3,2,2,0,1,71,10
2026-07-18_dallas-tx-us#40,2026-07-18_dallas-tx-us,40,pony tsunotori,mha07-098,Pony tsunotori,earth,3-3-1 +1 bye,,,,3-3-1,3,3,1,0,1,64,10
2026-07-18_dallas-tx-us#41,2026-07-18_dallas-tx-us,41,"anguirus, fierce dragon",gdz01-001,New Deck,earth,3-3-1 +1 bye,,,,3-3-1,3,3,1,0,1,68,10
2026-07-18_dallas-tx-us#42,2026-07-18_dallas-tx-us,42,"king ghidorah, emperor of the cosmos",cha03krm-001,KG,evil,3-3-1 +1 bye,,,,3-3-1,3,3,1,0,1,80,10
2026-07-18_dallas-tx-us#43,2026-07-18_dallas-tx-us,43,"sung jinwoo, e rank hunter",sl01-001,Dallas,life,3-3-1 +1 bye,,,,3-3-1,3,3,1,0,1,69,10
2026-07-18_dallas-tx-us#44,2026-07-18_dallas-tx-us,44,"anguirus, fierce dragon",gdz01-001,Angry Dragon Armadillo Turtle Thingy,earth,3-3-1 +1 bye,,,,3-3-1,3,3,1,0,1,66,10
2026-07-18_dallas-tx-us#45,2026-07-18_dallas-tx-us,45,"ymir // ymir, jaw titan",aot01-020,Throat Goat,life,3-3-1 +1 bye,,,,3-3-1,3,3,1,0,1,65,10
2026-07-18_dallas-tx-us#46,2026-07-18_dallas-tx-us,46,nagoriyuki,ggs01-006,"157,369,482 Thunder Spears",order,3-3-1 +1 bye,,,,3-3-1,3,3,1,0,1,66,10
2026-07-18_dallas-tx-us#47,2026-07-18_dallas-tx-us,47,mitchell cimino,promo2025-053,Mitch,order,3-3-1 +1 bye,,,,3-3-1,3,3,1,0,1,70,10
2026-07-18_dallas-tx-us#48,2026-07-18_dallas-tx-us,48,"anguirus, fierce dragon",gdz01-001,Insert Anguirus Deck Name Here,earth,3-3-1 +1 bye,,,,3-3-1,3,3,1,0,1,64,10
2026-07-18_dallas-tx-us#49,2026-07-18_dallas-tx-us,49,"rodan, giant monster of the sky",cha03krm-003,Rodan Does Dallas,air,3-3-1 +1 bye,,,,3-3-1,3,3,1,0,1,62,10
2026-07-18_dallas-tx-us#50,2026-07-18_dallas-tx-us,50,pony tsunotori,mha07-098,AIZO,earth,3-4-0 +1 bye,,,,3-4-0,3,4,0,0,1,65,10
2026-07-18_dallas-tx-us#51,2026-07-18_dallas-tx-us,51,woman,mha07-110,Woman Month,void,3-4-0 +1 bye,,,,3-4-0,3,4,0,0,1,61,10
2026-07-18_dallas-tx-us#52,2026-07-18_dallas-tx-us,52,"pieck finger, panzer unit cartman // cart titan, finale",aot03-011,New Deck,order,3-4-0 +1 bye,,,,3-4-0,3,4,0,0,1,64,10
2026-07-18_dallas-tx-us#53,2026-07-18_dallas-tx-us,53,"rodan, giant monster of the sky",cha03krm-003,New Deck 01,void,2-2-3 +1 bye,,,,2-2-3,2,2,3,0,1,75,10
2026-07-18_dallas-tx-us#54,2026-07-18_dallas-tx-us,54,"zeke yeager, warchief",aot03-015,New Deck,life,4-4-0,4,4,0,4-4-0,4,4,0,0,1,61,10
2026-07-18_dallas-tx-us#55,2026-07-18_dallas-tx-us,55,"godzilla, king of the monsters",cha03gmm-001,The One True Zilla,earth,3-4-0 +1 bye,,,,3-4-0,3,4,0,0,1,64,10
2026-07-18_dallas-tx-us#56,2026-07-18_dallas-tx-us,56,pony tsunotori,mha07-098,Rocketti,earth,4-4-0,4,4,0,4-4-0,4,4,0,0,1,63,10
2026-07-18_dallas-tx-us#57,2026-07-18_dallas-tx-us,57,pony tsunotori,mha07-098,Pony R3 Dallas,earth,4-4-0,4,4,0,4-4-0,4,4,0,0,1,64,10
2026-07-18_dallas-tx-us#58,2026-07-18_dallas-tx-us,58,"jester lavorre, prankster priestess",crmn-001,Jester Diamond,fire,3-2-3,3,2,3,3-2-3,3,2,3,0,1,60,10
2026-07-18_dallas-tx-us#59,2026-07-18_dallas-tx-us,59,"reiner braun // reiner, armored titan",aot01-017,Reiner,death,3-3-2,3,3,2,3-3-2,3,3,2,0,1,63,10
2026-07-18_dallas-tx-us#60,2026-07-18_dallas-tx-us,60,"fresh cut grass, positive reinforcement",promo2024-001,Happy Thoughts,water,2-3-2 +1 bye,,,,2-3-2,2,3,2,0,1,66,10
2026-07-18_dallas-tx-us#61,2026-07-18_dallas-tx-us,61,"rodan, giant monster of the sky",cha03krm-003,Rodan,void,2-3-2 +1 bye,,,,2-3-2,2,3,2,0,1,90,10
2026-07-18_dallas-tx-us#62,2026-07-18_dallas-tx-us,62,krista lenz,aot01-013,FW Krista,order,2-3-2 +1 bye,,,,2-3-2,2,3,2,0,1,60,10
2026-07-18_dallas-tx-us#63,2026-07-18_dallas-tx-us,63,"zeke yeager // zeke, beast titan",aot02-015,Beach Bod Zeke,life,2-3-2 +1 bye,,,,2-3-2,2,3,2,0,1,69,10
2026-07-18_dallas-tx-us#64,2026-07-18_dallas-tx-us,64,"ymir // ymir, jaw titan",aot01-020,Y To The Thro,life,3-3-2,3,3,2,3-3-2,3,3,2,0,1,66,10
2026-07-18_dallas-tx-us#65,2026-07-18_dallas-tx-us,65,"zeke yeager // zeke, beast titan",aot02-015,Zeke Yeager - Round 3 Regional,life,2-4-1 +1 bye,,,,2-4-1,2,4,1,0,1,69,10
2026-07-18_dallas-tx-us#66,2026-07-18_dallas-tx-us,66,"godzilla, king of the monsters",cha03gmm-001,i didnt get to pre,chaos,2-4-1 +1 bye,,,,2-4-1,2,4,1,0,1,66,10
2026-07-18_dallas-tx-us#67,2026-07-18_dallas-tx-us,67,"anguirus, fierce dragon",gdz01-001,Anguirus,earth,3-4-1,3,4,1,3-4-1,3,4,1,0,1,60,10
2026-07-18_dallas-tx-us#68,2026-07-18_dallas-tx-us,68,"king ghidorah, three-headed monster",gdz01-011,King big G,all,3-4-1,3,4,1,3-4-1,3,4,1,0,1,89,10
2026-07-18_dallas-tx-us#69,2026-07-18_dallas-tx-us,69,mitchell cimino,promo2025-053,Overdrive Mitchell,good,3-3-1,3,3,1,3-3-1,3,3,1,0,1,72,10
2026-07-18_dallas-tx-us#70,2026-07-18_dallas-tx-us,70,armored all might,mha09-001,All Might (2026),good,3-4-1,3,4,1,3-4-1,3,4,1,0,1,61,10
2026-07-18_dallas-tx-us#71,2026-07-18_dallas-tx-us,71,"zeke yeager // zeke, beast titan",aot02-015,R3 Dallas - Zeke 1,life,2-4-0 +1 bye,,,,2-4-0,2,4,0,0,1,67,10
2026-07-18_dallas-tx-us#72,2026-07-18_dallas-tx-us,72,"anguirus, fierce dragon",gdz01-001,Anguirus Chrome 25,earth,3-5-0,3,5,0,3-5-0,3,5,0,0,1,65,10
2026-07-18_dallas-tx-us#73,2026-07-18_dallas-tx-us,73,"rodan, giant monster of the sky",cha03krm-003,Dallas,void,2-5-0 +1 bye,,,,2-5-0,2,5,0,0,1,89,10
2026-07-18_dallas-tx-us#74,2026-07-18_dallas-tx-us,74,bridget,ggs01-001,Chill Bridget,water,3-3-0,3,3,0,3-3-0,3,3,0,0,1,66,10
2026-07-18_dallas-tx-us#75,2026-07-18_dallas-tx-us,75,"rodan, giant monster of the sky",cha03krm-003,Bird Brain,void,1-3-3 +1 bye,,,,1-3-3,1,3,3,0,1,76,10
2026-07-18_dallas-tx-us#76,2026-07-18_dallas-tx-us,76,"zeke yeager // zeke, beast titan",aot02-015,Big Z,fire,1-3-3 +1 bye,,,,1-3-3,1,3,3,0,1,65,10
2026-07-18_dallas-tx-us#77,2026-07-18_dallas-tx-us,77,"reiner braun, warrior // reiner, armored titan advancing",aot02-013,New Deck,fire,3-4-0,3,4,0,3-4-0,3,4,0,0,1,67,10
2026-07-18_dallas-tx-us#78,2026-07-18_dallas-tx-us,78,"izuku midoriya, deku",mha09-002,Deku Air,confused,3-4-0,3,4,0,3-4-0,3,4,0,0,1,72,10
2026-07-18_dallas-tx-us#79,2026-07-18_dallas-tx-us,79,"hedorah, smog monster",gdz01-009,Hedorah LC 6/,earth,2-5-0 +1 bye,,,,2-5-0,2,5,0,0,1,66,0
2026-07-18_dallas-tx-us#80,2026-07-18_dallas-tx-us,80,"all for one, demon lord",mha09-022,New Deck,chaos,3-5-0,3,5,0,3-5-0,3,5,0,0,1,62,10
2026-07-18_dallas-tx-us#81,2026-07-18_dallas-tx-us,81,"benimaru, shooting star",kf0x-003,New Deck,good,3-2-0,3,2,0,3-2-0,3,2,0,0,1,60,10
2026-07-18_dallas-tx-us#82,2026-07-18_dallas-tx-us,82,"rodan, giant monster of the sky",cha03krm-003,New Deck,void,2-4-2,2,4,2,2-4-2,2,4,2,0,1,72,10
2026-07-18_dallas-tx-us#83,2026-07-18_dallas-tx-us,83,william anderson iii,promo2025-089,william anderson dallas,fire,1-4-2 +1 bye,,,,1-4-2,1,4,2,0,1,62,10
2026-07-18_dallas-tx-us#84,2026-07-18_dallas-tx-us,84,"grog strongjaw, mighty half-giant",cr02-007,Grog(HeckinPotBuster),earth,2-3-2,2,3,2,2-3-2,2,3,2,0,1,68,10
2026-07-18_dallas-tx-us#85,2026-07-18_dallas-tx-us,85,"tomura shigaraki, all for one’s successor",mha09-023,Shiggy Dallas,evil,1-4-1 +1 bye,,,,1-4-1,1,4,1,0,1,75,10
2026-07-18_dallas-tx-us#86,2026-07-18_dallas-tx-us,86,"grog strongjaw, mighty half-giant",cr02-007,"Yes, You take damage",earth,2-3-1,2,3,1,2-3-1,2,3,1,0,1,62,10
2026-07-18_dallas-tx-us#87,2026-07-18_dallas-tx-us,87,bridget,ggs01-001,YoYo,water,2-4-1,2,4,1,2-4-1,2,4,1,0,1,63,10
2026-07-18_dallas-tx-us#88,2026-07-18_dallas-tx-us,88,pony tsunotori,mha07-098,Horned American Never Left,earth,2-4-1,2,4,1,2-4-1,2,4,1,0,1,65,10
2026-07-18_dallas-tx-us#89,2026-07-18_dallas-tx-us,89,"vex’ahlia, resourceful hunter",crvm-002,Vex,air,1-5-1 +1 bye,,,,1-5-1,1,5,1,0,1,66,10
2026-07-18_dallas-tx-us#90,2026-07-18_dallas-tx-us,90,"izuku midoriya, deku",mha09-002,Deku Starter,good,1-5-1 +1 bye,,,,1-5-1,1,5,1,0,1,60,0
2026-07-18_dallas-tx-us#91,2026-07-18_dallas-tx-us,91,armored all might,mha09-001,B Route Credits - Exhausted,earth,1-3-0 +1 bye,,,,1-3-0,1,3,0,0,1,66,10
2026-07-18_dallas-tx-us#92,2026-07-18_dallas-tx-us,92,"mothra, divine moth",gdz01-013,mothra flashray,air,1-6-0 +1 bye,,,,1-6-0,1,6,0,0,1,86,10
2026-07-18_dallas-tx-us#93,2026-07-18_dallas-tx-us,93,armored all might,mha09-001,Jimmy Neutron Had a Dog So Why Can’t I Have A Friend?,earth,1-4-0 +1 bye,,,,1-4-0,1,4,0,0,1,68,10
2026-07-18_dallas-tx-us#94,2026-07-18_dallas-tx-us,94,nagoriyuki,ggs01-006,Order Nago,order,2-4-0,2,4,0,2-4-0,2,4,0,0,1,68,10
2026-07-18_dallas-tx-us#95,2026-07-18_dallas-tx-us,95,"anguirus, fierce dragon",gdz01-001,Anguirus,earth,2-5-0,2,5,0,2-5-0,2,5,0,0,1,62,0
2026-07-18_dallas-tx-us#96,2026-07-18_dallas-tx-us,96,"spacegodzilla, bio-quartz monster",gdz01-015,Space Lizard,void,1-4-3,1,4,3,1-4-3,1,4,3,0,1,66,0
2026-07-18_dallas-tx-us#97,2026-07-18_dallas-tx-us,97,"izuku midoriya, deku",mha09-002,New Air Dek-who,air,1-4-1,1,4,1,1-4-1,1,4,1,0,1,67,10
2026-07-18_dallas-tx-us#98,2026-07-18_dallas-tx-us,98,"pumat sol, magical proprietor",cr02-015,Pumat Air,air,1-4-1,1,4,1,1-4-1,1,4,1,0,1,71,10
2026-07-18_dallas-tx-us#99,2026-07-18_dallas-tx-us,99,"eren yeager, usurper // attack titan, finale",aot03-004,Titan Fury,fire,0-6-1 +1 bye,,,,0-6-1,0,6,1,0,1,83,10
2026-07-18_dallas-tx-us#100,2026-07-18_dallas-tx-us,100,"rodan, fire rodan",gdz01-014,Hot Rod,void,1-3-1,1,3,1,1-3-1,1,3,1,0,1,63,10
2026-07-18_dallas-tx-us#101,2026-07-18_dallas-tx-us,101,armored all might,mha09-001,IAM IRONMIGHT,good,1-3-0,1,3,0,1-3-0,1,3,0,0,1,65,10
2026-07-18_dallas-tx-us#102,2026-07-18_dallas-tx-us,102,"zeke yeager // zeke, beast titan",aot02-015,Kevin B's Deck,life,0-2-0 +1 bye,,,,0-2-0,0,2,0,0,1,67,0
2026-07-18_dallas-tx-us#103,2026-07-18_dallas-tx-us,103,"bertolt hoover // bertolt, colossus titan",aot01-005,Bert 1,chaos,0-4-0 +1 bye,,,,0-4-0,0,4,0,0,1,70,10
2026-07-18_dallas-tx-us#104,2026-07-18_dallas-tx-us,104,"armin arlert, power of the colossus // colossus titan, finale",aot03-002,Armins massive mommy milkers,order,0-2-0 +1 bye,,,,0-2-0,0,2,0,0,1,69,10
2026-07-18_dallas-tx-us#105,2026-07-18_dallas-tx-us,105,mitchell cimino,promo2025-053,New Deck,good,0-2-0 +1 bye,,,,0-2-0,0,2,0,0,1,69,10
2026-07-18_dallas-tx-us#106,2026-07-18_dallas-tx-us,106,"mikasa ackerman, hizuru’s hope",aot03-010,MA,air,1-4-0,1,4,0,1-4-0,1,4,0,0,1,75,10
2026-07-18_dallas-tx-us#107,2026-07-18_dallas-tx-us,107,"anguirus, fierce dragon",gdz01-001,Anguirus,earth,0-1-0,0,1,0,0-1-0,0,1,0,0,1,64,10
2026-07-18_dallas-tx-us#108,2026-07-18_dallas-tx-us,108,paul phoenix,tk801-043,Test Order,order,0-1-0,0,1,0,0-1-0,0,1,0,0,1,66,10
2026-08-22_alicante-es#1,2026-08-22_alicante-es,1,devil jin,tk801-040,LOCAL CHAMPIONSHIP ROUND 4 Teo V Deck Submission,chaos,3-1-1,3,1,1,6-1-1,6,1,1,1,1,61,10
2026-08-22_alicante-es#2,2026-08-22_alicante-es,2,"mothra, divine moth",gdz01-013,mothra,air,2-0-3,2,0,3,4-1-3,4,1,3,1,1,91,10
2026-08-22_alicante-es#3,2026-08-22_alicante-es,3,eddy gordo,tk802-003,Uppercut Gordo,life,4-0-1,4,0,1,5-1-1,5,1,1,1,1,65,10
2026-08-22_alicante-es#4,2026-08-22_alicante-es,4,"rodan, giant monster of the sky",cha03krm-003,Rodan TK8,void,3-1-1,3,1,1,4-2-1,4,2,1,1,1,96,10
2026-08-22_alicante-es#5,2026-08-22_alicante-es,5,armored all might,mha09-001,All might alex,earth,3-2-0,3,2,0,3-3-0,3,3,0,1,1,64,0
2026-08-22_alicante-es#6,2026-08-22_alicante-es,6,devil jin,tk801-040,Debil Juan,chaos,3-2-0,3,2,0,3-3-0,3,3,0,1,1,61,10
2026-08-22_alicante-es#7,2026-08-22_alicante-es,7,bridget,ggs01-001,Bun Brisket,water,3-2-0,3,2,0,3-3-0,3,3,0,1,1,62,0
2026-08-22_alicante-es#8,2026-08-22_alicante-es,8,"pumat sol, magical proprietor",cr02-015,PUMAT,order,2-1-2,2,1,2,2-2-2,2,2,2,1,1,61,10
2026-08-22_alicante-es#9,2026-08-22_alicante-es,9,armored all might,mha09-001,dargorbos might,earth,2-2-1,2,2,1,2-2-1,2,2,1,0,1,64,10
2026-08-22_alicante-es#10,2026-08-22_alicante-es,10,jack-8,tk802-006,888,order,2-2-1,2,2,1,2-2-1,2,2,1,0,1,71,10
2026-08-22_alicante-es#11,2026-08-22_alicante-es,11,mikasa ackerman,aot01-016,Mikasa Ackerman,air,2-3-0,2,3,0,2-3-0,2,3,0,0,1,64,10
2026-08-22_alicante-es#12,2026-08-22_alicante-es,12,"reiner braun // reiner, armored titan",aot01-017,REINER VADEr,death,1-3-0 +1 bye,,,,1-3-0,1,3,0,0,1,67,10
2026-08-22_alicante-es#13,2026-08-22_alicante-es,13,alisa bosconovitch,tk802-001,ALISA SIMPSON,good,1-3-1,1,3,1,1-3-1,1,3,1,0,1,72,10
2026-08-22_alicante-es#14,2026-08-22_alicante-es,14,"all for one, demon lord",mha09-022,All for one,chaos,1-1-1,1,1,1,1-1-1,1,1,1,0,1,70,10
2026-08-22_alicante-es#15,2026-08-22_alicante-es,15,"anguirus, fierce dragon",gdz01-001,New Deck,earth,1-2-1,1,2,1,1-2-1,1,2,1,0,1,66,10
2026-08-22_alicante-es#16,2026-08-22_alicante-es,16,"sung jinwoo, e rank hunter",sl01-001,Sung ji woo,death,1-3-0,1,3,0,1-3-0,1,3,0,0,1,82,10
2026-08-22_alicante-es#17,2026-08-22_alicante-es,17,"izuku midoriya, deku",mha09-002,dec,air,1-4-0,1,4,0,1-4-0,1,4,0,0,1,78,10
2026-08-22_alicante-es#18,2026-08-22_alicante-es,18,"hedorah, smog monster",gdz01-009,Hedorah ( plantita ),death,0-3-1,0,3,1,0-3-1,0,3,1,0,1,70,10
2026-08-22_austin-tx-us#1,2026-08-22_austin-tx-us,1,"godzilla, shin godzilla",gdz01-007,Shin,chaos,2-0-1,2,0,1,2-0-1,2,0,1,0,1,71,10
2026-08-22_austin-tx-us#2,2026-08-22_austin-tx-us,2,"rodan, giant monster of the sky",cha03krm-003,I'll give this god damn bird a go,void,2-0-1,2,0,1,2-0-1,2,0,1,0,1,69,10
2026-08-22_austin-tx-us#3,2026-08-22_austin-tx-us,3,armored all might,mha09-001,New Deck,earth,2-1-0,2,1,0,2-1-0,2,1,0,0,1,66,10
2026-08-22_austin-tx-us#4,2026-08-22_austin-tx-us,4,"dorian storm, charming minstrel",promo2025-048,Dorian Standard,good,2-1-0,2,1,0,2-1-0,2,1,0,0,1,67,10
2026-08-22_austin-tx-us#5,2026-08-22_austin-tx-us,5,asuka kazama,tk802-002,Dragon's Lair Comics & Fantasy Austin Local Championship Round 4 2026 Andrew R Deck Submission,water,1-2-0,1,2,0,1-2-0,1,2,0,0,1,77,10
2026-08-22_austin-tx-us#6,2026-08-22_austin-tx-us,6,"reiner braun, warrior // reiner, armored titan advancing",aot02-013,Re,chaos,1-2-0,1,2,0,1-2-0,1,2,0,0,1,71,10
2026-08-22_austin-tx-us#7,2026-08-22_austin-tx-us,7,king,tk802-008,Fight for the Orphans,earth,0-2-1,0,2,1,0-2-1,0,2,1,0,1,67,10
2026-08-22_austin-tx-us#8,2026-08-22_austin-tx-us,8,eddy gordo,tk802-003,Eddy | Life | R4 LC 2026,life,0-2-1,0,2,1,0-2-1,0,2,1,0,1,67,10
2026-08-22_brookfield-wi-us#1,2026-08-22_brookfield-wi-us,1,,,,,,,,,,,,,0,0,0,0
2026-08-22_brookfield-wi-us#2,2026-08-22_brookfield-wi-us,2,,,,,,,,,,,,,0,0,0,0
2026-08-22_brookfield-wi-us#3,2026-08-22_brookfield-wi-us,3,,,,,,,,,,,,,0,0,0,0
2026-08-22_brookfield-wi-us#4,2026-08-22_brookfield-wi-us,4,,,,,,,,,,,,,0,0,0,0
2026-08-22_brookfield-wi-us#5,2026-08-22_brookfield-wi-us,5,,,,,,,,,,,,,0,0,0,0
2026-08-22_brookfield-wi-us#6,2026-08-22_brookfield-wi-us,6,,,,,,,,,,,,,0,0,0,0
2026-08-22_brookfield-wi-us#7,2026-08-22_brookfield-wi-us,7,,,,,,,,,,,,,0,0,0,0
2026-08-22_brookfield-wi-us#8,2026-08-22_brookfield-wi-us,8,,,,,,,,,,,,,0,0,0,0
2026-08-22_brookfield-wi-us#9,2026-08-22_brookfield-wi-us,9,,,,,,,,,,,,,0,0,0,0
2026-08-22_gatineau-qc-ca#1,2026-08-22_gatineau-qc-ca,1,,,,,,,,,,,,,0,0,0,0
2026-08-22_gatineau-qc-ca#2,2026-08-22_gatineau-qc-ca,2,,,,,,,,,,,,,0,0,0,0
2026-08-22_gatineau-qc-ca#3,2026-08-22_gatineau-qc-ca,3,,,,,,,,,,,,,0,0,0,0
2026-08-22_gatineau-qc-ca#4,2026-08-22_gatineau-qc-ca,4,,,,,,,,,,,,,0,0,0,0
2026-08-22_gatineau-qc-ca#5,2026-08-22_gatineau-qc-ca,5,,,,,,,,,,,,,0,0,0,0
2026-08-22_gatineau-qc-ca#6,2026-08-22_gatineau-qc-ca,6,,,,,,,,,,,,,0,0,0,0
2026-08-22_gatineau-qc-ca#7,2026-08-22_gatineau-qc-ca,7,,,,,,,,,,,,,0,0,0,0
2026-08-22_gatineau-qc-ca#8,2026-08-22_gatineau-qc-ca,8,,,,,,,,,,,,,0,0,0,0
2026-08-22_gatineau-qc-ca#9,2026-08-22_gatineau-qc-ca,9,,,,,,,,,,,,,0,0,0,0
2026-08-22_gatineau-qc-ca#10,2026-08-22_gatineau-qc-ca,10,,,,,,,,,,,,,0,0,0,0
2026-08-22_greenfield-in-us#1,2026-08-22_greenfield-in-us,1,,,,,,,,,,,,,0,0,0,0
2026-08-22_greenfield-in-us#2,2026-08-22_greenfield-in-us,2,,,,,,,,,,,,,0,0,0,0
2026-08-22_greenfield-in-us#3,2026-08-22_greenfield-in-us,3,,,,,,,,,,,,,0,0,0,0
2026-08-22_greenfield-in-us#4,2026-08-22_greenfield-in-us,4,,,,,,,,,,,,,0,0,0,0
2026-08-22_greenfield-in-us#5,2026-08-22_greenfield-in-us,5,,,,,,,,,,,,,0,0,0,0
2026-08-22_greenfield-in-us#6,2026-08-22_greenfield-in-us,6,,,,,,,,,,,,,0,0,0,0
2026-08-22_greenfield-in-us#7,2026-08-22_greenfield-in-us,7,,,,,,,,,,,,,0,0,0,0
2026-08-22_greenfield-in-us#8,2026-08-22_greenfield-in-us,8,,,,,,,,,,,,,0,0,0,0
2026-08-22_greenfield-in-us#9,2026-08-22_greenfield-in-us,9,,,,,,,,,,,,,0,0,0,0
2026-08-22_greenfield-in-us#10,2026-08-22_greenfield-in-us,10,,,,,,,,,,,,,0,0,0,0
2026-08-22_greenfield-in-us#11,2026-08-22_greenfield-in-us,11,,,,,,,,,,,,,0,0,0,0
2026-08-22_greenfield-in-us#12,2026-08-22_greenfield-in-us,12,,,,,,,,,,,,,0,0,0,0
2026-08-22_greenfield-in-us#13,2026-08-22_greenfield-in-us,13,,,,,,,,,,,,,0,0,0,0
2026-08-22_greenfield-in-us#14,2026-08-22_greenfield-in-us,14,,,,,,,,,,,,,0,0,0,0
2026-08-22_pittsburg-ca-us#1,2026-08-22_pittsburg-ca-us,1,"king ghidorah, three-headed monster",gdz01-011,I paid for Three Heads,death,3-1-1,3,1,1,6-1-1,6,1,1,1,1,66,10
2026-08-22_pittsburg-ca-us#2,2026-08-22_pittsburg-ca-us,2,"izuku midoriya, on the move // izuku midoriya, quirks unleashed",mha08-001,Mill Deku Void,void,3-0-2,3,0,2,5-1-2,5,1,2,1,1,84,10
2026-08-22_pittsburg-ca-us#3,2026-08-22_pittsburg-ca-us,3,"anguirus, fierce dragon",gdz01-001,Angry again,earth,3-1-1,3,1,1,4-2-1,4,2,1,1,1,65,10
2026-08-22_pittsburg-ca-us#4,2026-08-22_pittsburg-ca-us,4,nick ragan,promo2025-052,Nick,all,3-1-1,3,1,1,4-2-1,4,2,1,1,1,93,10
2026-08-22_pittsburg-ca-us#5,2026-08-22_pittsburg-ca-us,5,"izuku midoriya, deku",mha09-002,"Izuku Midoriya, Deku [Air]",air,3-0-2,3,0,2,3-1-2,3,1,2,1,1,70,10
2026-08-22_pittsburg-ca-us#6,2026-08-22_pittsburg-ca-us,6,armored all might,mha09-001,All chopped,good,3-1-1,3,1,1,3-2-1,3,2,1,1,1,60,10
2026-08-22_pittsburg-ca-us#7,2026-08-22_pittsburg-ca-us,7,"anguirus, fierce dragon",gdz01-001,Angry Rage,earth,3-1-1,3,1,1,3-2-1,3,2,1,1,1,63,10
2026-08-22_pittsburg-ca-us#8,2026-08-22_pittsburg-ca-us,8,"king ghidorah, emperor of the cosmos",cha03krm-001,KG,evil,2-0-3,2,0,3,2-1-3,2,1,3,1,1,80,10
2026-08-22_pittsburg-ca-us#9,2026-08-22_pittsburg-ca-us,9,"zeke yeager // zeke, beast titan",aot02-015,Big monkey,life,3-2-0,3,2,0,3-2-0,3,2,0,0,1,67,10
2026-08-22_pittsburg-ca-us#10,2026-08-22_pittsburg-ca-us,10,"zeke yeager, warchief",aot03-015,Warchief Keef,life,3-2-0,3,2,0,3-2-0,3,2,0,0,1,79,10
2026-08-22_pittsburg-ca-us#11,2026-08-22_pittsburg-ca-us,11,"tomura shigaraki, all for one’s successor",mha09-023,Evil Shiggy is Not That Bad,evil,2-3-0,2,3,0,2-3-0,2,3,0,0,1,66,0
2026-08-22_pittsburg-ca-us#12,2026-08-22_pittsburg-ca-us,12,"mothra, divine moth",gdz01-013,mothra flashray,air,2-3-0,2,3,0,2-3-0,2,3,0,0,1,88,10
2026-08-22_pittsburg-ca-us#13,2026-08-22_pittsburg-ca-us,13,"anguirus, fierce dragon",gdz01-001,Anguirus | Earth | T8,earth,2-3-0,2,3,0,2-3-0,2,3,0,0,1,66,10
2026-08-22_pittsburg-ca-us#14,2026-08-22_pittsburg-ca-us,14,asuka kazama,tk802-002,Asuka (Water),water,2-3-0,2,3,0,2-3-0,2,3,0,0,1,68,10
2026-08-22_pittsburg-ca-us#15,2026-08-22_pittsburg-ca-us,15,"nott the brave, chaotic meddler",cr02-012,TE Local Championship Rd4 James H Deck Submission,chaos,2-3-0,2,3,0,2-3-0,2,3,0,0,1,60,0
2026-08-22_pittsburg-ca-us#16,2026-08-22_pittsburg-ca-us,16,"godzilla, king of the monsters",cha03gmm-001,Zilla,earth,1-3-1,1,3,1,1-3-1,1,3,1,0,1,66,10
2026-08-22_pittsburg-ca-us#17,2026-08-22_pittsburg-ca-us,17,"vax’ildan, dagger master",cr02-018,It's a deck,death,1-4-0,1,4,0,1-4-0,1,4,0,0,1,68,0
2026-08-22_pittsburg-ca-us#18,2026-08-22_pittsburg-ca-us,18,"ryu, world warrior",sf60x-001,New Deck,void,1-4-0,1,4,0,1-4-0,1,4,0,0,1,68,0
2026-08-22_pittsburg-ca-us#19,2026-08-22_pittsburg-ca-us,19,"king ghidorah, three-headed monster",gdz01-011,King Ghidorah 2 (Evil),evil,0-3-2,0,3,2,0-3-2,0,3,2,0,1,64,10
2026-08-22_pittsburg-ca-us#20,2026-08-22_pittsburg-ca-us,20,"mothra, divine moth",gdz01-013,Mothra,good,0-4-1,0,4,1,0-4-1,0,4,1,0,1,71,10
2026-08-22_sheffield-gb#1,2026-08-22_sheffield-gb,1,,,,,,,,,,,,,0,0,0,0
2026-08-22_sheffield-gb#2,2026-08-22_sheffield-gb,2,,,,,,,,,,,,,0,0,0,0
2026-08-22_sheffield-gb#3,2026-08-22_sheffield-gb,3,,,,,,,,,,,,,0,0,0,0
2026-08-22_sheffield-gb#4,2026-08-22_sheffield-gb,4,,,,,,,,,,,,,0,0,0,0
2026-08-22_sheffield-gb#5,2026-08-22_sheffield-gb,5,,,,,,,,,,,,,0,0,0,0
2026-08-22_sheffield-gb#6,2026-08-22_sheffield-gb,6,,,,,,,,,,,,,0,0,0,0
2026-08-22_sheffield-gb#7,2026-08-22_sheffield-gb,7,,,,,,,,,,,,,0,0,0,0
2026-08-22_sheffield-gb#8,2026-08-22_sheffield-gb,8,,,,,,,,,,,,,0,0,0,0
2026-08-22_sheffield-gb#9,2026-08-22_sheffield-gb,9,,,,,,,,,,,,,0,0,0,0
2026-08-22_sheffield-gb#10,2026-08-22_sheffield-gb,10,,,,,,,,,,,,,0,0,0,0
2026-08-22_sheffield-gb#11,2026-08-22_sheffield-gb,11,,,,,,,,,,,,,0,0,0,0
2026-08-22_sheffield-gb#12,2026-08-22_sheffield-gb,12,,,,,,,,,,,,,0,0,0,0
2026-08-22_sheffield-gb#13,2026-08-22_sheffield-gb,13,,,,,,,,,,,,,0,0,0,0
2026-08-22_sheffield-gb#14,2026-08-22_sheffield-gb,14,,,,,,,,,,,,,0,0,0,0
2026-08-22_summerville-sc-us#1,2026-08-22_summerville-sc-us,1,"mikasa ackerman, hizuru’s hope",aot03-010,Fight Like Hell,death,3-0-1,3,0,1,5-0-1,5,0,1,1,1,60,10
2026-08-22_summerville-sc-us#2,2026-08-22_summerville-sc-us,2,"zeke yeager // zeke, beast titan",aot02-015,Zeke1 Dallas - Zach Richards,life,4-0-0,4,0,0,5-1-0,5,1,0,1,1,67,10
2026-08-22_summerville-sc-us#3,2026-08-22_summerville-sc-us,3,"anguirus, fierce dragon",gdz01-001,New Deck,earth,2-0-1 +1 bye,,,,2-1-1,2,1,1,1,1,68,10
2026-08-22_summerville-sc-us#4,2026-08-22_summerville-sc-us,4,"godzilla, titan of terror",gdz01-008,Spicy ToT v6,fire,3-1-0,3,1,0,3-2-0,3,2,0,1,1,74,10
2026-08-22_summerville-sc-us#5,2026-08-22_summerville-sc-us,5,"biollante, giant plant monster",gdz01-003,New Deck,water,3-1-0,3,1,0,3-1-0,3,1,0,0,1,65,10
2026-08-22_summerville-sc-us#6,2026-08-22_summerville-sc-us,6,"anguirus, fierce dragon",gdz01-001,Chaos dragon,chaos,2-2-0,2,2,0,2-2-0,2,2,0,0,1,67,10
2026-08-22_summerville-sc-us#7,2026-08-22_summerville-sc-us,7,burning godzilla,gdz01-004,Godzilla and Friends,earth,2-2-0,2,2,0,2-2-0,2,2,0,0,1,80,0
2026-08-22_summerville-sc-us#8,2026-08-22_summerville-sc-us,8,devil jin,tk801-040,Can't Be Stopped,chaos,2-2-0,2,2,0,2-2-0,2,2,0,0,1,63,10
2026-08-22_summerville-sc-us#9,2026-08-22_summerville-sc-us,9,"anguirus, fierce dragon",gdz01-001,Anguiris August 26,earth,1-2-0 +1 bye,,,,1-2-0,1,2,0,0,1,67,0
2026-08-22_summerville-sc-us#10,2026-08-22_summerville-sc-us,10,lars alexandersson,tk802-009,G-Lars,good,2-2-0,2,2,0,2-2-0,2,2,0,0,1,60,10
2026-08-22_summerville-sc-us#11,2026-08-22_summerville-sc-us,11,alisa bosconovitch,tk802-001,New Deck,good,0-3-0 +1 bye,,,,0-3-0,0,3,0,0,1,60,10
2026-08-22_summerville-sc-us#12,2026-08-22_summerville-sc-us,12,lars alexandersson,tk802-009,Bob the Builder,good,1-3-0,1,3,0,1-3-0,1,3,0,0,1,60,10
2026-08-22_summerville-sc-us#13,2026-08-22_summerville-sc-us,13,lars alexandersson,tk802-009,Lars LC,good,1-3-0,1,3,0,1-3-0,1,3,0,0,1,65,0
2026-08-22_summerville-sc-us#14,2026-08-22_summerville-sc-us,14,nina williams,tk802-010,3 is evil,evil,1-3-0,1,3,0,1-3-0,1,3,0,0,1,68,10
2026-08-22_summerville-sc-us#15,2026-08-22_summerville-sc-us,15,happy chaos,ggs01-002,Season 4 Local Championship DOUBLE HEADER - Saturday Peyton N Deck Submission,chaos,0-3-0,0,3,0,0-3-0,0,3,0,0,1,60,0
2026-08-23_metairie-la-us#1,2026-08-23_metairie-la-us,1,,,,,,,,,,,,,0,0,0,0
2026-08-23_metairie-la-us#2,2026-08-23_metairie-la-us,2,,,,,,,,,,,,,0,0,0,0
2026-08-23_metairie-la-us#3,2026-08-23_metairie-la-us,3,,,,,,,,,,,,,0,0,0,0
2026-08-23_metairie-la-us#4,2026-08-23_metairie-la-us,4,,,,,,,,,,,,,0,0,0,0
2026-08-23_metairie-la-us#5,2026-08-23_metairie-la-us,5,,,,,,,,,,,,,0,0,0,0
2026-08-23_metairie-la-us#6,2026-08-23_metairie-la-us,6,,,,,,,,,,,,,0,0,0,0
2026-08-23_metairie-la-us#7,2026-08-23_metairie-la-us,7,,,,,,,,,,,,,0,0,0,0
2026-08-23_metairie-la-us#8,2026-08-23_metairie-la-us,8,,,,,,,,,,,,,0,0,0,0
2026-08-23_metairie-la-us#9,2026-08-23_metairie-la-us,9,,,,,,,,,,,,,0,0,0,0
2026-08-23_metairie-la-us#10,2026-08-23_metairie-la-us,10,,,,,,,,,,,,,0,0,0,0
2026-08-23_metairie-la-us#11,2026-08-23_metairie-la-us,11,,,,,,,,,,,,,0,0,0,0
2026-08-23_metairie-la-us#12,2026-08-23_metairie-la-us,12,,,,,,,,,,,,,0,0,0,0
2026-08-23_metairie-la-us#13,2026-08-23_metairie-la-us,13,,,,,,,,,,,,,0,0,0,0
2026-08-23_metairie-la-us#14,2026-08-23_metairie-la-us,14,,,,,,,,,,,,,0,0,0,0
2026-08-23_metairie-la-us#15,2026-08-23_metairie-la-us,15,,,,,,,,,,,,,0,0,0,0
2026-08-23_metairie-la-us#16,2026-08-23_metairie-la-us,16,,,,,,,,,,,,,0,0,0,0
2026-08-23_metairie-la-us#17,2026-08-23_metairie-la-us,17,,,,,,,,,,,,,0,0,0,0
2026-08-23_summerville-sc-us#1,2026-08-23_summerville-sc-us,1,"izuku midoriya, deku",mha09-002,New Deck,air,3-0-1,3,0,1,5-0-1,5,0,1,1,1,61,10
2026-08-23_summerville-sc-us#2,2026-08-23_summerville-sc-us,2,"mothra, divine moth",gdz01-013,New Deck,air,3-0-1,3,0,1,4-1-1,4,1,1,1,1,86,10
2026-08-23_summerville-sc-us#3,2026-08-23_summerville-sc-us,3,devil jin,tk801-040,Can't Be Stopped,chaos,3-1-0,3,1,0,3-2-0,3,2,0,1,1,63,10
2026-08-23_summerville-sc-us#4,2026-08-23_summerville-sc-us,4,"all for one, demon lord",mha09-022,All for Momentum (v3.5 - LC),chaos,2-1-1,2,1,1,2-2-1,2,2,1,1,1,72,10
2026-08-23_summerville-sc-us#5,2026-08-23_summerville-sc-us,5,"godzilla, titan of terror",gdz01-008,Tot,earth,2-1-1,2,1,1,2-1-1,2,1,1,0,1,60,0
2026-08-23_summerville-sc-us#6,2026-08-23_summerville-sc-us,6,"king ghidorah, three-headed monster",gdz01-011,Kg death pre tekken,death,2-1-1,2,1,1,2-1-1,2,1,1,0,1,75,10
2026-08-23_summerville-sc-us#7,2026-08-23_summerville-sc-us,7,"anguirus, fierce dragon",gdz01-001,New Deck,earth,2-2-0,2,2,0,2-2-0,2,2,0,0,1,68,10
2026-08-23_summerville-sc-us#8,2026-08-23_summerville-sc-us,8,"pieck finger, panzer unit cartman // cart titan, finale",aot03-011,"I see a girl who makes it to day 2 alive, but it's no longer you",order,2-2-0,2,2,0,2-2-0,2,2,0,0,1,60,10
2026-08-23_summerville-sc-us#9,2026-08-23_summerville-sc-us,9,lars alexandersson,tk802-009,Bob the Builder,good,2-2-0,2,2,0,2-2-0,2,2,0,0,1,60,10
2026-08-23_summerville-sc-us#10,2026-08-23_summerville-sc-us,10,alisa bosconovitch,tk802-001,Alisa Destroy Build Destroy,good,1-1-2,1,1,2,1-1-2,1,1,2,0,1,60,10
2026-08-23_summerville-sc-us#11,2026-08-23_summerville-sc-us,11,lars alexandersson,tk802-009,G-Lars,good,1-2-1,1,2,1,1-2-1,1,2,1,0,1,60,10
2026-08-23_summerville-sc-us#12,2026-08-23_summerville-sc-us,12,heihachi mishima,tk802-004,Earth Heihachi v2,earth,1-3-0,1,3,0,1-3-0,1,3,0,0,1,73,10
2026-08-23_summerville-sc-us#13,2026-08-23_summerville-sc-us,13,lars alexandersson,tk802-009,Lars LC,good,0-4-0,0,4,0,0-4-0,0,4,0,0,1,65,0
2026-08-23_summerville-sc-us#14,2026-08-23_summerville-sc-us,14,burning godzilla,gdz01-004,Godzilla and Friends,earth,0-4-0,0,4,0,0-4-0,0,4,0,0,1,80,0
2026-08-26_menomonie-wi-us#1,2026-08-26_menomonie-wi-us,1,,,,,,,,,,,,,0,0,0,0
2026-08-26_menomonie-wi-us#2,2026-08-26_menomonie-wi-us,2,,,,,,,,,,,,,0,0,0,0
2026-08-26_menomonie-wi-us#3,2026-08-26_menomonie-wi-us,3,,,,,,,,,,,,,0,0,0,0
2026-08-26_menomonie-wi-us#4,2026-08-26_menomonie-wi-us,4,,,,,,,,,,,,,0,0,0,0
2026-08-29_amsterdam-ny-us#1,2026-08-29_amsterdam-ny-us,1,elder toguro,yyhdt-019,I'm no Longer a Festival Champion...just a festival loser,life,,,,,,,,,0,1,85,10
2026-08-29_amsterdam-ny-us#2,2026-08-29_amsterdam-ny-us,2,,,,,,,,,,,,,0,0,0,0
2026-08-29_amsterdam-ny-us#3,2026-08-29_amsterdam-ny-us,3,,,,,,,,,,,,,0,0,0,0
2026-08-29_amsterdam-ny-us#4,2026-08-29_amsterdam-ny-us,4,,,,,,,,,,,,,0,0,0,0
2026-08-29_amsterdam-ny-us#5,2026-08-29_amsterdam-ny-us,5,,,,,,,,,,,,,0,0,0,0
2026-08-29_amsterdam-ny-us#6,2026-08-29_amsterdam-ny-us,6,,,,,,,,,,,,,0,0,0,0
2026-08-29_elgin-township-il-us#1,2026-08-29_elgin-township-il-us,1,kazuya mishima,tk802-007,LC Kaz,evil,3-1-0,3,1,0,5-1-0,5,1,0,1,1,62,10
2026-08-29_elgin-township-il-us#2,2026-08-29_elgin-township-il-us,2,"annie leonhart, awakened // female titan, finale",aot03-001,Annie2 BHG LC R4 2nd,death,3-1-0,3,1,0,4-2-0,4,2,0,1,1,60,10
2026-08-29_elgin-township-il-us#3,2026-08-29_elgin-township-il-us,3,devil jin,tk801-040,Devil Juice,chaos,3-0-1,3,0,1,3-1-1,3,1,1,1,1,60,10
2026-08-29_elgin-township-il-us#4,2026-08-29_elgin-township-il-us,4,"king ghidorah, three-headed monster",gdz01-011,king G2,evil,3-0-1,3,0,1,3-1-1,3,1,1,1,1,68,10
2026-08-29_elgin-township-il-us#5,2026-08-29_elgin-township-il-us,5,"zeke yeager // zeke, beast titan",aot02-015,Zeke Yeager BHG Round 4 LC,life,2-1-1,2,1,1,2-1-1,2,1,1,0,1,68,10
2026-08-29_elgin-township-il-us#6,2026-08-29_elgin-township-il-us,6,"godzilla, shin godzilla",gdz01-007,Shin Godzilla,death,2-2-0,2,2,0,2-2-0,2,2,0,0,1,61,10
2026-08-29_elgin-township-il-us#7,2026-08-29_elgin-township-il-us,7,"izuku midoriya, deku",mha09-002,Deku,air,2-2-0,2,2,0,2-2-0,2,2,0,0,1,64,10
2026-08-29_elgin-township-il-us#8,2026-08-29_elgin-township-il-us,8,"godzilla, king of the monsters",cha03gmm-001,Boop Overdrive,earth,2-2-0,2,2,0,2-2-0,2,2,0,0,1,60,10
2026-08-29_elgin-township-il-us#9,2026-08-29_elgin-township-il-us,9,"zeke yeager, warchief",aot03-015,Zeke w t8,life,2-2-0,2,2,0,2-2-0,2,2,0,0,1,63,10
2026-08-29_elgin-township-il-us#10,2026-08-29_elgin-township-il-us,10,reina,tk802-011,New Deck,death,1-2-1,1,2,1,1-2-1,1,2,1,0,1,70,10
2026-08-29_elgin-township-il-us#11,2026-08-29_elgin-township-il-us,11,"godzilla, shin godzilla",gdz01-007,Shin City,death,1-3-0,1,3,0,1-3-0,1,3,0,0,1,60,10
2026-08-29_elgin-township-il-us#12,2026-08-29_elgin-township-il-us,12,"izuku midoriya, on the move // izuku midoriya, quirks unleashed",mha08-001,Boar Hat Local Champs Round 4 Vivian W Deck Submission,air,1-3-0,1,3,0,1-3-0,1,3,0,0,1,80,10
2026-08-29_elgin-township-il-us#13,2026-08-29_elgin-township-il-us,13,yoshimitsu,tk802-014,New Deck,void,1-3-0,1,3,0,1-3-0,1,3,0,0,1,62,10
2026-08-29_elgin-township-il-us#14,2026-08-29_elgin-township-il-us,14,heihachi mishima,tk802-004,Heihac,earth,0-4-0,0,4,0,0-4-0,0,4,0,0,1,60,10
2026-08-29_fairfax-va-us#1,2026-08-29_fairfax-va-us,1,,,,,,,,,,,,,0,0,0,0
2026-08-29_fairfax-va-us#2,2026-08-29_fairfax-va-us,2,,,,,,,,,,,,,0,0,0,0
2026-08-29_fairfax-va-us#3,2026-08-29_fairfax-va-us,3,,,,,,,,,,,,,0,0,0,0
2026-08-29_fairfax-va-us#4,2026-08-29_fairfax-va-us,4,,,,,,,,,,,,,0,0,0,0
2026-08-29_fairfax-va-us#5,2026-08-29_fairfax-va-us,5,,,,,,,,,,,,,0,0,0,0
2026-08-29_fairfax-va-us#6,2026-08-29_fairfax-va-us,6,,,,,,,,,,,,,0,0,0,0
2026-08-29_fairfax-va-us#7,2026-08-29_fairfax-va-us,7,,,,,,,,,,,,,0,0,0,0
2026-08-29_fairfax-va-us#8,2026-08-29_fairfax-va-us,8,,,,,,,,,,,,,0,0,0,0
2026-08-29_fairfax-va-us#9,2026-08-29_fairfax-va-us,9,,,,,,,,,,,,,0,0,0,0
2026-08-29_lowell-ar-us#1,2026-08-29_lowell-ar-us,1,,,,,,,,,,,,,0,0,0,0
2026-08-29_lowell-ar-us#2,2026-08-29_lowell-ar-us,2,,,,,,,,,,,,,0,0,0,0
2026-08-29_lowell-ar-us#3,2026-08-29_lowell-ar-us,3,,,,,,,,,,,,,0,0,0,0
2026-08-29_lowell-ar-us#4,2026-08-29_lowell-ar-us,4,,,,,,,,,,,,,0,0,0,0
2026-08-29_lowell-ar-us#5,2026-08-29_lowell-ar-us,5,,,,,,,,,,,,,0,0,0,0
2026-08-29_lowell-ar-us#6,2026-08-29_lowell-ar-us,6,,,,,,,,,,,,,0,0,0,0
2026-08-29_lowell-ar-us#7,2026-08-29_lowell-ar-us,7,,,,,,,,,,,,,0,0,0,0
2026-08-29_lowell-ar-us#8,2026-08-29_lowell-ar-us,8,,,,,,,,,,,,,0,0,0,0
2026-08-29_lowell-ar-us#9,2026-08-29_lowell-ar-us,9,,,,,,,,,,,,,0,0,0,0
2026-08-29_lowell-ar-us#10,2026-08-29_lowell-ar-us,10,,,,,,,,,,,,,0,0,0,0
2026-08-29_lowell-ar-us#11,2026-08-29_lowell-ar-us,11,,,,,,,,,,,,,0,0,0,0
2026-08-29_lowell-ar-us#12,2026-08-29_lowell-ar-us,12,,,,,,,,,,,,,0,0,0,0
2026-08-29_lowell-ar-us#13,2026-08-29_lowell-ar-us,13,,,,,,,,,,,,,0,0,0,0
2026-08-29_lowell-ar-us#14,2026-08-29_lowell-ar-us,14,,,,,,,,,,,,,0,0,0,0
2026-08-29_lowell-ar-us#15,2026-08-29_lowell-ar-us,15,,,,,,,,,,,,,0,0,0,0
2026-08-29_lowell-ar-us#16,2026-08-29_lowell-ar-us,16,,,,,,,,,,,,,0,0,0,0
2026-08-29_lowell-ar-us#17,2026-08-29_lowell-ar-us,17,,,,,,,,,,,,,0,0,0,0
2026-08-29_lubbock-tx-us#1,2026-08-29_lubbock-tx-us,1,"king ghidorah, emperor of the cosmos",cha03krm-001,Ghodor,void,3-0-1,3,0,1,5-0-1,5,0,1,1,1,86,10
2026-08-29_lubbock-tx-us#2,2026-08-29_lubbock-tx-us,2,"anguirus, fierce dragon",gdz01-001,Mega Stun Angy,earth,3-1-0,3,1,0,4-2-0,4,2,0,1,1,60,10
2026-08-29_lubbock-tx-us#3,2026-08-29_lubbock-tx-us,3,"mechagodzilla, bionic menace",cha03krm-002,LC4,void,2-1-0 +1 bye,,,,2-2-0,2,2,0,1,1,78,10
2026-08-29_lubbock-tx-us#4,2026-08-29_lubbock-tx-us,4,eddy gordo,tk802-003,whats progressive difficulty,water,2-1-1,2,1,1,2-2-1,2,2,1,1,1,60,10
2026-08-29_lubbock-tx-us#5,2026-08-29_lubbock-tx-us,5,"donatello, the smart one",tmnt01-004,Donnie Catastrophe,void,2-1-1,2,1,1,2-1-1,2,1,1,0,1,77,10
2026-08-29_lubbock-tx-us#6,2026-08-29_lubbock-tx-us,6,"jamie siu, peacekeeping breakdancer",sf60x-023,Jamie,water,2-2-0,2,2,0,2-2-0,2,2,0,0,1,64,10
2026-08-29_lubbock-tx-us#7,2026-08-29_lubbock-tx-us,7,kazuya mishima,tk802-007,New Deck,void,2-2-0,2,2,0,2-2-0,2,2,0,0,1,61,10
2026-08-29_lubbock-tx-us#8,2026-08-29_lubbock-tx-us,8,"dorian storm, charming minstrel",promo2025-048,Dorian,water,0-1-2 +1 bye,,,,0-1-2,0,1,2,0,1,63,10
2026-08-29_lubbock-tx-us#9,2026-08-29_lubbock-tx-us,9,king,tk802-008,King,earth,1-2-1,1,2,1,1-2-1,1,2,1,0,1,63,10
2026-08-29_lubbock-tx-us#10,2026-08-29_lubbock-tx-us,10,"shun'ei, amped-up illusionist",kf0x-001,"Heroic Illusions, card's good",good,0-3-0 +1 bye,,,,0-3-0,0,3,0,0,1,66,10
2026-08-29_lubbock-tx-us#11,2026-08-29_lubbock-tx-us,11,lars alexandersson,tk802-009,"Lars, Is Awesome",good,0-3-0 +1 bye,,,,0-3-0,0,3,0,0,1,71,10
2026-08-29_santa-clara-ca-us#1,2026-08-29_santa-clara-ca-us,1,"biollante, giant plant monster",gdz01-003,Erika Shiragami,earth,3-0-1,3,0,1,5-0-1,5,0,1,1,1,68,10
2026-08-29_santa-clara-ca-us#2,2026-08-29_santa-clara-ca-us,2,"rodan, fire rodan",gdz01-014,Game Kastle Santa Clara S4 Store Championship  William B Deck Submission,void,3-1-0,3,1,0,4-2-0,4,2,0,1,1,62,10
2026-08-29_santa-clara-ca-us#3,2026-08-29_santa-clara-ca-us,3,armored all might,mha09-001,AAM MK II,good,3-0-1,3,0,1,3-1-1,3,1,1,1,1,60,10
2026-08-29_santa-clara-ca-us#4,2026-08-29_santa-clara-ca-us,4,"zeke yeager, warchief",aot03-015,Warchief Keef,life,3-1-0,3,1,0,3-2-0,3,2,0,1,1,79,10
2026-08-29_santa-clara-ca-us#5,2026-08-29_santa-clara-ca-us,5,lars alexandersson,tk802-009,Most YGI Bull Ever,good,2-1-1,2,1,1,2-1-1,2,1,1,0,1,62,10
2026-08-29_santa-clara-ca-us#6,2026-08-29_santa-clara-ca-us,6,"hedorah, smog monster",gdz01-009,Hedorah (D2),water,2-2-0,2,2,0,2-2-0,2,2,0,0,1,68,10
2026-08-29_santa-clara-ca-us#7,2026-08-29_santa-clara-ca-us,7,"tomura shigaraki, all for one’s successor",mha09-023,gettin shigi wit it,death,2-2-0,2,2,0,2-2-0,2,2,0,0,1,71,0
2026-08-29_santa-clara-ca-us#8,2026-08-29_santa-clara-ca-us,8,"king ghidorah, three-headed monster",gdz01-011,King Ghidorah 2 (Evil),evil,1-1-2,1,1,2,1-1-2,1,1,2,0,1,68,10
2026-08-29_santa-clara-ca-us#9,2026-08-29_santa-clara-ca-us,9,"all for one, demon lord",mha09-022,Game Kastle Santa Clara S4 Store Championship  Preston B Deck Submission,chaos,1-2-1,1,2,1,1-2-1,1,2,1,0,1,60,0
2026-08-29_santa-clara-ca-us#10,2026-08-29_santa-clara-ca-us,10,"mothra, divine moth",gdz01-013,Mothra,good,1-2-1,1,2,1,1-2-1,1,2,1,0,1,73,10
2026-08-29_santa-clara-ca-us#11,2026-08-29_santa-clara-ca-us,11,nick ragan,promo2025-052,Nick,all,1-3-0,1,3,0,1-3-0,1,3,0,0,1,93,10
2026-08-29_santa-clara-ca-us#12,2026-08-29_santa-clara-ca-us,12,nina williams,tk802-010,New Deck,evil,0-3-1,0,3,1,0-3-1,0,3,1,0,1,67,10
2026-08-29_santa-clara-ca-us#13,2026-08-29_santa-clara-ca-us,13,,,Janelle H's Deck,,0-1-0,0,1,0,0-1-0,0,1,0,0,1,76,0
2026-08-29_santa-clara-ca-us#14,2026-08-29_santa-clara-ca-us,14,"vax’ildan, dagger master",cr02-018,It's a deck,death,0-1-0,0,1,0,0-1-0,0,1,0,0,1,68,0
2026-08-29_santa-clara-ca-us#15,2026-08-29_santa-clara-ca-us,15,,,Alex P's Deck,,0-1-0,0,1,0,0-1-0,0,1,0,0,1,76,0
2026-08-29_santa-clara-ca-us#16,2026-08-29_santa-clara-ca-us,16,,,Sam W's Deck,,0-1-0,0,1,0,0-1-0,0,1,0,0,1,65,0
2026-08-30_blacksburg-va-us#1,2026-08-30_blacksburg-va-us,1,"king ghidorah, three-headed monster",gdz01-011,King G,death,2-1-0 +1 bye,,,,4-1-0,4,1,0,1,1,60,10
2026-08-30_blacksburg-va-us#2,2026-08-30_blacksburg-va-us,2,lars alexandersson,tk802-009,Lars,good,3-1-0,3,1,0,4-2-0,4,2,0,1,1,62,10
2026-08-30_blacksburg-va-us#3,2026-08-30_blacksburg-va-us,3,"biollante, giant plant monster",gdz01-003,Dumpster Diving Actual Garbage,earth,3-0-1,3,0,1,3-1-1,3,1,1,1,1,60,0
2026-08-30_blacksburg-va-us#4,2026-08-30_blacksburg-va-us,4,kazuya mishima,tk802-007,Devil James,void,3-0-1,3,0,1,3-1-1,3,1,1,1,1,60,10
2026-08-30_blacksburg-va-us#5,2026-08-30_blacksburg-va-us,5,"godzilla, titan of terror",gdz01-008,Spicy ToT v7,fire,2-2-0,2,2,0,2-2-0,2,2,0,0,1,74,10
2026-08-30_blacksburg-va-us#6,2026-08-30_blacksburg-va-us,6,eddy gordo,tk802-003,Eddy Gordo Water,water,2-2-0,2,2,0,2-2-0,2,2,0,0,1,60,10
2026-08-30_blacksburg-va-us#7,2026-08-30_blacksburg-va-us,7,"king ghidorah, three-headed monster",gdz01-011,Ghidorah Proper,evil,1-2-1,1,2,1,1-2-1,1,2,1,0,1,81,10
2026-08-30_blacksburg-va-us#8,2026-08-30_blacksburg-va-us,8,eddy gordo,tk802-003,Edward Gordon,life,1-1-0,1,1,0,1-1-0,1,1,0,0,1,62,10
2026-08-30_blacksburg-va-us#9,2026-08-30_blacksburg-va-us,9,alisa bosconovitch,tk802-001,Alisa Boss,good,0-2-0 +1 bye,,,,0-2-0,0,2,0,0,1,87,10
2026-08-30_blacksburg-va-us#10,2026-08-30_blacksburg-va-us,10,"mikasa ackerman, hizuru’s hope",aot03-010,M4 Brrrrrrr,death,1-0-0,1,0,0,1-0-0,1,0,0,0,1,60,10
2026-08-30_blacksburg-va-us#11,2026-08-30_blacksburg-va-us,11,lars alexandersson,tk802-009,Lars Slop,good,0-3-1,0,3,1,0-3-1,0,3,1,0,1,67,10
2026-08-30_blacksburg-va-us#12,2026-08-30_blacksburg-va-us,12,"hedorah, smog monster",gdz01-009,Da Smog Monster,earth,0-0-1,0,0,1,0-0-1,0,0,1,0,1,66,10
2026-08-30_blacksburg-va-us#13,2026-08-30_blacksburg-va-us,13,"king ghidorah, emperor of the cosmos",cha03krm-001,"Ed, Edd and Eddy",evil,0-0-1,0,0,1,0-0-1,0,0,1,0,1,74,10
2026-08-30_blacksburg-va-us#14,2026-08-30_blacksburg-va-us,14,"splinter, caring father",tmnt01-012,splinter,all,0-1-0,0,1,0,0-1-0,0,1,0,0,1,61,10
2026-08-30_blacksburg-va-us#15,2026-08-30_blacksburg-va-us,15,mikasa ackerman,aot01-016,Mikasa Weapon Storm,air,0-1-0,0,1,0,0-1-0,0,1,0,0,1,67,0
2026-08-30_blacksburg-va-us#16,2026-08-30_blacksburg-va-us,16,"godzilla, king of the monsters",cha03gmm-001,Godzilla,earth,0-2-0,0,2,0,0-2-0,0,2,0,0,1,68,10
2026-08-30_glasgow-gb#1,2026-08-30_glasgow-gb,1,"mikasa ackerman, hizuru's hope",aot03-010,Meowkasa,death,,,,,,,,,0,1,62,10
2026-08-30_glasgow-gb#2,2026-08-30_glasgow-gb,2,,,,,,,,,,,,,0,0,0,0
2026-08-30_glasgow-gb#3,2026-08-30_glasgow-gb,3,,,,,,,,,,,,,0,0,0,0
2026-08-30_glasgow-gb#4,2026-08-30_glasgow-gb,4,,,,,,,,,,,,,0,0,0,0
2026-08-30_glasgow-gb#5,2026-08-30_glasgow-gb,5,,,,,,,,,,,,,0,0,0,0
2026-08-30_glasgow-gb#6,2026-08-30_glasgow-gb,6,,,,,,,,,,,,,0,0,0,0
2026-08-30_glasgow-gb#7,2026-08-30_glasgow-gb,7,,,,,,,,,,,,,0,0,0,0
2026-08-30_glasgow-gb#8,2026-08-30_glasgow-gb,8,,,,,,,,,,,,,0,0,0,0
2026-08-30_glasgow-gb#9,2026-08-30_glasgow-gb,9,,,,,,,,,,,,,0,0,0,0
2026-08-30_glasgow-gb#10,2026-08-30_glasgow-gb,10,,,,,,,,,,,,,0,0,0,0
2026-08-30_glasgow-gb#11,2026-08-30_glasgow-gb,11,,,,,,,,,,,,,0,0,0,0
2026-08-30_glasgow-gb#12,2026-08-30_glasgow-gb,12,,,,,,,,,,,,,0,0,0,0
2026-08-30_glasgow-gb#13,2026-08-30_glasgow-gb,13,,,,,,,,,,,,,0,0,0,0
2026-09-05_counterspell-games-fl-us#1,2026-09-05_counterspell-games-fl-us,1,eddy gordo,tk802-003,life changing thermal flame on a 5,life,3-0-0,3,0,0,3-0-0,3,0,0,0,1,70,10
2026-09-05_counterspell-games-fl-us#2,2026-09-05_counterspell-games-fl-us,2,byakko,yyhdt-162,Mental Load Reduxtion,earth,2-0-1,2,0,1,2-0-1,2,0,1,0,1,85,10
2026-09-05_counterspell-games-fl-us#3,2026-09-05_counterspell-games-fl-us,3,"pumat sol, magical proprietor",cr02-015,"Emerson, Lake, and Pumat",order,2-1-0,2,1,0,2-1-0,2,1,0,0,1,63,10
2026-09-05_counterspell-games-fl-us#4,2026-09-05_counterspell-games-fl-us,4,"izuku midoriya, on the move // izuku midoriya, quirks unleashed",mha08-001,Going Deep with Deku,water,1-1-1,1,1,1,1-1-1,1,1,1,0,1,77,10
2026-09-05_counterspell-games-fl-us#5,2026-09-05_counterspell-games-fl-us,5,alisa bosconovitch,tk802-001,Alisa - Combo - Good,good,0-2-0 +1 bye,,,,0-2-0,0,2,0,0,1,76,10
2026-09-05_counterspell-games-fl-us#6,2026-09-05_counterspell-games-fl-us,6,asuka kazama,tk802-002,"Shinji, Crank that Soulja Boy",water,0-2-0 +1 bye,,,,0-2-0,0,2,0,0,1,64,10
2026-09-05_counterspell-games-fl-us#7,2026-09-05_counterspell-games-fl-us,7,armored all might,mha09-001,Car Might,good,1-2-0,1,2,0,1-2-0,1,2,0,0,1,60,10
2026-09-05_counterspell-games-fl-us#8,2026-09-05_counterspell-games-fl-us,8,"zeke yeager // zeke, beast titan",aot02-015,Zeke1 Dallas - Zach Richards,life,0-1-0,0,1,0,0-1-0,0,1,0,0,1,67,10
2026-09-05_cryptid-gaming-ar-us#1,2026-09-05_cryptid-gaming-ar-us,1,,,,,,,,,,,,,0,0,0,0
2026-09-05_cryptid-gaming-ar-us#2,2026-09-05_cryptid-gaming-ar-us,2,,,,,,,,,,,,,0,0,0,0
2026-09-05_cryptid-gaming-ar-us#3,2026-09-05_cryptid-gaming-ar-us,3,,,,,,,,,,,,,0,0,0,0
2026-09-05_cryptid-gaming-ar-us#4,2026-09-05_cryptid-gaming-ar-us,4,,,,,,,,,,,,,0,0,0,0
2026-09-05_cryptid-gaming-ar-us#5,2026-09-05_cryptid-gaming-ar-us,5,,,,,,,,,,,,,0,0,0,0
2026-09-05_cryptid-gaming-ar-us#6,2026-09-05_cryptid-gaming-ar-us,6,,,,,,,,,,,,,0,0,0,0
2026-09-05_cryptid-gaming-ar-us#7,2026-09-05_cryptid-gaming-ar-us,7,,,,,,,,,,,,,0,0,0,0
2026-09-05_cryptid-gaming-ar-us#8,2026-09-05_cryptid-gaming-ar-us,8,,,,,,,,,,,,,0,0,0,0
2026-09-05_cryptid-gaming-ar-us#9,2026-09-05_cryptid-gaming-ar-us,9,,,,,,,,,,,,,0,0,0,0
2026-09-05_cryptid-gaming-ar-us#10,2026-09-05_cryptid-gaming-ar-us,10,,,,,,,,,,,,,0,0,0,0
2026-09-05_cryptid-gaming-ar-us#11,2026-09-05_cryptid-gaming-ar-us,11,,,,,,,,,,,,,0,0,0,0
2026-09-05_cryptid-gaming-ar-us#12,2026-09-05_cryptid-gaming-ar-us,12,,,,,,,,,,,,,0,0,0,0
2026-09-05_cryptid-gaming-ar-us#13,2026-09-05_cryptid-gaming-ar-us,13,,,,,,,,,,,,,0,0,0,0
2026-09-05_exiled-games-ny-us#1,2026-09-05_exiled-games-ny-us,1,,,,,,,,,,,,,0,0,0,0
2026-09-05_exiled-games-ny-us#2,2026-09-05_exiled-games-ny-us,2,,,,,,,,,,,,,0,0,0,0
2026-09-05_exiled-games-ny-us#3,2026-09-05_exiled-games-ny-us,3,,,,,,,,,,,,,0,0,0,0
2026-09-05_exiled-games-ny-us#4,2026-09-05_exiled-games-ny-us,4,,,,,,,,,,,,,0,0,0,0
2026-09-05_exiled-games-ny-us#5,2026-09-05_exiled-games-ny-us,5,,,,,,,,,,,,,0,0,0,0
2026-09-05_exiled-games-ny-us#6,2026-09-05_exiled-games-ny-us,6,,,,,,,,,,,,,0,0,0,0
2026-09-05_exiled-games-ny-us#7,2026-09-05_exiled-games-ny-us,7,,,,,,,,,,,,,0,0,0,0
2026-09-05_exiled-games-ny-us#8,2026-09-05_exiled-games-ny-us,8,,,,,,,,,,,,,0,0,0,0
2026-09-05_mighty-meeple-nc-us#1,2026-09-05_mighty-meeple-nc-us,1,"reiner braun, warrior // reiner, armored titan advancing",aot02-013,holy cr*p reiner is meta guys,chaos,4-1-0,4,1,0,7-1-0,7,1,0,1,1,60,10
2026-09-05_mighty-meeple-nc-us#2,2026-09-05_mighty-meeple-nc-us,2,"zeke yeager // zeke, beast titan",aot02-015,Yeke Zeager,life,4-0-1,4,0,1,6-1-1,6,1,1,1,1,62,10
2026-09-05_mighty-meeple-nc-us#3,2026-09-05_mighty-meeple-nc-us,3,"pumat sol, magical proprietor",cr02-015,how did that get there,order,4-1-0,4,1,0,5-2-0,5,2,0,1,1,65,10
2026-09-05_mighty-meeple-nc-us#4,2026-09-05_mighty-meeple-nc-us,4,armored all might,mha09-001,New Deck,good,2-1-1 +1 bye,,,,3-2-1,3,2,1,1,1,60,10
2026-09-05_mighty-meeple-nc-us#5,2026-09-05_mighty-meeple-nc-us,5,lars alexandersson,tk802-009,G-Lars,good,3-1-1,3,1,1,3-2-1,3,2,1,1,1,60,10
2026-09-05_mighty-meeple-nc-us#6,2026-09-05_mighty-meeple-nc-us,6,"mothra, divine moth",gdz01-013,New Deck,air,3-1-1,3,1,1,3-2-1,3,2,1,1,1,76,10
2026-09-05_mighty-meeple-nc-us#7,2026-09-05_mighty-meeple-nc-us,7,"grog strongjaw, mighty half-giant",cr02-007,R4 UniVersus Local Championship at The Mighty Meeple Luke B Deck Submission,death,3-2-0,3,2,0,3-3-0,3,3,0,1,1,60,10
2026-09-05_mighty-meeple-nc-us#8,2026-09-05_mighty-meeple-nc-us,8,"izuku midoriya, deku",mha09-002,Deku7 R4 LC,air,3-2-0,3,2,0,3-3-0,3,3,0,1,1,62,10
2026-09-05_mighty-meeple-nc-us#9,2026-09-05_mighty-meeple-nc-us,9,"mikasa ackerman, hizuru’s hope",aot03-010,mhm,death,2-1-2,2,1,2,2-1-2,2,1,2,0,1,60,10
2026-09-05_mighty-meeple-nc-us#10,2026-09-05_mighty-meeple-nc-us,10,"king ghidorah, three-headed monster",gdz01-011,King G,death,2-3-0,2,3,0,2-3-0,2,3,0,0,1,60,10
2026-09-05_mighty-meeple-nc-us#11,2026-09-05_mighty-meeple-nc-us,11,eddy gordo,tk802-003,Thunder Bringer,water,2-3-0,2,3,0,2-3-0,2,3,0,0,1,60,10
2026-09-05_mighty-meeple-nc-us#12,2026-09-05_mighty-meeple-nc-us,12,alisa bosconovitch,tk802-001,i am going to draw SO MANY CARDS (not as many though),good,2-3-0,2,3,0,2-3-0,2,3,0,0,1,68,10
2026-09-05_mighty-meeple-nc-us#13,2026-09-05_mighty-meeple-nc-us,13,burning godzilla,gdz01-004,this godzilla is on fire,earth,1-1-3,1,1,3,1-1-3,1,1,3,0,1,80,0
2026-09-05_mighty-meeple-nc-us#14,2026-09-05_mighty-meeple-nc-us,14,lars alexandersson,tk802-009,Lars be building,good,1-3-0 +1 bye,,,,1-3-0,1,3,0,0,1,65,10
2026-09-05_mighty-meeple-nc-us#15,2026-09-05_mighty-meeple-nc-us,15,"anguirus, fierce dragon",gdz01-001,ANGRESS RAGE,earth,1-3-1,1,3,1,1-3-1,1,3,1,0,1,72,10
2026-09-05_mighty-meeple-nc-us#16,2026-09-05_mighty-meeple-nc-us,16,"mothra, divine moth",gdz01-013,New Deck,air,1-3-0,1,3,0,1-3-0,1,3,0,0,1,88,10
2026-09-05_mighty-meeple-nc-us#17,2026-09-05_mighty-meeple-nc-us,17,"king ghidorah, three-headed monster",gdz01-011,Kg death pre tekken,death,0-3-0 +1 bye,,,,0-3-0,0,3,0,0,1,76,10
2026-09-05_mighty-meeple-nc-us#18,2026-09-05_mighty-meeple-nc-us,18,bridget,ggs01-001,Bridget Main,water,1-4-0,1,4,0,1-4-0,1,4,0,0,1,63,0
2026-09-05_mighty-meeple-nc-us#19,2026-09-05_mighty-meeple-nc-us,19,"benimaru, shooting star",kf0x-003,New Deck,air,0-3-0,0,3,0,0-3-0,0,3,0,0,1,60,0
2026-09-05_player-s-spot-pt#1,2026-09-05_player-s-spot-pt,1,,,,,,,,,,,,,0,0,0,0
2026-09-05_player-s-spot-pt#2,2026-09-05_player-s-spot-pt,2,,,,,,,,,,,,,0,0,0,0
2026-09-05_player-s-spot-pt#3,2026-09-05_player-s-spot-pt,3,,,,,,,,,,,,,0,0,0,0
2026-09-05_player-s-spot-pt#4,2026-09-05_player-s-spot-pt,4,,,,,,,,,,,,,0,0,0,0
2026-09-05_vtc-games-more-ma-us#1,2026-09-05_vtc-games-more-ma-us,1,,,,,,,,,,,,,0,0,0,0
2026-09-05_vtc-games-more-ma-us#2,2026-09-05_vtc-games-more-ma-us,2,"mikasa ackerman, hizuru’s hope",aot03-010,Dean said this character doesn't suck,death,3-1-0,3,1,0,4-2-0,4,2,0,1,1,65,0
2026-09-05_vtc-games-more-ma-us#3,2026-09-05_vtc-games-more-ma-us,3,"mothra, divine moth",gdz01-013,Why did no one tell me ssh + thunder spear is a combo,good,3-1-0,3,1,0,3-2-0,3,2,0,1,1,80,10
2026-09-05_vtc-games-more-ma-us#4,2026-09-05_vtc-games-more-ma-us,4,"mechagodzilla, modified type-3 kiryu",gdz01-012,Local Championship - Round 3 Bryan R Deck Submission,good,2-1-0 +1 bye,,,,2-2-0,2,2,0,1,1,60,10
2026-09-05_vtc-games-more-ma-us#5,2026-09-05_vtc-games-more-ma-us,5,reina,tk802-011,Im smoking pack so pressure im rolling up coal and exhaling diamonds,air,2-1-1,2,1,1,2-1-1,2,1,1,0,1,65,10
2026-09-05_vtc-games-more-ma-us#6,2026-09-05_vtc-games-more-ma-us,6,"grog strongjaw, mighty half-giant",cr02-007,Strongjaw Steve Austin,earth,2-2-0,2,2,0,2-2-0,2,2,0,0,1,66,10
2026-09-05_vtc-games-more-ma-us#7,2026-09-05_vtc-games-more-ma-us,7,"ymir // ymir, jaw titan",aot01-020,Ymir v1.3,life,1-2-0 +1 bye,,,,1-2-0,1,2,0,0,1,75,10
2026-09-05_vtc-games-more-ma-us#8,2026-09-05_vtc-games-more-ma-us,8,"mechagodzilla, kiryu",cha03gmm-002,Kiryu,earth,2-2-0,2,2,0,2-2-0,2,2,0,0,1,62,10
2026-09-05_vtc-games-more-ma-us#9,2026-09-05_vtc-games-more-ma-us,9,"jester lavorre, prankster priestess",crmn-001,Jester - Prankster,life,1-2-0 +1 bye,,,,1-2-0,1,2,0,0,1,76,0
2026-09-05_vtc-games-more-ma-us#10,2026-09-05_vtc-games-more-ma-us,10,"annie leonhart, awakened // female titan, finale",aot03-001,Annie isn't Okay,death,0-3-0 +1 bye,,,,0-3-0,0,3,0,0,1,61,0
2026-09-05_vtc-games-more-ma-us#11,2026-09-05_vtc-games-more-ma-us,11,reina,tk802-011,New Deck,air,0-4-0,0,4,0,0-4-0,0,4,0,0,1,67,10
2026-09-06_akikambara-au#1,2026-09-06_akikambara-au,1,,,,,,,,,,,,,0,0,0,0
2026-09-06_akikambara-au#2,2026-09-06_akikambara-au,2,,,,,,,,,,,,,0,0,0,0
2026-09-06_akikambara-au#3,2026-09-06_akikambara-au,3,,,,,,,,,,,,,0,0,0,0
2026-09-06_akikambara-au#4,2026-09-06_akikambara-au,4,,,,,,,,,,,,,0,0,0,0
2026-09-06_akikambara-au#5,2026-09-06_akikambara-au,5,,,,,,,,,,,,,0,0,0,0
2026-09-06_akikambara-au#6,2026-09-06_akikambara-au,6,,,,,,,,,,,,,0,0,0,0
2026-09-06_akikambara-au#7,2026-09-06_akikambara-au,7,,,,,,,,,,,,,0,0,0,0
2026-09-06_akikambara-au#8,2026-09-06_akikambara-au,8,,,,,,,,,,,,,0,0,0,0
2026-09-06_akikambara-au#9,2026-09-06_akikambara-au,9,,,,,,,,,,,,,0,0,0,0
2026-09-06_akikambara-au#10,2026-09-06_akikambara-au,10,,,,,,,,,,,,,0,0,0,0
2026-09-06_counterspell-games-fl-us#1,2026-09-06_counterspell-games-fl-us,1,hange zoë,aot01-010,End of Beginnings,life,3-0-0,3,0,0,3-0-0,3,0,0,0,1,66,10
2026-09-06_counterspell-games-fl-us#2,2026-09-06_counterspell-games-fl-us,2,mikasa ackerman,aot01-016,"Unless I fight, I cannot win",air,2-1-0,2,1,0,2-1-0,2,1,0,0,1,60,10
2026-09-06_counterspell-games-fl-us#3,2026-09-06_counterspell-games-fl-us,3,"izuku midoriya, deku",mha09-002,Aang at Home,air,2-1-0,2,1,0,2-1-0,2,1,0,0,1,63,10
2026-09-06_counterspell-games-fl-us#4,2026-09-06_counterspell-games-fl-us,4,"godzilla, shin godzilla",gdz01-007,Shin Godzilla,death,2-1-0,2,1,0,2-1-0,2,1,0,0,1,80,10
2026-09-06_counterspell-games-fl-us#5,2026-09-06_counterspell-games-fl-us,5,"pumat sol, magical proprietor",cr02-015,"Emerson, Lake, and Pumat",order,1-2-0,1,2,0,1-2-0,1,2,0,0,1,63,10
2026-09-06_counterspell-games-fl-us#6,2026-09-06_counterspell-games-fl-us,6,"zeke yeager // zeke, beast titan",aot02-015,Zeke1 Dallas - Zach Richards,life,1-2-0,1,2,0,1-2-0,1,2,0,0,1,67,10
2026-09-06_counterspell-games-fl-us#7,2026-09-06_counterspell-games-fl-us,7,king,tk802-008,He got anchor Arms,earth,1-2-0,1,2,0,1-2-0,1,2,0,0,1,72,0
2026-09-06_counterspell-games-fl-us#8,2026-09-06_counterspell-games-fl-us,8,lars alexandersson,tk802-009,"""It's Just Good Cards Paul...""",good,0-3-0,0,3,0,0-3-0,0,3,0,0,1,64,10
2026-09-06_many-realms-arena-nv-us#1,2026-09-06_many-realms-arena-nv-us,1,,,,,,,,,,,,,0,0,0,0
2026-09-06_many-realms-arena-nv-us#2,2026-09-06_many-realms-arena-nv-us,2,,,,,,,,,,,,,0,0,0,0
2026-09-06_many-realms-arena-nv-us#3,2026-09-06_many-realms-arena-nv-us,3,,,,,,,,,,,,,0,0,0,0
2026-09-06_many-realms-arena-nv-us#4,2026-09-06_many-realms-arena-nv-us,4,,,,,,,,,,,,,0,0,0,0
2026-09-06_many-realms-arena-nv-us#5,2026-09-06_many-realms-arena-nv-us,5,,,,,,,,,,,,,0,0,0,0
2026-09-06_many-realms-arena-nv-us#6,2026-09-06_many-realms-arena-nv-us,6,,,,,,,,,,,,,0,0,0,0
2026-09-06_many-realms-arena-nv-us#7,2026-09-06_many-realms-arena-nv-us,7,,,,,,,,,,,,,0,0,0,0
2026-09-06_many-realms-arena-nv-us#8,2026-09-06_many-realms-arena-nv-us,8,,,,,,,,,,,,,0,0,0,0
2026-09-06_many-realms-arena-nv-us#9,2026-09-06_many-realms-arena-nv-us,9,,,,,,,,,,,,,0,0,0,0
2026-09-06_many-realms-arena-nv-us#10,2026-09-06_many-realms-arena-nv-us,10,,,,,,,,,,,,,0,0,0,0
2026-09-06_many-realms-arena-nv-us#11,2026-09-06_many-realms-arena-nv-us,11,,,,,,,,,,,,,0,0,0,0
2026-09-06_many-realms-arena-nv-us#12,2026-09-06_many-realms-arena-nv-us,12,,,,,,,,,,,,,0,0,0,0
2026-09-06_many-realms-arena-nv-us#13,2026-09-06_many-realms-arena-nv-us,13,,,,,,,,,,,,,0,0,0,0
2026-09-06_many-realms-arena-nv-us#14,2026-09-06_many-realms-arena-nv-us,14,,,,,,,,,,,,,0,0,0,0
2026-09-06_many-realms-arena-nv-us#15,2026-09-06_many-realms-arena-nv-us,15,,,,,,,,,,,,,0,0,0,0
2026-09-06_many-realms-arena-nv-us#16,2026-09-06_many-realms-arena-nv-us,16,,,,,,,,,,,,,0,0,0,0
2026-09-06_mundo-magic-fantasy-es#1,2026-09-06_mundo-magic-fantasy-es,1,"mikasa ackerman, hizuru’s hope",aot03-010,"Mikasa Ackerman, Hizuru's Hope",air,2-0-2,2,0,2,5-0-2,5,0,2,1,1,63,10
2026-09-06_mundo-magic-fantasy-es#2,2026-09-06_mundo-magic-fantasy-es,2,eddy gordo,tk802-003,Local Championships Mundo Magic Fantasy Nick v Deck Submission,life,2-1-1,2,1,1,4-2-1,4,2,1,1,1,65,10
2026-09-06_mundo-magic-fantasy-es#3,2026-09-06_mundo-magic-fantasy-es,3,devil jin,tk801-040,LOCAL CHAMPIONSHIP ROUND 4 Teo V Deck Submission,chaos,2-0-2,2,0,2,3-1-2,3,1,2,1,1,63,10
2026-09-06_mundo-magic-fantasy-es#4,2026-09-06_mundo-magic-fantasy-es,4,"mothra, divine moth",gdz01-013,mothra,air,2-2-0,2,2,0,3-3-0,3,3,0,1,1,91,10
2026-09-06_mundo-magic-fantasy-es#5,2026-09-06_mundo-magic-fantasy-es,5,eddy gordo,tk802-003,Uppercut Gordo,life,3-0-1,3,0,1,3-1-1,3,1,1,1,1,67,10
2026-09-06_mundo-magic-fantasy-es#6,2026-09-06_mundo-magic-fantasy-es,6,"pumat sol, magical proprietor",cr02-015,EL PUMAT DE CANCÚN,order,2-1-1,2,1,1,2-2-1,2,2,1,1,1,66,10
2026-09-06_mundo-magic-fantasy-es#7,2026-09-06_mundo-magic-fantasy-es,7,"rodan, giant monster of the sky",cha03krm-003,Rodan TK8,void,2-1-1,2,1,1,2-2-1,2,2,1,1,1,97,10
2026-09-06_mundo-magic-fantasy-es#8,2026-09-06_mundo-magic-fantasy-es,8,"reiner braun // reiner, armored titan",aot01-017,REINER VADEr,death,2-1-1,2,1,1,2-2-1,2,2,1,1,1,67,10
2026-09-06_mundo-magic-fantasy-es#9,2026-09-06_mundo-magic-fantasy-es,9,armored all might,mha09-001,All might alex,earth,2-2-0,2,2,0,2-2-0,2,2,0,0,1,69,0
2026-09-06_mundo-magic-fantasy-es#10,2026-09-06_mundo-magic-fantasy-es,10,devil jin,tk801-040,Debil Juan,chaos,2-2-0,2,2,0,2-2-0,2,2,0,0,1,61,10
2026-09-06_mundo-magic-fantasy-es#11,2026-09-06_mundo-magic-fantasy-es,11,armored all might,mha09-001,dargorbos might,earth,2-2-0,2,2,0,2-2-0,2,2,0,0,1,65,10
2026-09-06_mundo-magic-fantasy-es#12,2026-09-06_mundo-magic-fantasy-es,12,bridget,ggs01-001,Bun Brisket,water,1-2-1,1,2,1,1-2-1,1,2,1,0,1,62,0
2026-09-06_mundo-magic-fantasy-es#13,2026-09-06_mundo-magic-fantasy-es,13,"sung jinwoo, e rank hunter",sl01-001,Sung he hoo,death,1-3-0,1,3,0,1-3-0,1,3,0,0,1,75,0
2026-09-06_mundo-magic-fantasy-es#14,2026-09-06_mundo-magic-fantasy-es,14,armored all might,mha09-001,Local Championships Mundo Magic Fantasy ADRIAN S Deck Submission,good,1-3-0,1,3,0,1-3-0,1,3,0,0,1,60,0
2026-09-06_mundo-magic-fantasy-es#15,2026-09-06_mundo-magic-fantasy-es,15,"izuku midoriya, deku",mha09-002,bordalas haramba,air,0-2-2,0,2,2,0-2-2,0,2,2,0,1,80,10
2026-09-06_mundo-magic-fantasy-es#16,2026-09-06_mundo-magic-fantasy-es,16,jack-8,tk802-006,888,order,0-4-0,0,4,0,0-4-0,0,4,0,0,1,77,10
2026-09-06_the-portal-ct-us#1,2026-09-06_the-portal-ct-us,1,,,,,,,,,,,,,0,0,0,0
2026-09-06_the-portal-ct-us#2,2026-09-06_the-portal-ct-us,2,,,,,,,,,,,,,0,0,0,0
2026-09-06_the-portal-ct-us#3,2026-09-06_the-portal-ct-us,3,,,,,,,,,,,,,0,0,0,0
2026-09-06_the-portal-ct-us#4,2026-09-06_the-portal-ct-us,4,,,,,,,,,,,,,0,0,0,0
2026-09-06_the-portal-ct-us#5,2026-09-06_the-portal-ct-us,5,,,,,,,,,,,,,0,0,0,0
2026-09-06_the-portal-ct-us#6,2026-09-06_the-portal-ct-us,6,,,,,,,,,,,,,0,0,0,0
2026-09-06_the-portal-ct-us#7,2026-09-06_the-portal-ct-us,7,,,,,,,,,,,,,0,0,0,0
2026-09-06_the-portal-ct-us#8,2026-09-06_the-portal-ct-us,8,,,,,,,,,,,,,0,0,0,0
2026-09-06_the-portal-ct-us#9,2026-09-06_the-portal-ct-us,9,,,,,,,,,,,,,0,0,0,0
2026-09-06_the-portal-ct-us#10,2026-09-06_the-portal-ct-us,10,,,,,,,,,,,,,0,0,0,0
2026-09-06_the-portal-ct-us#11,2026-09-06_the-portal-ct-us,11,,,,,,,,,,,,,0,0,0,0
2026-09-19_atlanta-ga-us#1,2026-09-19_atlanta-ga-us,1,"mikasa ackerman, hizuru’s hope",aot03-010,Mistress Of The Salmon Salt,death,5-1-1 +1 bye,,,,9-1-1,9,1,1,1,1,68,10
2026-09-19_atlanta-ga-us#2,2026-09-19_atlanta-ga-us,2,ymir,aot01-020,I've lied,life,6-2-0,6,2,0,9-3-0,9,3,0,1,1,64,10
2026-09-19_atlanta-ga-us#3,2026-09-19_atlanta-ga-us,3,"reiner braun, warrior // reiner, armored titan advancing",aot02-013,holy cr*p reiner is meta guys,chaos,5-0-2 +1 bye,,,,7-1-2,7,1,2,1,1,60,10
2026-09-19_atlanta-ga-us#4,2026-09-19_atlanta-ga-us,4,"mikasa ackerman, hizuru’s hope",aot03-010,Idk what I’m doing here m,air,5-2-0 +1 bye,,,,7-3-0,7,3,0,1,1,60,10
2026-09-19_atlanta-ga-us#5,2026-09-19_atlanta-ga-us,5,"mikasa ackerman, hizuru’s hope",aot03-010,Air Black Lotus + Pot of Greed M4,air,6-0-1 +1 bye,,,,7-1-1,7,1,1,1,1,60,10
2026-09-19_atlanta-ga-us#6,2026-09-19_atlanta-ga-us,6,"biollante, giant plant monster",gdz01-003,Biollante,water,6-1-1,6,1,1,7-2-1,7,2,1,1,1,66,10
2026-09-19_atlanta-ga-us#7,2026-09-19_atlanta-ga-us,7,"godzilla, titan of terror",gdz01-008,Spicy ToT,fire,5-2-0 +1 bye,,,,6-3-0,6,3,0,1,1,74,10
2026-09-19_atlanta-ga-us#8,2026-09-19_atlanta-ga-us,8,"sasha blouse, food fanatic",aot02-014,Samwise,chaos,5-2-0 +1 bye,,,,6-3-0,6,3,0,1,1,64,10
2026-09-19_atlanta-ga-us#9,2026-09-19_atlanta-ga-us,9,eddy gordo,tk802-003,life changing thermal flame on a 5,life,6-1-0 +1 bye,,,,6-2-0,6,2,0,1,1,70,10
2026-09-19_atlanta-ga-us#10,2026-09-19_atlanta-ga-us,10,pony tsunotori,mha07-098,New Deck,earth,5-1-1 +1 bye,,,,5-2-1,5,2,1,1,1,60,10
2026-09-19_atlanta-ga-us#11,2026-09-19_atlanta-ga-us,11,"pieck finger, panzer unit cartman // cart titan, finale",aot03-011,Wub De,order,5-1-1 +1 bye,,,,5-2-1,5,2,1,1,1,65,10
2026-09-19_atlanta-ga-us#12,2026-09-19_atlanta-ga-us,12,"mikasa ackerman, hizuru’s hope",aot03-010,Round 4 Local Championship - Rooted Games Gavin F Deck Submission,air,5-1-1 +1 bye,,,,5-2-1,5,2,1,1,1,60,10
2026-09-19_atlanta-ga-us#13,2026-09-19_atlanta-ga-us,13,"mothra, divine moth",gdz01-013,Gas Propellant,order,5-1-1 +1 bye,,,,5-2-1,5,2,1,1,1,90,10
2026-09-19_atlanta-ga-us#14,2026-09-19_atlanta-ga-us,14,"anguirus, fierce dragon",gdz01-001,"Paul, I hope you're having a good time. I wish I was at the hotel, not only to hang out with you more, but also because our airbnb is completely unhinged. I had an anxiety attack when I did my first walkthrough. I may drive a",earth,5-1-1 +1 bye,,,,5-2-1,5,2,1,1,1,68,10
2026-09-19_atlanta-ga-us#15,2026-09-19_atlanta-ga-us,15,"godzilla, shin godzilla",gdz01-007,Shin Death,death,5-2-0 +1 bye,,,,5-3-0,5,3,0,1,1,65,10
2026-09-19_atlanta-ga-us#16,2026-09-19_atlanta-ga-us,16,"king ghidorah, emperor of the cosmos",cha03krm-001,Not Fast But F,evil,5-0-3,5,0,3,5-1-3,5,1,3,1,1,88,10
2026-09-19_atlanta-ga-us#17,2026-09-19_atlanta-ga-us,17,nick ragan,promo2025-052,Nick,all,5-2-0 +1 bye,,,,5-2-0,5,2,0,0,1,93,10
2026-09-19_atlanta-ga-us#18,2026-09-19_atlanta-ga-us,18,"anguirus, fierce dragon",gdz01-001,Angy,earth,5-2-0 +1 bye,,,,5-2-0,5,2,0,0,1,61,10
2026-09-19_atlanta-ga-us#19,2026-09-19_atlanta-ga-us,19,"izuku midoriya, on the move",mha08-001,New Deck,air,4-1-2 +1 bye,,,,4-1-2,4,1,2,0,1,78,10
2026-09-19_atlanta-ga-us#20,2026-09-19_atlanta-ga-us,20,"godzilla, shin godzilla",gdz01-007,New Deck,chaos,4-1-2 +1 bye,,,,4-1-2,4,1,2,0,1,73,10
2026-09-19_atlanta-ga-us#21,2026-09-19_atlanta-ga-us,21,"zeke yeager // zeke, beast titan",aot02-015,Zeke1 Dallas - Zach Richards,life,4-1-2 +1 bye,,,,4-1-2,4,1,2,0,1,67,10
2026-09-19_atlanta-ga-us#22,2026-09-19_atlanta-ga-us,22,"zeke yeager // zeke, beast titan",aot02-015,Yeke Zeager,life,4-1-2 +1 bye,,,,4-1-2,4,1,2,0,1,64,10
2026-09-19_atlanta-ga-us#23,2026-09-19_atlanta-ga-us,23,jack-8,tk802-006,Jackin' It,order,5-2-1,5,2,1,5-2-1,5,2,1,0,1,64,10
2026-09-19_atlanta-ga-us#24,2026-09-19_atlanta-ga-us,24,"mikasa ackerman, hizuru’s hope",aot03-010,M4,air,4-2-1 +1 bye,,,,4-2-1,4,2,1,0,1,60,10
2026-09-19_atlanta-ga-us#25,2026-09-19_atlanta-ga-us,25,"godzilla, shin godzilla",gdz01-007,Shinny sh,death,4-2-1 +1 bye,,,,4-2-1,4,2,1,0,1,65,10
2026-09-19_atlanta-ga-us#26,2026-09-19_atlanta-ga-us,26,"pieck finger, panzer unit cartman // cart titan, finale",aot03-011,Forward tilt,order,4-2-1 +1 bye,,,,4-2-1,4,2,1,0,1,66,10
2026-09-19_atlanta-ga-us#27,2026-09-19_atlanta-ga-us,27,"king ghidorah, three-headed monster",gdz01-011,Keenang Ghidorah,evil,5-2-1,5,2,1,5-2-1,5,2,1,0,1,81,10
2026-09-19_atlanta-ga-us#28,2026-09-19_atlanta-ga-us,28,"king ghidorah, three-headed monster",gdz01-011,Ghidorah,death,4-2-1 +1 bye,,,,4-2-1,4,2,1,0,1,60,10
2026-09-19_atlanta-ga-us#29,2026-09-19_atlanta-ga-us,29,"pumat sol, magical proprietor",cr02-015,how did that get there,order,4-3-0 +1 bye,,,,4-3-0,4,3,0,0,1,65,10
2026-09-19_atlanta-ga-us#30,2026-09-19_atlanta-ga-us,30,"mikasa ackerman, hizuru’s hope",aot03-010,You cannot get away with playing safe for this,death,4-3-0 +1 bye,,,,4-3-0,4,3,0,0,1,60,10
2026-09-19_atlanta-ga-us#31,2026-09-19_atlanta-ga-us,31,pony tsunotori,mha07-098,Pony Sludge,earth,4-3-0 +1 bye,,,,4-3-0,4,3,0,0,1,66,10
2026-09-19_atlanta-ga-us#32,2026-09-19_atlanta-ga-us,32,"king ghidorah, three-headed monster",gdz01-011,ATL,all,3-1-3 +1 bye,,,,3-1-3,3,1,3,0,1,60,10
2026-09-19_atlanta-ga-us#33,2026-09-19_atlanta-ga-us,33,"mikasa ackerman, hizuru’s hope",aot03-010,New Deck,air,4-3-0 +1 bye,,,,4-3-0,4,3,0,0,1,61,10
2026-09-19_atlanta-ga-us#34,2026-09-19_atlanta-ga-us,34,"mikasa ackerman, hizuru’s hope",aot03-010,M4,air,4-3-0 +1 bye,,,,4-3-0,4,3,0,0,1,60,10
2026-09-19_atlanta-ga-us#35,2026-09-19_atlanta-ga-us,35,"donatello, the smart one",tmnt01-004,Uncreated Light,void,4-3-0 +1 bye,,,,4-3-0,4,3,0,0,1,64,10
2026-09-19_atlanta-ga-us#36,2026-09-19_atlanta-ga-us,36,"izuku midoriya, deku",mha09-002,9th Wielder,good,4-3-0 +1 bye,,,,4-3-0,4,3,0,0,1,60,10
2026-09-19_atlanta-ga-us#37,2026-09-19_atlanta-ga-us,37,"mikasa ackerman, hizuru’s hope",aot03-010,My M4 Goes BRRRRRRRRR,death,4-3-0 +1 bye,,,,4-3-0,4,3,0,0,1,60,10
2026-09-19_atlanta-ga-us#38,2026-09-19_atlanta-ga-us,38,"mikasa ackerman, hizuru’s hope",aot03-010,Zehal's Hope,air,5-3-0,5,3,0,5-3-0,5,3,0,0,1,60,10
2026-09-19_atlanta-ga-us#39,2026-09-19_atlanta-ga-us,39,mitchell cimino,promo2025-053,This guy is cool,order,4-3-0 +1 bye,,,,4-3-0,4,3,0,0,1,65,10
2026-09-19_atlanta-ga-us#40,2026-09-19_atlanta-ga-us,40,lars alexandersson,tk802-009,Larson,good,4-3-0 +1 bye,,,,4-3-0,4,3,0,0,1,60,10
2026-09-19_atlanta-ga-us#41,2026-09-19_atlanta-ga-us,41,armored all might,mha09-001,Lock n' Load Atlanta 9/18/2026,earth,5-3-0,5,3,0,5-3-0,5,3,0,0,1,65,10
2026-09-19_atlanta-ga-us#42,2026-09-19_atlanta-ga-us,42,"mikasa ackerman, hizuru’s hope",aot03-010,Ssss,air,5-3-0,5,3,0,5-3-0,5,3,0,0,1,60,10
2026-09-19_atlanta-ga-us#43,2026-09-19_atlanta-ga-us,43,armored all might,mha09-001,AAM,good,5-3-0,5,3,0,5-3-0,5,3,0,0,1,64,10
2026-09-19_atlanta-ga-us#44,2026-09-19_atlanta-ga-us,44,"mothra, giant moth monster",cha03gmm-003,Go 4 Games Round 4 Local Championship Mark V Deck Submission,earth,4-3-0 +1 bye,,,,4-3-0,4,3,0,0,1,104,10
2026-09-19_atlanta-ga-us#45,2026-09-19_atlanta-ga-us,45,kazuya mishima,tk802-007,Regional Kaz,evil,4-3-0 +1 bye,,,,4-3-0,4,3,0,0,1,62,10
2026-09-19_atlanta-ga-us#46,2026-09-19_atlanta-ga-us,46,jack-8,tk802-006,Jack of all trades,order,5-3-0,5,3,0,5-3-0,5,3,0,0,1,61,10
2026-09-19_atlanta-ga-us#47,2026-09-19_atlanta-ga-us,47,kazuya mishima,tk802-007,New Deck,void,5-3-0,5,3,0,5-3-0,5,3,0,0,1,63,10
2026-09-19_atlanta-ga-us#48,2026-09-19_atlanta-ga-us,48,armored all might,mha09-001,How Do You Know It’s Not Armadillo Shells,earth,4-3-0 +1 bye,,,,4-3-0,4,3,0,0,1,67,10
2026-09-19_atlanta-ga-us#49,2026-09-19_atlanta-ga-us,49,byakko,yyhdt-162,byakko last chan,earth,5-3-0,5,3,0,5-3-0,5,3,0,0,1,80,10
2026-09-19_atlanta-ga-us#50,2026-09-19_atlanta-ga-us,50,jack-8,tk802-006,Jack Atlanta,order,5-3-0,5,3,0,5-3-0,5,3,0,0,1,60,10
2026-09-19_atlanta-ga-us#51,2026-09-19_atlanta-ga-us,51,"mothra, divine moth",gdz01-013,Headspins Tu,good,3-2-2 +1 bye,,,,3-2-2,3,2,2,0,1,66,10
2026-09-19_atlanta-ga-us#52,2026-09-19_atlanta-ga-us,52,"biollante, giant plant monster",gdz01-003,Bearollant,water,3-2-2 +1 bye,,,,3-2-2,3,2,2,0,1,65,10
2026-09-19_atlanta-ga-us#53,2026-09-19_atlanta-ga-us,53,"benimaru, shooting star",kf0x-003,Regional Beni,good,4-2-2,4,2,2,4-2-2,4,2,2,0,1,77,10
2026-09-19_atlanta-ga-us#54,2026-09-19_atlanta-ga-us,54,jack-8,tk802-006,Bulk,order,4-2-2,4,2,2,4-2-2,4,2,2,0,1,60,10
2026-09-19_atlanta-ga-us#55,2026-09-19_atlanta-ga-us,55,"biollante, giant plant monster",gdz01-003,Audrey II,life,4-2-2,4,2,2,4-2-2,4,2,2,0,1,67,10
2026-09-19_atlanta-ga-us#56,2026-09-19_atlanta-ga-us,56,"pumat sol, magical proprietor",cr02-015,New Deck,air,3-3-1 +1 bye,,,,3-3-1,3,3,1,0,1,65,10
2026-09-19_atlanta-ga-us#57,2026-09-19_atlanta-ga-us,57,"king ghidorah, three-headed monster",gdz01-011,meta riding,death,3-3-1 +1 bye,,,,3-3-1,3,3,1,0,1,64,10
2026-09-19_atlanta-ga-us#58,2026-09-19_atlanta-ga-us,58,"izuku midoriya, on the move // izuku midoriya, quirks unleashed",mha08-001,Deku Out,void,3-3-1 +1 bye,,,,3-3-1,3,3,1,0,1,86,10
2026-09-19_atlanta-ga-us#59,2026-09-19_atlanta-ga-us,59,"izuku midoriya, deku",mha09-002,Atlanta Deku,confused,4-3-1,4,3,1,4-3-1,4,3,1,0,1,66,0
2026-09-19_atlanta-ga-us#60,2026-09-19_atlanta-ga-us,60,kazuya mishima,tk802-007,the devil you know,void,3-3-1 +1 bye,,,,3-3-1,3,3,1,0,1,65,10
2026-09-19_atlanta-ga-us#61,2026-09-19_atlanta-ga-us,61,"armin arlert, brilliant mind",aot02-001,Rarmin Hammer Baking Soda,order,3-3-1 +1 bye,,,,3-3-1,3,3,1,0,1,60,10
2026-09-19_atlanta-ga-us#62,2026-09-19_atlanta-ga-us,62,"pumat sol, magical proprietor",cr02-015,Eriatarkus,order,3-3-1 +1 bye,,,,3-3-1,3,3,1,0,1,60,10
2026-09-19_atlanta-ga-us#63,2026-09-19_atlanta-ga-us,63,"isla, dreaming brilliance",kf0x-023,New Deck,void,4-3-1,4,3,1,4-3-1,4,3,1,0,1,70,10
2026-09-19_atlanta-ga-us#64,2026-09-19_atlanta-ga-us,64,"mikasa ackerman, hizuru’s hope",aot03-010,M4 Atlanta,death,3-4-0 +1 bye,,,,3-4-0,3,4,0,0,1,60,10
2026-09-19_atlanta-ga-us#65,2026-09-19_atlanta-ga-us,65,mikasa ackerman,aot01-016,"Unless I fight, I cannot win",air,3-4-0 +1 bye,,,,3-4-0,3,4,0,0,1,60,10
2026-09-19_atlanta-ga-us#66,2026-09-19_atlanta-ga-us,66,mikasa ackerman,aot01-016,Big potato 🥔  stuff....,air,3-4-0 +1 bye,,,,3-4-0,3,4,0,0,1,67,10
2026-09-19_atlanta-ga-us#67,2026-09-19_atlanta-ga-us,67,"spacegodzilla, bio-quartz monster",gdz01-015,Go! Go! Goutzilla!,chaos,3-4-0 +1 bye,,,,3-4-0,3,4,0,0,1,67,10
2026-09-19_atlanta-ga-us#68,2026-09-19_atlanta-ga-us,68,byakko,yyhdt-162,Mental Load Reduxtion (this one because ugn keeps creating unsolicited copies),earth,3-3-0 +1 bye,,,,3-3-0,3,3,0,0,1,86,10
2026-09-19_atlanta-ga-us#69,2026-09-19_atlanta-ga-us,69,nagoriyuki,ggs01-006,"157,369,482 Thunder Spears",order,4-4-0,4,4,0,4-4-0,4,4,0,0,1,62,10
2026-09-19_atlanta-ga-us#70,2026-09-19_atlanta-ga-us,70,kazuya mishima,tk802-007,New Deck,void,3-4-0 +1 bye,,,,3-4-0,3,4,0,0,1,69,10
2026-09-19_atlanta-ga-us#71,2026-09-19_atlanta-ga-us,71,"king ghidorah, three-headed monster",gdz01-011,King Ghi Ghi \| ATL Regional,evil,3-4-0 +1 bye,,,,3-4-0,3,4,0,0,1,62,10
2026-09-19_atlanta-ga-us#72,2026-09-19_atlanta-ga-us,72,"godzilla, titan of terror",gdz01-008,Spicy ToT v7,fire,3-4-0 +1 bye,,,,3-4-0,3,4,0,0,1,74,10
2026-09-19_atlanta-ga-us#73,2026-09-19_atlanta-ga-us,73,"godzilla, shin godzilla",gdz01-007,Shin Godzilla,death,3-4-0 +1 bye,,,,3-4-0,3,4,0,0,1,100,10
2026-09-19_atlanta-ga-us#74,2026-09-19_atlanta-ga-us,74,"all for one, demon lord",mha09-022,All for Momentum (v4 - Atlanta),chaos,3-4-0 +1 bye,,,,3-4-0,3,4,0,0,1,72,10
2026-09-19_atlanta-ga-us#75,2026-09-19_atlanta-ga-us,75,armored all might,mha09-001,AAM,good,3-4-0 +1 bye,,,,3-4-0,3,4,0,0,1,60,10
2026-09-19_atlanta-ga-us#76,2026-09-19_atlanta-ga-us,76,"anguirus, fierce dragon",gdz01-001,Atlant,earth,4-4-0,4,4,0,4-4-0,4,4,0,0,1,64,10
2026-09-19_atlanta-ga-us#77,2026-09-19_atlanta-ga-us,77,lars alexandersson,tk802-009,Lars - Good,good,4-4-0,4,4,0,4-4-0,4,4,0,0,1,60,10
2026-09-19_atlanta-ga-us#78,2026-09-19_atlanta-ga-us,78,"godzilla, king of the monsters",cha03gmm-001,Godzilla - TS,earth,3-4-0 +1 bye,,,,3-4-0,3,4,0,0,1,63,10
2026-09-19_atlanta-ga-us#79,2026-09-19_atlanta-ga-us,79,alisa bosconovitch,tk802-001,Alisa Bosconovitch Fast Midrange,good,4-4-0,4,4,0,4-4-0,4,4,0,0,1,60,10
2026-09-19_atlanta-ga-us#80,2026-09-19_atlanta-ga-us,80,"anguirus, fierce dragon",gdz01-001,Catch This,earth,2-3-2 +1 bye,,,,2-3-2,2,3,2,0,1,72,10
2026-09-19_atlanta-ga-us#81,2026-09-19_atlanta-ga-us,81,"izuku midoriya, deku",mha09-002,Sear deku,air,3-3-2,3,3,2,3-3-2,3,3,2,0,1,63,10
2026-09-19_atlanta-ga-us#82,2026-09-19_atlanta-ga-us,82,"mikasa ackerman, hizuru’s hope",aot03-010,Horsebbq,air,2-3-2 +1 bye,,,,2-3-2,2,3,2,0,1,60,10
2026-09-19_atlanta-ga-us#83,2026-09-19_atlanta-ga-us,83,"king ghidorah, three-headed monster",gdz01-011,R4 Regional Main Event Darwin h Deck Submission,evil,2-3-1 +1 bye,,,,2-3-1,2,3,1,0,1,64,10
2026-09-19_atlanta-ga-us#84,2026-09-19_atlanta-ga-us,84,"mothra, divine moth",gdz01-013,New Deck,good,2-2-1 +1 bye,,,,2-2-1,2,2,1,0,1,83,10
2026-09-19_atlanta-ga-us#85,2026-09-19_atlanta-ga-us,85,"king ghidorah, three-headed monster",gdz01-011,Big King G,death,3-4-1,3,4,1,3-4-1,3,4,1,0,1,60,10
2026-09-19_atlanta-ga-us#86,2026-09-19_atlanta-ga-us,86,"rodan, giant monster of the sky",cha03krm-003,I'll give this god damn bird a go,void,1-2-4 +1 bye,,,,1-2-4,1,2,4,0,1,70,10
2026-09-19_atlanta-ga-us#87,2026-09-19_atlanta-ga-us,87,"anguirus, fierce dragon",gdz01-001,Standard Angu,earth,3-4-1,3,4,1,3-4-1,3,4,1,0,1,60,10
2026-09-19_atlanta-ga-us#88,2026-09-19_atlanta-ga-us,88,"dorian storm, charming minstrel",promo2025-048,LuteBound,good,3-4-1,3,4,1,3-4-1,3,4,1,0,1,67,10
2026-09-19_atlanta-ga-us#89,2026-09-19_atlanta-ga-us,89,reina,tk802-011,Rayr,death,3-4-1,3,4,1,3-4-1,3,4,1,0,1,65,0
2026-09-19_atlanta-ga-us#90,2026-09-19_atlanta-ga-us,90,armored all might,mha09-001,New Deck,good,3-4-1,3,4,1,3-4-1,3,4,1,0,1,62,0
2026-09-19_atlanta-ga-us#91,2026-09-19_atlanta-ga-us,91,"rodan, fire rodan",gdz01-014,Fire Rodan,void,3-4-1,3,4,1,3-4-1,3,4,1,0,1,66,10
2026-09-19_atlanta-ga-us#92,2026-09-19_atlanta-ga-us,92,kazuya mishima,tk802-007,Kazuya,void,3-3-0,3,3,0,3-3-0,3,3,0,0,1,67,10
2026-09-19_atlanta-ga-us#93,2026-09-19_atlanta-ga-us,93,"mikasa ackerman, hizuru’s hope",aot03-010,Mikasa 8/2,air,2-3-0 +1 bye,,,,2-3-0,2,3,0,0,1,60,10
2026-09-19_atlanta-ga-us#94,2026-09-19_atlanta-ga-us,94,"anguirus, fierce dragon",gdz01-001,Angy - Atlanta 2026,earth,2-5-0 +1 bye,,,,2-5-0,2,5,0,0,1,60,10
2026-09-19_atlanta-ga-us#95,2026-09-19_atlanta-ga-us,95,mirko,mha07-046,Crash Out #17,death,3-3-0,3,3,0,3-3-0,3,3,0,0,1,65,10
2026-09-19_atlanta-ga-us#96,2026-09-19_atlanta-ga-us,96,lars alexandersson,tk802-009,"""It's Just Good Cards Paul...""",good,3-4-0,3,4,0,3-4-0,3,4,0,0,1,60,10
2026-09-19_atlanta-ga-us#97,2026-09-19_atlanta-ga-us,97,reina,tk802-011,Ender Reina,chaos,2-5-0 +1 bye,,,,2-5-0,2,5,0,0,1,66,10
2026-09-19_atlanta-ga-us#98,2026-09-19_atlanta-ga-us,98,"grog strongjaw, mighty half-giant",cr02-007,Grog \| Death,death,1-3-3 +1 bye,,,,1-3-3,1,3,3,0,1,60,10
2026-09-19_atlanta-ga-us#99,2026-09-19_atlanta-ga-us,99,armored all might,mha09-001,Armored Abyss,earth,3-4-0,3,4,0,3-4-0,3,4,0,0,1,63,10
2026-09-19_atlanta-ga-us#100,2026-09-19_atlanta-ga-us,100,keyleth of the air ashari,cr02-009,Keyleth - Atlanta,air,3-4-0,3,4,0,3-4-0,3,4,0,0,1,70,10
2026-09-19_atlanta-ga-us#101,2026-09-19_atlanta-ga-us,101,"grog strongjaw, mighty half-giant",cr02-007,Strongjaw Steve Austin,earth,3-3-0,3,3,0,3-3-0,3,3,0,0,1,67,10
2026-09-19_atlanta-ga-us#102,2026-09-19_atlanta-ga-us,102,"bertolt hoover, living weapon // bertolt, colossus titan advancing",aot02-002,R4 Regional Main Event Michael R Deck Submission,death,2-5-0 +1 bye,,,,2-5-0,2,5,0,0,1,83,10
2026-09-19_atlanta-ga-us#103,2026-09-19_atlanta-ga-us,103,kazuya mishima,tk802-007,atl kaz,evil,2-5-0 +1 bye,,,,2-5-0,2,5,0,0,1,64,10
2026-09-19_atlanta-ga-us#104,2026-09-19_atlanta-ga-us,104,nina williams,tk802-010,Nina,evil,3-5-0,3,5,0,3-5-0,3,5,0,0,1,60,10
2026-09-19_atlanta-ga-us#105,2026-09-19_atlanta-ga-us,105,krista lenz,aot01-013,Raw,chaos,2-3-2,2,3,2,2-3-2,2,3,2,0,1,60,10
2026-09-19_atlanta-ga-us#106,2026-09-19_atlanta-ga-us,106,alisa bosconovitch,tk802-001,robot goes to georgia,good,2-3-2,2,3,2,2-3-2,2,3,2,0,1,69,10
2026-09-19_atlanta-ga-us#107,2026-09-19_atlanta-ga-us,107,lady kima of vord,cr02-010,Machine Gun Kima,life,2-4-2,2,4,2,2-4-2,2,4,2,0,1,60,10
2026-09-19_atlanta-ga-us#108,2026-09-19_atlanta-ga-us,108,"king ghidorah, three-headed monster",gdz01-011,King G,death,1-3-1 +1 bye,,,,1-3-1,1,3,1,0,1,60,10
2026-09-19_atlanta-ga-us#109,2026-09-19_atlanta-ga-us,109,"mothra, divine moth",gdz01-013,Who ordered the Mothy Fists,order,2-5-1,2,5,1,2-5-1,2,5,1,0,1,67,10
2026-09-19_atlanta-ga-us#110,2026-09-19_atlanta-ga-us,110,"taryon darrington, naive creator",cr02-017,atl 2026,order,1-3-1 +1 bye,,,,1-3-1,1,3,1,0,1,74,10
2026-09-19_atlanta-ga-us#111,2026-09-19_atlanta-ga-us,111,"sung jinwoo, e rank hunter",sl01-001,Sung Jinwo,life,2-5-1,2,5,1,2-5-1,2,5,1,0,1,66,10
2026-09-19_atlanta-ga-us#112,2026-09-19_atlanta-ga-us,112,"izuku midoriya, deku",mha09-002,New Deck,air,2-2-1,2,2,1,2-2-1,2,2,1,0,1,74,10
2026-09-19_atlanta-ga-us#113,2026-09-19_atlanta-ga-us,113,"king ghidorah, three-headed monster",gdz01-011,King Ghidorah death,death,2-4-1,2,4,1,2-4-1,2,4,1,0,1,60,10
2026-09-19_atlanta-ga-us#114,2026-09-19_atlanta-ga-us,114,"anguirus, fierce dragon",gdz01-001,gwah,earth,2-5-1,2,5,1,2-5-1,2,5,1,0,1,61,10
2026-09-19_atlanta-ga-us#115,2026-09-19_atlanta-ga-us,115,"vex’ahlia, resourceful hunter",crvm-002,Vex - Atlanta,air,1-5-1 +1 bye,,,,1-5-1,1,5,1,0,1,70,10
2026-09-19_atlanta-ga-us#116,2026-09-19_atlanta-ga-us,116,"king ghidorah, three-headed monster",gdz01-011,Kg death pre tekken,death,1-5-1 +1 bye,,,,1-5-1,1,5,1,0,1,77,10
2026-09-19_atlanta-ga-us#117,2026-09-19_atlanta-ga-us,117,armored all might,mha09-001,Budget Iron Might,good,2-5-1,2,5,1,2-5-1,2,5,1,0,1,66,10
2026-09-19_atlanta-ga-us#118,2026-09-19_atlanta-ga-us,118,lars alexandersson,tk802-009,G-Lars,good,2-5-1,2,5,1,2-5-1,2,5,1,0,1,60,10
2026-09-19_atlanta-ga-us#119,2026-09-19_atlanta-ga-us,119,"anguirus, fierce dragon",gdz01-001,Anguiris August 26,earth,2-4-1,2,4,1,2-4-1,2,4,1,0,1,62,10
2026-09-19_atlanta-ga-us#120,2026-09-19_atlanta-ga-us,120,happy chaos,ggs01-002,Season 4 Local Championship DOUBLE HEADER - Saturday Peyton N Deck Submission,chaos,1-5-1 +1 bye,,,,1-5-1,1,5,1,0,1,65,0
2026-09-19_atlanta-ga-us#121,2026-09-19_atlanta-ga-us,121,"king ghidorah, three-headed monster",gdz01-011,Three headed ki,evil,2-2-0,2,2,0,2-2-0,2,2,0,0,1,68,10
2026-09-19_atlanta-ga-us#122,2026-09-19_atlanta-ga-us,122,"biollante, giant plant monster",gdz01-003,Erika Shiragami,earth,1-3-0 +1 bye,,,,1-3-0,1,3,0,0,1,68,10
2026-09-19_atlanta-ga-us#123,2026-09-19_atlanta-ga-us,123,"king ghidorah, three-headed monster",gdz01-011,Ghidorable,evil,2-3-0,2,3,0,2-3-0,2,3,0,0,1,81,10
2026-09-19_atlanta-ga-us#124,2026-09-19_atlanta-ga-us,124,alisa bosconovitch,tk802-001,Alisa LC,water,2-4-0,2,4,0,2-4-0,2,4,0,0,1,60,10
2026-09-19_atlanta-ga-us#125,2026-09-19_atlanta-ga-us,125,"anguirus, fierce dragon",gdz01-001,Earth Anguirus,earth,2-2-0,2,2,0,2-2-0,2,2,0,0,1,64,0
2026-09-19_atlanta-ga-us#126,2026-09-19_atlanta-ga-us,126,"all for one, demon lord",mha09-022,All For One \| Chaos \| Atlanta,chaos,2-3-0,2,3,0,2-3-0,2,3,0,0,1,65,10
2026-09-19_atlanta-ga-us#127,2026-09-19_atlanta-ga-us,127,alisa bosconovitch,tk802-001,Regional Alisa,good,2-6-0,2,6,0,2-6-0,2,6,0,0,1,70,10
2026-09-19_atlanta-ga-us#128,2026-09-19_atlanta-ga-us,128,armored all might,mha09-001,Armor Might,earth,2-5-0,2,5,0,2-5-0,2,5,0,0,1,64,10
2026-09-19_atlanta-ga-us#129,2026-09-19_atlanta-ga-us,129,paul phoenix,tk801-043,Dek,order,1-2-2,1,2,2,1-2-2,1,2,2,0,1,65,0
2026-09-19_atlanta-ga-us#130,2026-09-19_atlanta-ga-us,130,yoshimitsu,tk802-014,Atlanta Yoshi,good,1-2-1,1,2,1,1-2-1,1,2,1,0,1,70,10
2026-09-19_atlanta-ga-us#131,2026-09-19_atlanta-ga-us,131,armored all might,mha09-001,Metal Might,good,1-2-1,1,2,1,1-2-1,1,2,1,0,1,70,10
2026-09-19_atlanta-ga-us#132,2026-09-19_atlanta-ga-us,132,yoshimitsu,tk802-014,Yoshi-Man,void,1-3-1,1,3,1,1-3-1,1,3,1,0,1,61,10
2026-09-19_atlanta-ga-us#133,2026-09-19_atlanta-ga-us,133,kazuya mishima,tk802-007,Malik’s Kazuma,evil,1-3-1,1,3,1,1-3-1,1,3,1,0,1,73,10
2026-09-19_atlanta-ga-us#134,2026-09-19_atlanta-ga-us,134,alisa bosconovitch,tk802-001,Seizures n Legos,good,0-3-0 +1 bye,,,,0-3-0,0,3,0,0,1,64,10
2026-09-19_atlanta-ga-us#135,2026-09-19_atlanta-ga-us,135,reina,tk802-011,Im smoking pack so pressure im rolling up coal and exhaling diamonds,air,0-5-0 +1 bye,,,,0-5-0,0,5,0,0,1,65,10
2026-09-19_atlanta-ga-us#136,2026-09-19_atlanta-ga-us,136,"dorian storm, charming minstrel",promo2025-048,Dorian Standard,good,1-2-0,1,2,0,1-2-0,1,2,0,0,1,67,0
2026-09-19_atlanta-ga-us#137,2026-09-19_atlanta-ga-us,137,"mikasa ackerman, hizuru’s hope",aot03-010,Atl reg,air,1-3-0,1,3,0,1-3-0,1,3,0,0,1,79,10
2026-09-19_atlanta-ga-us#138,2026-09-19_atlanta-ga-us,138,"izuku midoriya, deku",mha09-002,Deku,air,0-5-0 +1 bye,,,,0-5-0,0,5,0,0,1,65,10
2026-09-19_atlanta-ga-us#139,2026-09-19_atlanta-ga-us,139,king,tk802-008,New Deck,earth,1-2-0,1,2,0,1-2-0,1,2,0,0,1,60,0
2026-09-19_atlanta-ga-us#140,2026-09-19_atlanta-ga-us,140,armored all might,mha09-001,Armored Good Might,good,1-4-0,1,4,0,1-4-0,1,4,0,0,1,68,10
2026-09-19_atlanta-ga-us#141,2026-09-19_atlanta-ga-us,141,i-no,ggs01-003,I-no u-no,void,0-7-0 +1 bye,,,,0-7-0,0,7,0,0,1,67,10
2026-09-19_atlanta-ga-us#142,2026-09-19_atlanta-ga-us,142,"izuku midoriya, deku",mha09-002,R4 Regional Main Event Perry S Deck Submission,good,1-4-0,1,4,0,1-4-0,1,4,0,0,1,77,10
2026-09-19_atlanta-ga-us#143,2026-09-19_atlanta-ga-us,143,"battra, beast of destruction",gdz01-002,Badtra,void,1-2-0,1,2,0,1-2-0,1,2,0,0,1,63,10
2026-09-19_atlanta-ga-us#144,2026-09-19_atlanta-ga-us,144,,,Ryan L's Deck,,0-0-0 +1 bye,,,,,,,,0,0,0,0
2026-09-19_atlanta-ga-us#145,2026-09-19_atlanta-ga-us,145,,,Matthew B's Deck,,0-0-0 +1 bye,,,,,,,,0,0,0,0
2026-09-19_atlanta-ga-us#146,2026-09-19_atlanta-ga-us,146,,,,,,,,,,,,,0,0,0,0
2026-09-19_atlanta-ga-us#147,2026-09-19_atlanta-ga-us,147,bridget,ggs01-001,Bridge-,water,0-2-1,0,2,1,0-2-1,0,2,1,0,1,64,10
2026-09-19_atlanta-ga-us#148,2026-09-19_atlanta-ga-us,148,nagoriyuki,ggs01-006,R4 Regional Main Event Demetrius T Deck Submission,order,0-3-1,0,3,1,0-3-1,0,3,1,0,1,65,10
2026-09-19_atlanta-ga-us#149,2026-09-19_atlanta-ga-us,149,armored all might,mha09-001,Car Might,good,0-3-0,0,3,0,0-3-0,0,3,0,0,1,60,10
2024-03-16_s1-webcam-regional#1,2024-03-16_s1-webcam-regional,1,tsuyu asui (iii),mha06-136,Tamren Cardwell Deck,water,5-1-1,5,1,1,8-1-1,8,1,1,1,1,66,10
2024-03-16_s1-webcam-regional#2,2024-03-16_s1-webcam-regional,2,younger toguro,yyhdt-127,YOUNGER TOGURO UNLEASHED,death,5-1-1,5,1,1,7-2-1,7,2,1,1,1,60,10
2024-03-16_s1-webcam-regional#3,2024-03-16_s1-webcam-regional,3,younger toguro,yyhdt-127,Buff Man,death,6-0-1,6,0,1,8-1-1,8,1,1,1,1,60,10
2024-03-16_s1-webcam-regional#4,2024-03-16_s1-webcam-regional,4,tomura shigaraki (iii),mha04-091,showdown not in my sleeve,death,5-1-1,5,1,1,6-3-1,6,3,1,1,1,69,10
2024-03-16_s1-webcam-regional#5,2024-03-16_s1-webcam-regional,5,katsuki bakugo (iv),mha06-100,Best angry boy in the room,void,5-0-2,5,0,2,5-1-2,5,1,2,1,1,63,10
2024-03-16_s1-webcam-regional#6,2024-03-16_s1-webcam-regional,6,mina ashido (ii),mha02-037,Ben Lambright Deck,death,5-1-1,5,1,1,5-2-1,5,2,1,1,1,60,10
2024-03-16_s1-webcam-regional#7,2024-03-16_s1-webcam-regional,7,vash the stampede,ts01-001,Vash's day out,all,5-1-1,5,1,1,5-2-1,5,2,1,1,1,60,10
2024-03-16_s1-webcam-regional#8,2024-03-16_s1-webcam-regional,8,mirio togata (i),mha05-001,CHAOS MIRIO ('24 Q1 WEBCAM),chaos,5-1-1,5,1,1,5-2-1,5,2,1,1,1,60,10
2024-03-16_s1-webcam-regional#9,2024-03-16_s1-webcam-regional,9,overhaul (i),mha05-019,Overhaul Webcam #1 2024,life,5-1-1,5,1,1,5-1-1,5,1,1,0,1,68,10
2024-03-16_s1-webcam-regional#10,2024-03-16_s1-webcam-regional,10,minoru mineta (ii),mha02-094,Mineta Jail,death,5-2-0,5,2,0,5-2-0,5,2,0,0,1,71,10
2024-03-16_s1-webcam-regional#11,2024-03-16_s1-webcam-regional,11,mirio togata (i),mha05-001,Wolf Smash,chaos,4-0-3,4,0,3,4-0-3,4,0,3,0,1,65,10
2024-03-16_s1-webcam-regional#12,2024-03-16_s1-webcam-regional,12,endeavor (iii),mha06-055,Richard Mitchell Deck,earth,5-2-0,5,2,0,5-2-0,5,2,0,0,1,66,10
2024-03-16_s1-webcam-regional#13,2024-03-16_s1-webcam-regional,13,"hiei, dragon within",yyhdt-037,Evil Hiei,evil,5-2-0,5,2,0,5-2-0,5,2,0,0,1,63,10
2024-03-16_s1-webcam-regional#14,2024-03-16_s1-webcam-regional,14,kamui woods (ii),mha06-148,Jorge Zhang Kamui Woods 2,life,4-1-2,4,1,2,4-1-2,4,1,2,0,1,75,10
2024-03-16_s1-webcam-regional#15,2024-03-16_s1-webcam-regional,15,minoru mineta (ii),mha02-094,Mineta,water,4-1-2,4,1,2,4-1-2,4,1,2,0,1,78,0
2024-03-16_s1-webcam-regional#16,2024-03-16_s1-webcam-regional,16,koji koda (i),mha03-037,Mr Koda Rides Again,good,4-2-1,4,2,1,4-2-1,4,2,1,0,1,64,10
2024-03-16_s1-webcam-regional#17,2024-03-16_s1-webcam-regional,17,camie utsushimi (i),mha06-145,camie,death,4-2-1,4,2,1,4-2-1,4,2,1,0,1,66,10
2024-03-16_s1-webcam-regional#18,2024-03-16_s1-webcam-regional,18,younger toguro,yyhdt-127,YoungerToguro1Death Webcam Regional,death,4-2-1,4,2,1,4-2-1,4,2,1,0,1,62,10
2024-03-16_s1-webcam-regional#19,2024-03-16_s1-webcam-regional,19,byakko,yyhdt-162,Byakko Earth,earth,4-2-1,4,2,1,4-2-1,4,2,1,0,1,68,10
2024-03-16_s1-webcam-regional#20,2024-03-16_s1-webcam-regional,20,younger toguro,yyhdt-127,"Young Man, There's No Need To Feel Down, I Said Young Man",death,4-2-1,4,2,1,4-2-1,4,2,1,0,1,64,10
2024-03-16_s1-webcam-regional#21,2024-03-16_s1-webcam-regional,21,tamaki amajiki (i),mha05-091,Amajiki,chaos,4-2-1,4,2,1,4-2-1,4,2,1,0,1,68,10
2024-03-16_s1-webcam-regional#22,2024-03-16_s1-webcam-regional,22,nicholas d. wolfwood,ts01-002,Logan McCann Fire Wolfwood,fire,4-2-1,4,2,1,4-2-1,4,2,1,0,1,65,10
2024-03-16_s1-webcam-regional#23,2024-03-16_s1-webcam-regional,23,younger toguro,yyhdt-127,Crouching Tiger Hidden Showdown,death,4-2-1,4,2,1,4-2-1,4,2,1,0,1,66,10
2024-03-16_s1-webcam-regional#24,2024-03-16_s1-webcam-regional,24,tamaki amajiki (i),mha05-091,Benjamin Heins Deck,chaos,4-3-0,4,3,0,4-3-0,4,3,0,0,1,63,10
2024-03-16_s1-webcam-regional#25,2024-03-16_s1-webcam-regional,25,"faye, queen of hearts",cb02-002,Water Faye,water,4-3-0,4,3,0,4-3-0,4,3,0,0,1,67,10
2024-03-16_s1-webcam-regional#26,2024-03-16_s1-webcam-regional,26,fourth kind (i),mha02-200,Cameron Undergust Deck,order,4-3-0,4,3,0,4-3-0,4,3,0,0,1,65,10
2024-03-16_s1-webcam-regional#27,2024-03-16_s1-webcam-regional,27,ryukyu,mha07-102,Blue-Eyes White Dragon,earth,4-3-0,4,3,0,4-3-0,4,3,0,0,1,60,10
2024-03-16_s1-webcam-regional#28,2024-03-16_s1-webcam-regional,28,vash the stampede,ts01-001,Call your name,all,4-3-0,4,3,0,4-3-0,4,3,0,0,1,60,10
2024-03-16_s1-webcam-regional#29,2024-03-16_s1-webcam-regional,29,endeavor (iii),mha06-055,24 season 1 Regional,fire,4-3-0,4,3,0,4-3-0,4,3,0,0,1,65,10
2024-03-16_s1-webcam-regional#30,2024-03-16_s1-webcam-regional,30,himiko toga (iii),mha06-001,Gavin Hannan Deck,life,4-3-0,4,3,0,4-3-0,4,3,0,0,1,62,10
2024-03-16_s1-webcam-regional#31,2024-03-16_s1-webcam-regional,31,twice (i),mha04-100,Good Twice,good,3-2-2,3,2,2,3-2-2,3,2,2,0,1,63,10
2024-03-16_s1-webcam-regional#32,2024-03-16_s1-webcam-regional,32,jin,yyhdt-046,Luke Quinsee Deck,void,3-1-2,3,1,2,3-1-2,3,1,2,0,1,80,10
2024-03-16_s1-webcam-regional#33,2024-03-16_s1-webcam-regional,33,chu,yyhdt-010,CHU Stuns The Earth,earth,3-2-2,3,2,2,3-2-2,3,2,2,0,1,62,10
2024-03-16_s1-webcam-regional#34,2024-03-16_s1-webcam-regional,34,genkai,yyhdt-028,Genkai Throws,good,3-2-2,3,2,2,3-2-2,3,2,2,0,1,69,10
2024-03-16_s1-webcam-regional#35,2024-03-16_s1-webcam-regional,35,ochaco uraraka (iv),mha06-019,Ochaco IV,water,3-2-2,3,2,2,3-2-2,3,2,2,0,1,60,10
2024-03-16_s1-webcam-regional#36,2024-03-16_s1-webcam-regional,36,"hiei, dragon within",yyhdt-037,Burning Blade or something idk,fire,3-2-2,3,2,2,3-2-2,3,2,2,0,1,66,10
2024-03-16_s1-webcam-regional#37,2024-03-16_s1-webcam-regional,37,"kuwabara, spirited warrior",yyhdt-082,Drawing Conclusions,earth,3-3-1,3,3,1,3-3-1,3,3,1,0,1,60,10
2024-03-16_s1-webcam-regional#38,2024-03-16_s1-webcam-regional,38,himiko toga (iii),mha06-001,Cruel Summer,chaos,3-3-1,3,3,1,3-3-1,3,3,1,0,1,63,10
2024-03-16_s1-webcam-regional#39,2024-03-16_s1-webcam-regional,39,minoru mineta (ii),mha02-094,Scott Weaver Deck,death,3-3-1,3,3,1,3-3-1,3,3,1,0,1,60,10
2024-03-16_s1-webcam-regional#40,2024-03-16_s1-webcam-regional,40,ochaco uraraka (iv),mha06-019,River Cook Deck,earth,3-3-1,3,3,1,3-3-1,3,3,1,0,1,64,10
2024-03-16_s1-webcam-regional#41,2024-03-16_s1-webcam-regional,41,bui,yyhdt-001,Just an Axe and a Dream,earth,3-3-1,3,3,1,3-3-1,3,3,1,0,1,60,10
2024-03-16_s1-webcam-regional#42,2024-03-16_s1-webcam-regional,42,younger toguro,yyhdt-127,Young Jank,death,3-3-1,3,3,1,3-3-1,3,3,1,0,1,70,10
2024-03-16_s1-webcam-regional#43,2024-03-16_s1-webcam-regional,43,himiko toga (iii),mha06-001,Himiko III Chaos V4,chaos,2-1-4,2,1,4,2-1-4,2,1,4,0,1,73,10
2024-03-16_s1-webcam-regional#44,2024-03-16_s1-webcam-regional,44,tsuyu asui (iii),mha06-136,Nicholas Acklin Deck,water,3-2-0,3,2,0,3-2-0,3,2,0,0,1,65,10
2024-03-16_s1-webcam-regional#45,2024-03-16_s1-webcam-regional,45,cementos (i),mha02-202,Cementos Air,air,3-4-0,3,4,0,3-4-0,3,4,0,0,1,60,10
2024-03-16_s1-webcam-regional#46,2024-03-16_s1-webcam-regional,46,ochaco uraraka (iv),mha06-019,Ochaco .IV (Water),water,3-4-0,3,4,0,3-4-0,3,4,0,0,1,60,10
2024-03-16_s1-webcam-regional#47,2024-03-16_s1-webcam-regional,47,"faye, queen of hearts",cb02-002,Kristopher Fischer Deck,life,3-2-0,3,2,0,3-2-0,3,2,0,0,1,63,10
2024-03-16_s1-webcam-regional#48,2024-03-16_s1-webcam-regional,48,jin,yyhdt-046,Tempest,air,3-4-0,3,4,0,3-4-0,3,4,0,0,1,70,10
2024-03-16_s1-webcam-regional#49,2024-03-16_s1-webcam-regional,49,jin,yyhdt-046,Colby Cram Deck,void,3-1-0,3,1,0,3-1-0,3,1,0,0,1,60,10
2024-03-16_s1-webcam-regional#50,2024-03-16_s1-webcam-regional,50,"yusuke, team leader",yyhdt-136,Yusuke - All,all,3-4-0,3,4,0,3-4-0,3,4,0,0,1,63,10
2024-03-16_s1-webcam-regional#51,2024-03-16_s1-webcam-regional,51,byakko,yyhdt-162,Nakoa Dial Deck,earth,3-3-0,3,3,0,3-3-0,3,3,0,0,1,67,10
2024-03-16_s1-webcam-regional#52,2024-03-16_s1-webcam-regional,52,endeavor (iii),mha06-055,Endeavor With a Glock,fire,2-3-2,2,3,2,2-3-2,2,3,2,0,1,62,10
2024-03-16_s1-webcam-regional#53,2024-03-16_s1-webcam-regional,53,izuku midoriya (v),mha06-091,deku v all,all,1-3-2 +1 bye,,,,1-3-2,1,3,2,0,1,61,0
2024-03-16_s1-webcam-regional#54,2024-03-16_s1-webcam-regional,54,koji koda (i),mha03-037,Henry Clark Deck,life,2-2-1,2,2,1,2-2-1,2,2,1,0,1,60,10
2024-03-16_s1-webcam-regional#55,2024-03-16_s1-webcam-regional,55,himiko toga (iii),mha06-001,Chaotic Slice,chaos,2-2-1,2,2,1,2-2-1,2,2,1,0,1,64,0
2024-03-16_s1-webcam-regional#56,2024-03-16_s1-webcam-regional,56,nicholas d. wolfwood,ts01-002,wolfwood469 of death,death,2-4-1,2,4,1,2-4-1,2,4,1,0,1,70,10
2024-03-16_s1-webcam-regional#57,2024-03-16_s1-webcam-regional,57,jin,yyhdt-046,Void Jin,void,2-4-1,2,4,1,2-4-1,2,4,1,0,1,65,10
2024-03-16_s1-webcam-regional#58,2024-03-16_s1-webcam-regional,58,shoto todoroki (iii),mha04-223,FroSHono,water,2-2-1,2,2,1,2-2-1,2,2,1,0,1,62,10
2024-03-16_s1-webcam-regional#59,2024-03-16_s1-webcam-regional,59,nicholas d. wolfwood,ts01-002,Wolfwood - Fire,fire,2-4-1,2,4,1,2-4-1,2,4,1,0,1,64,0
2024-03-16_s1-webcam-regional#60,2024-03-16_s1-webcam-regional,60,himiko toga (iii),mha06-001,Kandise Washburn Deck,death,1-2-4,1,2,4,1-2-4,1,2,4,0,1,80,10
2024-03-16_s1-webcam-regional#61,2024-03-16_s1-webcam-regional,61,kuro momotaro,yyhdt-073,Grayson Timmerman Deck,chaos,2-2-1,2,2,1,2-2-1,2,2,1,0,1,67,10
2024-03-16_s1-webcam-regional#62,2024-03-16_s1-webcam-regional,62,elder toguro,yyhdt-019,Elder Webcam Deck,evil,2-2-0,2,2,0,2-2-0,2,2,0,0,1,80,10
2024-03-16_s1-webcam-regional#63,2024-03-16_s1-webcam-regional,63,younger toguro,yyhdt-127,riley burgoon Deck,death,2-4-0,2,4,0,2-4-0,2,4,0,0,1,65,10
2024-03-16_s1-webcam-regional#64,2024-03-16_s1-webcam-regional,64,endeavor (iii),mha06-055,Buff Fire Husband,earth,2-3-0,2,3,0,2-3-0,2,3,0,0,1,67,10
2024-03-16_s1-webcam-regional#65,2024-03-16_s1-webcam-regional,65,fourth kind (i),mha02-200,Fourth Kind's Doggie Daycare,order,2-3-0,2,3,0,2-3-0,2,3,0,0,1,61,10
2024-03-16_s1-webcam-regional#66,2024-03-16_s1-webcam-regional,66,best jeanist (i),mha06-037,YT ... in the Coffee,all,1-3-0 +1 bye,,,,1-3-0,1,3,0,0,1,61,10
2024-03-16_s1-webcam-regional#67,2024-03-16_s1-webcam-regional,67,mt. lady (ii),mha07-064,Gavin Folsom Deck,earth,2-2-0,2,2,0,2-2-0,2,2,0,0,1,60,10
2024-03-16_s1-webcam-regional#68,2024-03-16_s1-webcam-regional,68,endeavor (iii),mha06-055,Endeavor III (Earth),earth,0-3-3 +1 bye,,,,0-3-3,0,3,3,0,1,60,10
2024-03-16_s1-webcam-regional#69,2024-03-16_s1-webcam-regional,69,ryukyu,mha07-102,Ryukyu,life,1-3-2,1,3,2,1-3-2,1,3,2,0,1,67,10
2024-03-16_s1-webcam-regional#70,2024-03-16_s1-webcam-regional,70,elder toguro,yyhdt-019,Keith Sliverstein 2,life,1-2-1,1,2,1,1-2-1,1,2,1,0,1,65,10
2024-03-16_s1-webcam-regional#71,2024-03-16_s1-webcam-regional,71,katsuki bakugo (iv),mha06-100,B4 Death Discard,death,1-3-1,1,3,1,1-3-1,1,3,1,0,1,65,10
2024-03-16_s1-webcam-regional#72,2024-03-16_s1-webcam-regional,72,shoto todoroki (ii),mha02-055,"1 order of Zeru's Flames, Coming up!",fire,1-2-1,1,2,1,1-2-1,1,2,1,0,1,69,10
2024-03-16_s1-webcam-regional#73,2024-03-16_s1-webcam-regional,73,himiko toga (iii),mha06-001,Toga 3 death,death,1-3-0,1,3,0,1-3-0,1,3,0,0,1,66,10
2024-03-16_s1-webcam-regional#74,2024-03-16_s1-webcam-regional,74,younger toguro,yyhdt-127,“Bro mum said it’s my turn on the meta” ( budget ),all,1-1-0,1,1,0,1-1-0,1,1,0,0,1,62,0
2024-03-16_s1-webcam-regional#75,2024-03-16_s1-webcam-regional,75,endeavor (iii),mha06-055,Greg Moss Deck,order,1-2-0,1,2,0,1-2-0,1,2,0,0,1,62,10
2024-03-16_s1-webcam-regional#76,2024-03-16_s1-webcam-regional,76,toya setsuno (i),mha05-118,Behold the power of Yoink,evil,1-3-0,1,3,0,1-3-0,1,3,0,0,1,60,10
2024-03-16_s1-webcam-regional#77,2024-03-16_s1-webcam-regional,77,bubble girl,mha05-240,Good Bubble Girl,good,1-3-0,1,3,0,1-3-0,1,3,0,0,1,61,10
2024-03-16_s1-webcam-regional#78,2024-03-16_s1-webcam-regional,78,mina ashido (ii),mha02-037,Mina 2 Scuffed,death,1-3-0,1,3,0,1-3-0,1,3,0,0,1,60,10
2024-03-16_s1-webcam-regional#79,2024-03-16_s1-webcam-regional,79,ochaco uraraka (iv),mha06-019,Water ochaco,water,1-3-0,1,3,0,1-3-0,1,3,0,0,1,60,0
2024-03-16_s1-webcam-regional#80,2024-03-16_s1-webcam-regional,80,jin,yyhdt-046,JIN VOID,void,1-3-0,1,3,0,1-3-0,1,3,0,0,1,68,0
2024-03-16_s1-webcam-regional#81,2024-03-16_s1-webcam-regional,81,himiko toga (iii),mha06-001,TogaIII - Death,death,1-3-0,1,3,0,1-3-0,1,3,0,0,1,64,10
2024-03-16_s1-webcam-regional#82,2024-03-16_s1-webcam-regional,82,kendo rappa (i),mha05-064,Rappa Fire,fire,1-2-0,1,2,0,1-2-0,1,2,0,0,1,60,0
2024-03-16_s1-webcam-regional#83,2024-03-16_s1-webcam-regional,83,"spike, bounty hunter",cb02-001,Harrison Ramirez Deck,life,1-3-0,1,3,0,1-3-0,1,3,0,0,1,61,10
2024-03-16_s1-webcam-regional#84,2024-03-16_s1-webcam-regional,84,kyoka jiro (ii),mha06-109,Jerrid Ramirez Deck,water,1-4-0,1,4,0,1-4-0,1,4,0,0,1,65,10
2024-03-16_s1-webcam-regional#85,2024-03-16_s1-webcam-regional,85,nezu (i),mha03-200,SGS Nezu,order,0-3-0 +1 bye,,,,0-3-0,0,3,0,0,1,60,10
2024-03-16_s1-webcam-regional#86,2024-03-16_s1-webcam-regional,86,"spike, bounty hunter",cb02-001,Life Spike good stuff,life,1-2-0,1,2,0,1-2-0,1,2,0,0,1,60,10
2024-03-16_s1-webcam-regional#87,2024-03-16_s1-webcam-regional,87,endeavor (iii),mha06-055,heroes will always clash,fire,1-3-0,1,3,0,1-3-0,1,3,0,0,1,63,10
2024-03-16_s1-webcam-regional#88,2024-03-16_s1-webcam-regional,88,endeavor (iii),mha06-055,Endeavor,fire,1-3-0,1,3,0,1-3-0,1,3,0,0,1,60,0
2024-03-16_s1-webcam-regional#89,2024-03-16_s1-webcam-regional,89,bui,yyhdt-001,See you Space Bui,water,0-1-3,0,1,3,0-1-3,0,1,3,0,1,60,10
2024-03-16_s1-webcam-regional#90,2024-03-16_s1-webcam-regional,90,ryukyu,mha07-102,Dragon Mommy,all,1-2-0,1,2,0,1-2-0,1,2,0,0,1,60,10
2024-03-16_s1-webcam-regional#91,2024-03-16_s1-webcam-regional,91,katsuki bakugo (iv),mha06-100,Bakugo 4 Standard,death,1-2-0,1,2,0,1-2-0,1,2,0,0,1,60,10
2024-03-16_s1-webcam-regional#92,2024-03-16_s1-webcam-regional,92,genkai,yyhdt-028,Genkai-All | Webcam Regional 2024,all,0-0-2,0,0,2,0-0-2,0,0,2,0,1,60,10
2024-03-16_s1-webcam-regional#93,2024-03-16_s1-webcam-regional,93,koji koda (i),mha03-037,Oh no he's talking to the animals again,good,0-2-1,0,2,1,0-2-1,0,2,1,0,1,62,10
2024-03-16_s1-webcam-regional#94,2024-03-16_s1-webcam-regional,94,byakko,yyhdt-162,Earth Kitty Cat,earth,0-3-0,0,3,0,0-3-0,0,3,0,0,1,72,10
2024-03-16_s1-webcam-regional#95,2024-03-16_s1-webcam-regional,95,overhaul (i),mha05-019,Webcam Regional Overhaul,life,0-2-0,0,2,0,0-2-0,0,2,0,0,1,65,10
2024-03-16_s1-webcam-regional#96,2024-03-16_s1-webcam-regional,96,himiko toga (iii),mha06-001,Toga 3 Chaos Webcam,chaos,0-3-0,0,3,0,0-3-0,0,3,0,0,1,66,10
2024-03-16_s1-webcam-regional#97,2024-03-16_s1-webcam-regional,97,izuku midoriya (v),mha06-091,All DekuV,all,0-3-0,0,3,0,0-3-0,0,3,0,0,1,71,10
2024-03-16_s1-webcam-regional#98,2024-03-16_s1-webcam-regional,98,himiko toga (iii),mha06-001,Dillon Bauman Deck,chaos,0-1-0,0,1,0,0-1-0,0,1,0,0,1,62,10
2024-03-16_s1-webcam-regional#99,2024-03-16_s1-webcam-regional,99,mt. lady (ii),mha07-064,Dakota Simmons Deck,earth,0-3-0,0,3,0,0-3-0,0,3,0,0,1,60,10
2024-03-16_s1-webcam-regional#100,2024-03-16_s1-webcam-regional,100,mirko (i),mha06-200,Mirko [Death],death,0-3-0,0,3,0,0-3-0,0,3,0,0,1,60,10
2024-03-16_s1-webcam-regional#101,2024-03-16_s1-webcam-regional,101,mirio togata (i),mha05-001,Mirio (Chaos) March '24,chaos,0-3-0,0,3,0,0-3-0,0,3,0,0,1,62,10
2024-03-16_s1-webcam-regional#102,2024-03-16_s1-webcam-regional,102,byakko,yyhdt-162,Thomas Swafford Deck,earth,0-3-0,0,3,0,0-3-0,0,3,0,0,1,67,10
2024-03-16_s1-webcam-regional#103,2024-03-16_s1-webcam-regional,103,kamui woods (ii),mha06-148,Woods,earth,0-3-0,0,3,0,0-3-0,0,3,0,0,1,62,0
2024-03-16_s1-webcam-regional#104,2024-03-16_s1-webcam-regional,104,suzuki,yyhdt-109,Great Milenko,all,0-3-0,0,3,0,0-3-0,0,3,0,0,1,69,0
2024-04-12_s1-oce-major-regional#1,2024-04-12_s1-oce-major-regional,1,younger toguro,yyhdt-127,Nz Regional,death,3-0-1,3,0,1,5-0-1,5,0,1,1,1,66,10
2024-04-12_s1-oce-major-regional#2,2024-04-12_s1-oce-major-regional,2,younger toguro,yyhdt-127,Uhyoung Choi Deck,death,3-1-0,3,1,0,4-2-0,4,2,0,1,1,60,10
2024-04-12_s1-oce-major-regional#3,2024-04-12_s1-oce-major-regional,3,younger toguro,yyhdt-127,YT,death,3-1-0,3,1,0,3-2-0,3,2,0,1,1,67,10
2024-04-12_s1-oce-major-regional#4,2024-04-12_s1-oce-major-regional,4,byakko,yyhdt-162,Byakkthrow,earth,2-0-2,2,0,2,2-1-2,2,1,2,1,1,92,10
2024-04-12_s1-oce-major-regional#5,2024-04-12_s1-oce-major-regional,5,younger toguro,yyhdt-127,Adrienne Morales Deck,death,2-1-1,2,1,1,2-1-1,2,1,1,0,1,60,10
2024-04-12_s1-oce-major-regional#6,2024-04-12_s1-oce-major-regional,6,nicholas d. wolfwood,ts01-002,Wolfwood Fire Regionals April 13,fire,2-2-0,2,2,0,2-2-0,2,2,0,0,1,76,10
2024-04-12_s1-oce-major-regional#7,2024-04-12_s1-oce-major-regional,7,himiko toga (iii),mha06-001,Shuck Shuck Shuck,chaos,2-2-0,2,2,0,2-2-0,2,2,0,0,1,60,10
2024-04-12_s1-oce-major-regional#8,2024-04-12_s1-oce-major-regional,8,jin,yyhdt-046,LifeJin,life,2-2-0,2,2,0,2-2-0,2,2,0,0,1,72,10
2024-04-12_s1-oce-major-regional#9,2024-04-12_s1-oce-major-regional,9,kendo rappa (i),mha05-064,Mama said Knouk you out Deck  oce rle,fire,2-2-0,2,2,0,2-2-0,2,2,0,0,1,60,10
2024-04-12_s1-oce-major-regional#10,2024-04-12_s1-oce-major-regional,10,endeavor (iii),mha06-055,Endeavour iii. Fire Deck OCE RLE,fire,2-2-0,2,2,0,2-2-0,2,2,0,0,1,61,10
2024-04-12_s1-oce-major-regional#11,2024-04-12_s1-oce-major-regional,11,endeavor (iii),mha06-055,Alice Lovkyne Deck,fire,1-3-0,1,3,0,1-3-0,1,3,0,0,1,82,0
2024-04-12_s1-oce-major-regional#12,2024-04-12_s1-oce-major-regional,12,himiko toga (iii),mha06-001,Kevin Kim Deck,chaos,1-3-0,1,3,0,1-3-0,1,3,0,0,1,60,10
2024-04-12_s1-oce-major-regional#13,2024-04-12_s1-oce-major-regional,13,botan,yyhdt-161,Ruben Krueger Deck,order,0-3-1,0,3,1,0-3-1,0,3,1,0,1,65,10
2024-04-12_s1-oce-major-regional#14,2024-04-12_s1-oce-major-regional,14,himiko toga (iii),mha06-001,Jonathon Webster Deck,life,0-3-1,0,3,1,0-3-1,0,3,1,0,1,61,0
2024-04-20_s1-eu-major-regional#1,2024-04-20_s1-eu-major-regional,1,younger toguro,yyhdt-127,Younger Toguro,death,4-1-1,4,1,1,7-1-1,7,1,1,1,1,62,10
2024-04-20_s1-eu-major-regional#2,2024-04-20_s1-eu-major-regional,2,younger toguro,yyhdt-127,Benjamin Motin Deck,death,4-1-1,4,1,1,6-2-1,6,2,1,1,1,67,10
2024-04-20_s1-eu-major-regional#3,2024-04-20_s1-eu-major-regional,3,tamaki amajiki (i),mha05-091,My Tentacle Friend,chaos,5-0-1,5,0,1,6-1-1,6,1,1,1,1,66,10
2024-04-20_s1-eu-major-regional#4,2024-04-20_s1-eu-major-regional,4,ryukyu,mha07-102,Declan Savage Deck,all,4-1-1,4,1,1,5-2-1,5,2,1,1,1,60,10
2024-04-20_s1-eu-major-regional#5,2024-04-20_s1-eu-major-regional,5,overhaul (i),mha05-019,Nathan James Deck,earth,4-1-1,4,1,1,4-2-1,4,2,1,1,1,60,10
2024-04-20_s1-eu-major-regional#6,2024-04-20_s1-eu-major-regional,6,younger toguro,yyhdt-127,Universus.cards is still the better deck builder,death,4-1-1,4,1,1,4-2-1,4,2,1,1,1,65,10
2024-04-20_s1-eu-major-regional#7,2024-04-20_s1-eu-major-regional,7,mimic (i),mha05-114,Kyle Roc Deck,chaos,4-1-1,4,1,1,4-2-1,4,2,1,1,1,60,10
2024-04-20_s1-eu-major-regional#8,2024-04-20_s1-eu-major-regional,8,younger toguro,yyhdt-127,Dabi 1 but Smoother,death,4-2-0,4,2,0,4-3-0,4,3,0,1,1,60,10
2024-04-20_s1-eu-major-regional#9,2024-04-20_s1-eu-major-regional,9,younger toguro,yyhdt-127,“Bro mum said it’s my turn on the meta”,all,4-2-0,4,2,0,4-2-0,4,2,0,0,1,63,10
2024-04-20_s1-eu-major-regional#10,2024-04-20_s1-eu-major-regional,10,ochaco uraraka (iv),mha06-019,Water Ochaco 4,water,4-2-0,4,2,0,4-2-0,4,2,0,0,1,63,10
2024-04-20_s1-eu-major-regional#11,2024-04-20_s1-eu-major-regional,11,tamaki amajiki (i),mha05-091,amajiki,chaos,4-2-0,4,2,0,4-2-0,4,2,0,0,1,66,10
2024-04-20_s1-eu-major-regional#12,2024-04-20_s1-eu-major-regional,12,himiko toga (iii),mha06-001,Enrique Real Perdomo Deck,life,4-2-0,4,2,0,4-2-0,4,2,0,0,1,60,0
2024-04-20_s1-eu-major-regional#13,2024-04-20_s1-eu-major-regional,13,younger toguro,yyhdt-127,Michael Mcewan Deck,death,3-2-1,3,2,1,3-2-1,3,2,1,0,1,65,10
2024-04-20_s1-eu-major-regional#14,2024-04-20_s1-eu-major-regional,14,nezu (i),mha03-200,David Hancock Deck,order,3-2-1,3,2,1,3-2-1,3,2,1,0,1,69,10
2024-04-20_s1-eu-major-regional#15,2024-04-20_s1-eu-major-regional,15,mina ashido (ii),mha02-037,Leo Savage Deck,death,3-2-1,3,2,1,3-2-1,3,2,1,0,1,60,10
2024-04-20_s1-eu-major-regional#16,2024-04-20_s1-eu-major-regional,16,karasu,yyhdt-055,Karasu Death,death,3-3-0,3,3,0,3-3-0,3,3,0,0,1,63,10
2024-04-20_s1-eu-major-regional#17,2024-04-20_s1-eu-major-regional,17,mirio togata (i),mha05-001,Greg Moss RLE 1 Deck,chaos,3-3-0,3,3,0,3-3-0,3,3,0,0,1,64,10
2024-04-20_s1-eu-major-regional#18,2024-04-20_s1-eu-major-regional,18,younger toguro,yyhdt-127,Big Dave,death,3-3-0,3,3,0,3-3-0,3,3,0,0,1,62,10
2024-04-20_s1-eu-major-regional#19,2024-04-20_s1-eu-major-regional,19,tamaki amajiki (i),mha05-091,Michael riley Deck,chaos,3-3-0,3,3,0,3-3-0,3,3,0,0,1,67,10
2024-04-20_s1-eu-major-regional#20,2024-04-20_s1-eu-major-regional,20,endeavor (iii),mha06-055,Fire Endeavor,fire,3-3-0,3,3,0,3-3-0,3,3,0,0,1,60,10
2024-04-20_s1-eu-major-regional#21,2024-04-20_s1-eu-major-regional,21,endeavor (iii),mha06-055,Andrew Daniels Deck,fire,3-3-0,3,3,0,3-3-0,3,3,0,0,1,61,10
2024-04-20_s1-eu-major-regional#22,2024-04-20_s1-eu-major-regional,22,genkai,yyhdt-028,Emma Gillespie Deck,all,2-1-3,2,1,3,2-1-3,2,1,3,0,1,69,10
2024-04-20_s1-eu-major-regional#23,2024-04-20_s1-eu-major-regional,23,shin nemoto (i),mha05-116,ShinJin - I don't need to compensate with a BMW char!,air,3-3-0,3,3,0,3-3-0,3,3,0,0,1,70,10
2024-04-20_s1-eu-major-regional#24,2024-04-20_s1-eu-major-regional,24,mt. lady (ii),mha07-064,Grant Padley Deck,earth,2-1-3,2,1,3,2-1-3,2,1,3,0,1,60,10
2024-04-20_s1-eu-major-regional#25,2024-04-20_s1-eu-major-regional,25,tamaki amajiki (i),mha05-091,Dan Austin Deck,chaos,2-1-3,2,1,3,2-1-3,2,1,3,0,1,70,10
2024-04-20_s1-eu-major-regional#26,2024-04-20_s1-eu-major-regional,26,tamaki amajiki (i),mha05-091,Fish Things,chaos,2-1-3,2,1,3,2-1-3,2,1,3,0,1,74,10
2024-04-20_s1-eu-major-regional#27,2024-04-20_s1-eu-major-regional,27,younger toguro,yyhdt-127,Marcus Nugent Deck,death,2-2-2,2,2,2,2-2-2,2,2,2,0,1,73,10
2024-04-20_s1-eu-major-regional#28,2024-04-20_s1-eu-major-regional,28,himiko toga (iii),mha06-001,Vampire's Kiss,life,2-3-1,2,3,1,2-3-1,2,3,1,0,1,70,10
2024-04-20_s1-eu-major-regional#29,2024-04-20_s1-eu-major-regional,29,vash the stampede,ts01-001,Vash,all,2-3-1,2,3,1,2-3-1,2,3,1,0,1,60,10
2024-04-20_s1-eu-major-regional#30,2024-04-20_s1-eu-major-regional,30,mt. lady (ii),mha07-064,mt lady,chaos,2-4-0,2,4,0,2-4-0,2,4,0,0,1,61,10
2024-04-20_s1-eu-major-regional#31,2024-04-20_s1-eu-major-regional,31,mina ashido (ii),mha02-037,Deck for R,death,2-4-0,2,4,0,2-4-0,2,4,0,0,1,71,10
2024-04-20_s1-eu-major-regional#32,2024-04-20_s1-eu-major-regional,32,younger toguro,yyhdt-127,My Dad,evil,2-4-0,2,4,0,2-4-0,2,4,0,0,1,60,10
2024-04-20_s1-eu-major-regional#33,2024-04-20_s1-eu-major-regional,33,koji koda (i),mha03-037,PiGeOnS,good,2-4-0,2,4,0,2-4-0,2,4,0,0,1,65,10
2024-04-20_s1-eu-major-regional#34,2024-04-20_s1-eu-major-regional,34,"spike, bounty hunter",cb02-001,Rocco Colagiovanni Deck,water,2-4-0,2,4,0,2-4-0,2,4,0,0,1,63,10
2024-04-20_s1-eu-major-regional#35,2024-04-20_s1-eu-major-regional,35,mirko (i),mha06-200,Mirko 1-2 (Regionals),fire,2-4-0,2,4,0,2-4-0,2,4,0,0,1,66,10
2024-04-20_s1-eu-major-regional#36,2024-04-20_s1-eu-major-regional,36,chu,yyhdt-010,Michael Murray Deck,order,0-4-1 +1 bye,,,,0-4-1,0,4,1,0,1,65,10
2024-04-20_s1-eu-major-regional#37,2024-04-20_s1-eu-major-regional,37,mt. lady (ii),mha07-064,Jamie Morgan Deck,earth,1-4-1,1,4,1,1-4-1,1,4,1,0,1,64,10
2024-04-20_s1-eu-major-regional#38,2024-04-20_s1-eu-major-regional,38,"jester lavorre, prankster priestess",crmn-001,Jester - Life,life,1-4-1,1,4,1,1-4-1,1,4,1,0,1,64,10
2024-04-20_s1-eu-major-regional#39,2024-04-20_s1-eu-major-regional,39,nezu (i),mha03-200,Devil Mouse,chaos,1-4-1,1,4,1,1-4-1,1,4,1,0,1,60,0
2024-04-20_s1-eu-major-regional#40,2024-04-20_s1-eu-major-regional,40,karasu,yyhdt-055,Karasu,death,0-4-1 +1 bye,,,,0-4-1,0,4,1,0,1,80,10
2024-04-20_s1-eu-major-regional#41,2024-04-20_s1-eu-major-regional,41,himiko toga (iii),mha06-001,Death Toga,death,1-5-0,1,5,0,1-5-0,1,5,0,0,1,61,10
2024-04-20_s1-eu-major-regional#42,2024-04-20_s1-eu-major-regional,42,ectoplasm (i),mha02-201,Kieran Chawner Deck,order,0-1-1,0,1,1,0-1-1,0,1,1,0,1,60,0
2024-04-20_s1-eu-major-regional#43,2024-04-20_s1-eu-major-regional,43,tsuyu asui (iii),mha06-136,bouncing frog,water,0-3-1,0,3,1,0-3-1,0,3,1,0,1,67,10
2024-04-20_s1-eu-major-regional#44,2024-04-20_s1-eu-major-regional,44,suzuki,yyhdt-109,Kieran Holden Deck,all,0-1-1,0,1,1,0-1-1,0,1,1,0,1,64,10
2024-04-26_s1-na-major-regional#1,2024-04-26_s1-na-major-regional,1,endeavor (iii),mha06-055,V777,order,5-0-2,5,0,2,8-0-2,8,0,2,1,1,60,10
2024-04-26_s1-na-major-regional#2,2024-04-26_s1-na-major-regional,2,mimic (i),mha05-114,Vegas mimic,chaos,5-1-1,5,1,1,7-2-1,7,2,1,1,1,66,10
2024-04-26_s1-na-major-regional#3,2024-04-26_s1-na-major-regional,3,byakko,yyhdt-162,Cole Hyatt Deck,earth,5-1-1,5,1,1,6-2-1,6,2,1,1,1,72,10
2024-04-26_s1-na-major-regional#4,2024-04-26_s1-na-major-regional,4,tamaki amajiki (i),mha05-091,Dream of the Fisherman's Wife,chaos,5-1-1,5,1,1,6-2-1,6,2,1,1,1,62,10
2024-04-26_s1-na-major-regional#5,2024-04-26_s1-na-major-regional,5,younger toguro,yyhdt-127,Younger Button Collector,death,6-0-1,6,0,1,6-1-1,6,1,1,1,1,63,10
2024-04-26_s1-na-major-regional#6,2024-04-26_s1-na-major-regional,6,younger toguro,yyhdt-127,Thank you yusuke,all,6-1-0,6,1,0,6-2-0,6,2,0,1,1,67,10
2024-04-26_s1-na-major-regional#7,2024-04-26_s1-na-major-regional,7,younger toguro,yyhdt-127,Young Jank,death,5-0-2,5,0,2,5-1-2,5,1,2,1,1,68,10
2024-04-26_s1-na-major-regional#8,2024-04-26_s1-na-major-regional,8,tamaki amajiki (i),mha05-091,Send in the Wolf,chaos,5-1-1,5,1,1,5-2-1,5,2,1,1,1,66,10
2024-04-26_s1-na-major-regional#9,2024-04-26_s1-na-major-regional,9,tamaki amajiki (i),mha05-091,Nathan Dewalt Deck,chaos,5-1-1,5,1,1,5-1-1,5,1,1,0,1,67,10
2024-04-26_s1-na-major-regional#10,2024-04-26_s1-na-major-regional,10,younger toguro,yyhdt-127,Get this lil bro hit,death,5-1-1,5,1,1,5-1-1,5,1,1,0,1,60,10
2024-04-26_s1-na-major-regional#11,2024-04-26_s1-na-major-regional,11,younger toguro,yyhdt-127,Justin Burch Deck,death,5-2-0,5,2,0,5-2-0,5,2,0,0,1,66,10
2024-04-26_s1-na-major-regional#12,2024-04-26_s1-na-major-regional,12,nezu (i),mha03-200,Nicholas Acklin Deck,order,5-2-0,5,2,0,5-2-0,5,2,0,0,1,68,10
2024-04-26_s1-na-major-regional#13,2024-04-26_s1-na-major-regional,13,overhaul (i),mha05-019,Did you know he works for a restaurant?,life,5-2-0,5,2,0,5-2-0,5,2,0,0,1,65,10
2024-04-26_s1-na-major-regional#14,2024-04-26_s1-na-major-regional,14,mina ashido (ii),mha02-037,Ben Lambright Deck,death,5-2-0,5,2,0,5-2-0,5,2,0,0,1,60,10
2024-04-26_s1-na-major-regional#15,2024-04-26_s1-na-major-regional,15,younger toguro,yyhdt-127,Buff Man,death,5-2-0,5,2,0,5-2-0,5,2,0,0,1,60,10
2024-04-26_s1-na-major-regional#16,2024-04-26_s1-na-major-regional,16,jin,yyhdt-046,Jin 2.0,void,5-2-0,5,2,0,5-2-0,5,2,0,0,1,79,10
2024-04-26_s1-na-major-regional#17,2024-04-26_s1-na-major-regional,17,overhaul (i),mha05-019,stop forgetting your password to things also do this earlier than the day of also get your own laptop also...,earth,5-2-0,5,2,0,5-2-0,5,2,0,0,1,65,10
2024-04-26_s1-na-major-regional#18,2024-04-26_s1-na-major-regional,18,younger toguro,yyhdt-127,Toguro,death,4-2-1,4,2,1,4-2-1,4,2,1,0,1,61,10
2024-04-26_s1-na-major-regional#19,2024-04-26_s1-na-major-regional,19,endeavor (iii),mha06-055,Endeavor3 for Vegas,order,4-2-1,4,2,1,4-2-1,4,2,1,0,1,63,10
2024-04-26_s1-na-major-regional#20,2024-04-26_s1-na-major-regional,20,mirio togata (i),mha05-001,Patrick Tombs Deck,air,4-2-1,4,2,1,4-2-1,4,2,1,0,1,60,10
2024-04-26_s1-na-major-regional#21,2024-04-26_s1-na-major-regional,21,jin,yyhdt-046,Void Jin,void,4-2-1,4,2,1,4-2-1,4,2,1,0,1,66,10
2024-04-26_s1-na-major-regional#22,2024-04-26_s1-na-major-regional,22,jin,yyhdt-046,Void Jin,void,4-2-1,4,2,1,4-2-1,4,2,1,0,1,70,10
2024-04-26_s1-na-major-regional#23,2024-04-26_s1-na-major-regional,23,"vex’ahlia, resourceful hunter",crvm-002,Vex'ahlia (Air),air,4-2-1,4,2,1,4-2-1,4,2,1,0,1,68,10
2024-04-26_s1-na-major-regional#24,2024-04-26_s1-na-major-regional,24,mirko (i),mha06-200,Mirko (I - Death),death,4-2-1,4,2,1,4-2-1,4,2,1,0,1,62,10
2024-04-26_s1-na-major-regional#25,2024-04-26_s1-na-major-regional,25,byakko,yyhdt-162,Kellogg's Frosted Flakes®,earth,4-2-1,4,2,1,4-2-1,4,2,1,0,1,70,10
2024-04-26_s1-na-major-regional#26,2024-04-26_s1-na-major-regional,26,younger toguro,yyhdt-127,Younger Toguro Deck,death,4-3-0,4,3,0,4-3-0,4,3,0,0,1,65,10
2024-04-26_s1-na-major-regional#27,2024-04-26_s1-na-major-regional,27,mimic (i),mha05-114,William Anderson III Deck,chaos,4-3-0,4,3,0,4-3-0,4,3,0,0,1,61,10
2024-04-26_s1-na-major-regional#28,2024-04-26_s1-na-major-regional,28,overhaul (i),mha05-019,"Travis ""TNT"" Tangeman is the worst",earth,4-3-0,4,3,0,4-3-0,4,3,0,0,1,65,10
2024-04-26_s1-na-major-regional#29,2024-04-26_s1-na-major-regional,29,tamaki amajiki (i),mha05-091,Chaos OTK,chaos,4-3-0,4,3,0,4-3-0,4,3,0,0,1,60,10
2024-04-26_s1-na-major-regional#30,2024-04-26_s1-na-major-regional,30,younger toguro,yyhdt-127,YT Death,death,4-3-0,4,3,0,4-3-0,4,3,0,0,1,60,10
2024-04-26_s1-na-major-regional#31,2024-04-26_s1-na-major-regional,31,younger toguro,yyhdt-127,Toguro Alpha,death,4-3-0,4,3,0,4-3-0,4,3,0,0,1,66,10
2024-04-26_s1-na-major-regional#32,2024-04-26_s1-na-major-regional,32,ochaco uraraka (iv),mha06-019,Dayton Steger Deck,water,4-3-0,4,3,0,4-3-0,4,3,0,0,1,69,10
2024-04-26_s1-na-major-regional#33,2024-04-26_s1-na-major-regional,33,himiko toga (iii),mha06-001,Chaos Toga,chaos,4-3-0,4,3,0,4-3-0,4,3,0,0,1,60,10
2024-04-26_s1-na-major-regional#34,2024-04-26_s1-na-major-regional,34,younger toguro,yyhdt-127,Heliodoro Ramirez Deck,death,4-3-0,4,3,0,4-3-0,4,3,0,0,1,60,10
2024-04-26_s1-na-major-regional#35,2024-04-26_s1-na-major-regional,35,byakko,yyhdt-162,vegas regional bradley smith,earth,4-3-0,4,3,0,4-3-0,4,3,0,0,1,80,10
2024-04-26_s1-na-major-regional#36,2024-04-26_s1-na-major-regional,36,endeavor (iii),mha06-055,Endeavor III (Earth) - April 2024,earth,4-3-0,4,3,0,4-3-0,4,3,0,0,1,60,10
2024-04-26_s1-na-major-regional#37,2024-04-26_s1-na-major-regional,37,mina ashido (ii),mha02-037,LV Regional,death,4-3-0,4,3,0,4-3-0,4,3,0,0,1,60,10
2024-04-26_s1-na-major-regional#38,2024-04-26_s1-na-major-regional,38,byakko,yyhdt-162,oops all throws!!!!,earth,4-3-0,4,3,0,4-3-0,4,3,0,0,1,72,10
2024-04-26_s1-na-major-regional#39,2024-04-26_s1-na-major-regional,39,younger toguro,yyhdt-127,Las Vegas Regional 2024,death,3-2-2,3,2,2,3-2-2,3,2,2,0,1,64,10
2024-04-26_s1-na-major-regional#40,2024-04-26_s1-na-major-regional,40,minoru mineta (ii),mha02-094,Mineta Jail,death,3-2-2,3,2,2,3-2-2,3,2,2,0,1,69,10
2024-04-26_s1-na-major-regional#41,2024-04-26_s1-na-major-regional,41,sir nighteye (i),mha05-082,Sir Nighteye Commits Terrorism,death,3-2-2,3,2,2,3-2-2,3,2,2,0,1,72,10
2024-04-26_s1-na-major-regional#42,2024-04-26_s1-na-major-regional,42,endeavor (iii),mha06-055,Endeavor III Rock Solid,earth,3-3-1,3,3,1,3-3-1,3,3,1,0,1,60,10
2024-04-26_s1-na-major-regional#43,2024-04-26_s1-na-major-regional,43,"spike, bounty hunter",cb02-001,Water Spike Vegas 2024,water,3-3-1,3,3,1,3-3-1,3,3,1,0,1,63,10
2024-04-26_s1-na-major-regional#44,2024-04-26_s1-na-major-regional,44,mimic (i),mha05-114,"""Wats up brother""",chaos,3-2-1,3,2,1,3-2-1,3,2,1,0,1,62,10
2024-04-26_s1-na-major-regional#45,2024-04-26_s1-na-major-regional,45,younger toguro,yyhdt-127,Chad Phillips Deck,death,3-3-1,3,3,1,3-3-1,3,3,1,0,1,69,10
2024-04-26_s1-na-major-regional#46,2024-04-26_s1-na-major-regional,46,genkai,yyhdt-028,Jason Dowling Genkai,order,3-3-1,3,3,1,3-3-1,3,3,1,0,1,71,10
2024-04-26_s1-na-major-regional#47,2024-04-26_s1-na-major-regional,47,inasa yoarashi (i),mha06-147,Windy Boy,death,3-3-1,3,3,1,3-3-1,3,3,1,0,1,63,10
2024-04-26_s1-na-major-regional#48,2024-04-26_s1-na-major-regional,48,genkai,yyhdt-028,Dakota Simmons Deck,good,3-3-1,3,3,1,3-3-1,3,3,1,0,1,60,10
2024-04-26_s1-na-major-regional#49,2024-04-26_s1-na-major-regional,49,katsuki bakugo (iv),mha06-100,Las Vegas Regional 2024,void,3-3-1,3,3,1,3-3-1,3,3,1,0,1,61,10
2024-04-26_s1-na-major-regional#50,2024-04-26_s1-na-major-regional,50,muscular (i),mha04-073,Grayson Timmerman Deck,earth,3-3-1,3,3,1,3-3-1,3,3,1,0,1,68,10
2024-04-26_s1-na-major-regional#51,2024-04-26_s1-na-major-regional,51,mina ashido (ii),mha02-037,Mina flipping out,death,3-4-0,3,4,0,3-4-0,3,4,0,0,1,60,10
2024-04-26_s1-na-major-regional#52,2024-04-26_s1-na-major-regional,52,younger toguro,yyhdt-127,Tyler Schroeder Deck  YH,death,3-4-0,3,4,0,3-4-0,3,4,0,0,1,70,10
2024-04-26_s1-na-major-regional#53,2024-04-26_s1-na-major-regional,53,elder toguro,yyhdt-019,Elder,evil,3-4-0,3,4,0,3-4-0,3,4,0,0,1,67,10
2024-04-26_s1-na-major-regional#54,2024-04-26_s1-na-major-regional,54,mimic (i),mha05-114,TakoBooze,chaos,3-4-0,3,4,0,3-4-0,3,4,0,0,1,66,10
2024-04-26_s1-na-major-regional#55,2024-04-26_s1-na-major-regional,55,endeavor (ii),mha03-001,Paper Cut Simulator,evil,3-4-0,3,4,0,3-4-0,3,4,0,0,1,60,10
2024-04-26_s1-na-major-regional#56,2024-04-26_s1-na-major-regional,56,himiko toga (iii),mha06-001,"VEGAS BABY, LET'S RIDE!",death,2-2-3,2,2,3,2-2-3,2,2,3,0,1,63,10
2024-04-26_s1-na-major-regional#57,2024-04-26_s1-na-major-regional,57,hawks (i),mha06-073,Bird Merch,order,3-4-0,3,4,0,3-4-0,3,4,0,0,1,67,10
2024-04-26_s1-na-major-regional#58,2024-04-26_s1-na-major-regional,58,mirio togata (i),mha05-001,Flashray Mirio,chaos,2-2-3,2,2,3,2-2-3,2,2,3,0,1,60,10
2024-04-26_s1-na-major-regional#59,2024-04-26_s1-na-major-regional,59,endeavor (iii),mha06-055,Richard Mitchell Deck,earth,3-4-0,3,4,0,3-4-0,3,4,0,0,1,67,10
2024-04-26_s1-na-major-regional#60,2024-04-26_s1-na-major-regional,60,sir nighteye (i),mha05-082,Bradley manning Deck,death,2-3-2,2,3,2,2-3-2,2,3,2,0,1,66,10
2024-04-26_s1-na-major-regional#61,2024-04-26_s1-na-major-regional,61,himiko toga (iii),mha06-001,Elizabeth Valencia Deck,death,2-3-2,2,3,2,2-3-2,2,3,2,0,1,60,0
2024-04-26_s1-na-major-regional#62,2024-04-26_s1-na-major-regional,62,camie utsushimi (i),mha06-145,Camie,all,2-3-1,2,3,1,2-3-1,2,3,1,0,1,62,10
2024-04-26_s1-na-major-regional#63,2024-04-26_s1-na-major-regional,63,katsuki bakugo (iv),mha06-100,Explosion Go Down the Hooooooole,void,2-4-1,2,4,1,2-4-1,2,4,1,0,1,63,10
2024-04-26_s1-na-major-regional#64,2024-04-26_s1-na-major-regional,64,camie utsushimi (i),mha06-145,And I can go like this,all,2-2-1,2,2,1,2-2-1,2,2,1,0,1,65,10
2024-04-26_s1-na-major-regional#65,2024-04-26_s1-na-major-regional,65,dabi (iii),mha06-046,Jess Rodriguez Deck,evil,2-4-1,2,4,1,2-4-1,2,4,1,0,1,76,10
2024-04-26_s1-na-major-regional#66,2024-04-26_s1-na-major-regional,66,vash the stampede,ts01-001,Not Stain,death,2-4-1,2,4,1,2-4-1,2,4,1,0,1,74,10
2024-04-26_s1-na-major-regional#67,2024-04-26_s1-na-major-regional,67,nezu (i),mha03-200,Pro Hero Nezu: Takes Vegas,order,2-1-1,2,1,1,2-1-1,2,1,1,0,1,68,10
2024-04-26_s1-na-major-regional#68,2024-04-26_s1-na-major-regional,68,ryukyu,mha07-102,BLUE EYES WHITE DRAGON,all,2-4-1,2,4,1,2-4-1,2,4,1,0,1,60,10
2024-04-26_s1-na-major-regional#69,2024-04-26_s1-na-major-regional,69,endeavor (iii),mha06-055,Endeavor Order,order,2-1-0,2,1,0,2-1-0,2,1,0,0,1,60,10
2024-04-26_s1-na-major-regional#70,2024-04-26_s1-na-major-regional,70,kyoka jiro (ii),mha06-109,S1 Regional Vegas,life,2-3-0,2,3,0,2-3-0,2,3,0,0,1,64,10
2024-04-26_s1-na-major-regional#71,2024-04-26_s1-na-major-regional,71,ryukyu,mha07-102,Ryuku,all,2-5-0,2,5,0,2-5-0,2,5,0,0,1,60,10
2024-04-26_s1-na-major-regional#72,2024-04-26_s1-na-major-regional,72,katsuki bakugo (iv),mha06-100,Death Bakugo,death,2-2-0,2,2,0,2-2-0,2,2,0,0,1,62,10
2024-04-26_s1-na-major-regional#73,2024-04-26_s1-na-major-regional,73,katsuki bakugo (iv),mha06-100,Angela Williams Deck,void,2-5-0,2,5,0,2-5-0,2,5,0,0,1,66,10
2024-04-26_s1-na-major-regional#74,2024-04-26_s1-na-major-regional,74,tamaki amajiki (i),mha05-091,Tamaki Amajiki Vegas,chaos,2-3-0,2,3,0,2-3-0,2,3,0,0,1,68,10
2024-04-26_s1-na-major-regional#75,2024-04-26_s1-na-major-regional,75,"yusuke, team leader",yyhdt-136,Spirits Within,good,2-5-0,2,5,0,2-5-0,2,5,0,0,1,67,10
2024-04-26_s1-na-major-regional#76,2024-04-26_s1-na-major-regional,76,younger toguro,yyhdt-127,The Torg Machine,death,2-4-0,2,4,0,2-4-0,2,4,0,0,1,60,10
2024-04-26_s1-na-major-regional#77,2024-04-26_s1-na-major-regional,77,"kurama, youko unleashed",yyhdt-064,Disregard Progressive,life,2-4-0,2,4,0,2-4-0,2,4,0,0,1,63,10
2024-04-26_s1-na-major-regional#78,2024-04-26_s1-na-major-regional,78,mt. lady (ii),mha07-064,Steven Snyder Deck,earth,2-5-0,2,5,0,2-5-0,2,5,0,0,1,62,10
2024-04-26_s1-na-major-regional#79,2024-04-26_s1-na-major-regional,79,kyoka jiro (ii),mha06-109,Carson Panos Deck,life,2-5-0,2,5,0,2-5-0,2,5,0,0,1,146,10
2024-04-26_s1-na-major-regional#80,2024-04-26_s1-na-major-regional,80,nezu (i),mha03-200,Nezu,order,2-2-0,2,2,0,2-2-0,2,2,0,0,1,60,10
2024-04-26_s1-na-major-regional#81,2024-04-26_s1-na-major-regional,81,hawks (i),mha06-073,Hawks,order,1-3-2,1,3,2,1-3-2,1,3,2,0,1,63,10
2024-04-26_s1-na-major-regional#82,2024-04-26_s1-na-major-regional,82,younger toguro,yyhdt-127,Andrew New Deck,evil,1-4-2,1,4,2,1-4-2,1,4,2,0,1,64,10
2024-04-26_s1-na-major-regional#83,2024-04-26_s1-na-major-regional,83,"jester lavorre, prankster priestess",crmn-001,RLE 2024 Jester Deck,chaos,1-1-2,1,1,2,1-1-2,1,1,2,0,1,66,10
2024-04-26_s1-na-major-regional#84,2024-04-26_s1-na-major-regional,84,genkai,yyhdt-028,Genkai 1 [All],all,1-3-1,1,3,1,1-3-1,1,3,1,0,1,67,10
2024-04-26_s1-na-major-regional#85,2024-04-26_s1-na-major-regional,85,younger toguro,yyhdt-127,Young Toguro (Death) Vegas deck,death,1-1-1,1,1,1,1-1-1,1,1,1,0,1,67,10
2024-04-26_s1-na-major-regional#86,2024-04-26_s1-na-major-regional,86,sir nighteye (i),mha05-082,Get ready to be ready to get ready,death,1-2-1,1,2,1,1-2-1,1,2,1,0,1,65,10
2024-04-26_s1-na-major-regional#87,2024-04-26_s1-na-major-regional,87,bui,yyhdt-001,Just an Axe and a Dream,earth,1-3-1,1,3,1,1-3-1,1,3,1,0,1,60,10
2024-04-26_s1-na-major-regional#88,2024-04-26_s1-na-major-regional,88,overhaul (i),mha05-019,Lowverhaul - NA Regionals,earth,1-3-1,1,3,1,1-3-1,1,3,1,0,1,64,10
2024-04-26_s1-na-major-regional#89,2024-04-26_s1-na-major-regional,89,jin,yyhdt-046,reg,void,1-5-1,1,5,1,1-5-1,1,5,1,0,1,75,10
2024-04-26_s1-na-major-regional#90,2024-04-26_s1-na-major-regional,90,byakko,yyhdt-162,TC said it was cool,earth,0-5-1 +1 bye,,,,0-5-1,0,5,1,0,1,75,10
2024-04-26_s1-na-major-regional#91,2024-04-26_s1-na-major-regional,91,"jester lavorre, prankster priestess",crmn-001,Jester,chaos,0-5-1 +1 bye,,,,0-5-1,0,5,1,0,1,60,10
2024-04-26_s1-na-major-regional#92,2024-04-26_s1-na-major-regional,92,overhaul (i),mha05-019,Daniel Mosley Deck,earth,1-3-0,1,3,0,1-3-0,1,3,0,0,1,70,10
2024-04-26_s1-na-major-regional#93,2024-04-26_s1-na-major-regional,93,nicholas d. wolfwood,ts01-002,fire is hot,fire,1-3-0,1,3,0,1-3-0,1,3,0,0,1,60,10
2024-04-26_s1-na-major-regional#94,2024-04-26_s1-na-major-regional,94,dabi (ii),mha04-037,Trogdor Returns,fire,1-3-0,1,3,0,1-3-0,1,3,0,0,1,64,0
2024-04-26_s1-na-major-regional#95,2024-04-26_s1-na-major-regional,95,himiko toga (iii),mha06-001,Toga3 Chaos,chaos,1-2-0,1,2,0,1-2-0,1,2,0,0,1,66,10
2024-04-26_s1-na-major-regional#96,2024-04-26_s1-na-major-regional,96,edgeshot (i),mha06-146,Adam Slupik Deck,void,1-2-0,1,2,0,1-2-0,1,2,0,0,1,65,10
2024-04-26_s1-na-major-regional#97,2024-04-26_s1-na-major-regional,97,ryukyu,mha07-102,Vanila Aubry Deck,life,0-3-0 +1 bye,,,,0-3-0,0,3,0,0,1,60,10
2024-04-26_s1-na-major-regional#98,2024-04-26_s1-na-major-regional,98,mt. lady (ii),mha07-064,Mt lady chaos,chaos,1-2-0,1,2,0,1-2-0,1,2,0,0,1,60,10
2024-04-26_s1-na-major-regional#99,2024-04-26_s1-na-major-regional,99,"fresh cut grass, positive reinforcement",promo2024-001,404 compliment not found,life,1-5-0,1,5,0,1-5-0,1,5,0,0,1,65,10
2024-04-26_s1-na-major-regional#100,2024-04-26_s1-na-major-regional,100,ochaco uraraka (iv),mha06-019,Las Vegas Deck list,water,0-4-0 +1 bye,,,,0-4-0,0,4,0,0,1,61,10
2024-04-26_s1-na-major-regional#101,2024-04-26_s1-na-major-regional,101,genkai,yyhdt-028,Genkai Throws,good,0-3-1,0,3,1,0-3-1,0,3,1,0,1,65,10
2024-04-26_s1-na-major-regional#102,2024-04-26_s1-na-major-regional,102,ball might (i) (anime expo 2022),mha04-240,Ballin’,good,0-3-0,0,3,0,0-3-0,0,3,0,0,1,65,10
2024-04-26_s1-na-major-regional#103,2024-04-26_s1-na-major-regional,103,younger toguro,yyhdt-127,LOL,death,0-1-0,0,1,0,0-1-0,0,1,0,0,1,63,10
2024-04-26_s1-na-major-regional#104,2024-04-26_s1-na-major-regional,104,tamaki amajiki (i),mha05-091,Mighty Morph'n,chaos,0-2-0,0,2,0,0-2-0,0,2,0,0,1,64,10
2024-04-26_s1-na-major-regional#105,2024-04-26_s1-na-major-regional,105,suzuki,yyhdt-109,Christopher Hopkins Deck,all,0-3-0,0,3,0,0-3-0,0,3,0,0,1,75,10
2024-04-26_s1-na-major-regional#106,2024-04-26_s1-na-major-regional,106,mirio togata (i),mha05-001,Mirio Deck,chaos,0-4-0,0,4,0,0-4-0,0,4,0,0,1,62,0
2024-04-26_s1-na-major-regional#107,2024-04-26_s1-na-major-regional,107,tamaki amajiki (i),mha05-091,Edgar Garcia Robles Deck,chaos,0-2-0,0,2,0,0-2-0,0,2,0,0,1,66,10
2024-06-29_webcam-circuit-major-1#1,2024-06-29_webcam-circuit-major-1,1,,,,,,,,,,,,,0,0,0,0
2024-06-29_webcam-circuit-major-1#2,2024-06-29_webcam-circuit-major-1,2,,,,,,,,,,,,,0,0,0,0
2024-06-29_webcam-circuit-major-1#3,2024-06-29_webcam-circuit-major-1,3,,,,,,,,,,,,,0,0,0,0
2024-06-29_webcam-circuit-major-1#4,2024-06-29_webcam-circuit-major-1,4,,,,,,,,,,,,,0,0,0,0
2024-06-29_webcam-circuit-major-1#5,2024-06-29_webcam-circuit-major-1,5,,,,,,,,,,,,,0,0,0,0
2024-06-29_webcam-circuit-major-1#6,2024-06-29_webcam-circuit-major-1,6,,,,,,,,,,,,,0,0,0,0
2024-06-29_webcam-circuit-major-1#7,2024-06-29_webcam-circuit-major-1,7,,,,,,,,,,,,,0,0,0,0
2024-06-29_webcam-circuit-major-1#8,2024-06-29_webcam-circuit-major-1,8,,,,,,,,,,,,,0,0,0,0
2024-06-29_webcam-circuit-major-1#9,2024-06-29_webcam-circuit-major-1,9,"king ghidorah, emperor of the cosmos",cha03krm-001,"King Ghidorah, Evil",evil,3-0-2,3,0,2,3-0-2,3,0,2,0,1,68,10
2024-06-29_webcam-circuit-major-1#10,2024-06-29_webcam-circuit-major-1,10,"rodan, giant monster of the sky",cha03krm-003,Rodan Draw,void,3-1-1,3,1,1,3-1-1,3,1,1,0,1,78,0
2024-06-29_webcam-circuit-major-1#11,2024-06-29_webcam-circuit-major-1,11,,,,,,,,,,,,,0,0,0,0
2024-06-29_webcam-circuit-major-1#12,2024-06-29_webcam-circuit-major-1,12,,,,,,,,,,,,,0,0,0,0
2024-06-29_webcam-circuit-major-1#13,2024-06-29_webcam-circuit-major-1,13,ochaco uraraka (iv),mha06-019,Ochaco Rampage,earth,2-2-0 +1 bye,,,,2-2-0,2,2,0,0,1,64,10
2024-06-29_webcam-circuit-major-1#14,2024-06-29_webcam-circuit-major-1,14,,,,,,,,,,,,,0,0,0,0
2024-06-29_webcam-circuit-major-1#15,2024-06-29_webcam-circuit-major-1,15,,,,,,,,,,,,,0,0,0,0
2024-06-29_webcam-circuit-major-1#16,2024-06-29_webcam-circuit-major-1,16,,,,,,,,,,,,,0,0,0,0
2024-06-29_webcam-circuit-major-1#17,2024-06-29_webcam-circuit-major-1,17,mei hatsume (i),mha02-028,Mei in a Bang!,life,3-2-0,3,2,0,3-2-0,3,2,0,0,1,60,10
2024-06-29_webcam-circuit-major-1#18,2024-06-29_webcam-circuit-major-1,18,,,,,,,,,,,,,0,0,0,0
2024-06-29_webcam-circuit-major-1#19,2024-06-29_webcam-circuit-major-1,19,,,,,,,,,,,,,0,0,0,0
2024-06-29_webcam-circuit-major-1#20,2024-06-29_webcam-circuit-major-1,20,,,,,,,,,,,,,0,0,0,0
2024-06-29_webcam-circuit-major-1#21,2024-06-29_webcam-circuit-major-1,21,,,,,,,,,,,,,0,0,0,0
2024-06-29_webcam-circuit-major-1#22,2024-06-29_webcam-circuit-major-1,22,,,,,,,,,,,,,0,0,0,0
2024-06-29_webcam-circuit-major-1#23,2024-06-29_webcam-circuit-major-1,23,,,,,,,,,,,,,0,0,0,0
2024-06-29_webcam-circuit-major-1#24,2024-06-29_webcam-circuit-major-1,24,,,,,,,,,,,,,0,0,0,0
2024-06-29_webcam-circuit-major-1#25,2024-06-29_webcam-circuit-major-1,25,,,,,,,,,,,,,0,0,0,0
2024-06-29_webcam-circuit-major-1#26,2024-06-29_webcam-circuit-major-1,26,,,,,,,,,,,,,0,0,0,0
2024-06-29_webcam-circuit-major-1#27,2024-06-29_webcam-circuit-major-1,27,,,,,,,,,,,,,0,0,0,0
2024-06-29_webcam-circuit-major-1#28,2024-06-29_webcam-circuit-major-1,28,tamaki amajiki (i),mha05-091,Tag Team v6.1,chaos,2-3-0,2,3,0,2-3-0,2,3,0,0,1,60,10
2024-06-29_webcam-circuit-major-1#29,2024-06-29_webcam-circuit-major-1,29,,,,,,,,,,,,,0,0,0,0
2024-06-29_webcam-circuit-major-1#30,2024-06-29_webcam-circuit-major-1,30,gentle criminal,mha06-064,Cameron Undergust Deck,chaos,2-3-0,2,3,0,2-3-0,2,3,0,0,1,64,10
2024-06-29_webcam-circuit-major-1#31,2024-06-29_webcam-circuit-major-1,31,,,,,,,,,,,,,0,0,0,0
2024-06-29_webcam-circuit-major-1#32,2024-06-29_webcam-circuit-major-1,32,,,,,,,,,,,,,0,0,0,0
2024-06-29_webcam-circuit-major-1#33,2024-06-29_webcam-circuit-major-1,33,,,,,,,,,,,,,0,0,0,0
2024-06-29_webcam-circuit-major-1#34,2024-06-29_webcam-circuit-major-1,34,endeavor (iii),mha06-055,Richard Mitchell Deck,earth,1-2-2,1,2,2,1-2-2,1,2,2,0,1,66,10
2024-06-29_webcam-circuit-major-1#35,2024-06-29_webcam-circuit-major-1,35,,,,,,,,,,,,,0,0,0,0
2024-06-29_webcam-circuit-major-1#36,2024-06-29_webcam-circuit-major-1,36,,,,,,,,,,,,,0,0,0,0
2024-06-29_webcam-circuit-major-1#37,2024-06-29_webcam-circuit-major-1,37,,,,,,,,,,,,,0,0,0,0
2024-06-29_webcam-circuit-major-1#38,2024-06-29_webcam-circuit-major-1,38,,,,,,,,,,,,,0,0,0,0
2024-06-29_webcam-circuit-major-1#39,2024-06-29_webcam-circuit-major-1,39,,,,,,,,,,,,,0,0,0,0
2024-06-29_webcam-circuit-major-1#40,2024-06-29_webcam-circuit-major-1,40,tamaki amajiki (i),mha05-091,Amajiki,chaos,1-1-1,1,1,1,1-1-1,1,1,1,0,1,60,10
2024-06-29_webcam-circuit-major-1#41,2024-06-29_webcam-circuit-major-1,41,shoto todoroki (ii),mha02-055,Kryton Bess Deck,order,1-2-0,1,2,0,1-2-0,1,2,0,0,1,60,10
2024-06-29_webcam-circuit-major-1#42,2024-06-29_webcam-circuit-major-1,42,,,,,,,,,,,,,0,0,0,0
2024-06-29_webcam-circuit-major-1#43,2024-06-29_webcam-circuit-major-1,43,,,,,,,,,,,,,0,0,0,0
2024-06-29_webcam-circuit-major-1#44,2024-06-29_webcam-circuit-major-1,44,,,,,,,,,,,,,0,0,0,0
2024-06-29_webcam-circuit-major-1#45,2024-06-29_webcam-circuit-major-1,45,,,,,,,,,,,,,0,0,0,0
2024-06-29_webcam-circuit-major-1#46,2024-06-29_webcam-circuit-major-1,46,,,,,,,,,,,,,0,0,0,0
2024-06-29_webcam-circuit-major-1#47,2024-06-29_webcam-circuit-major-1,47,,,,,,,,,,,,,0,0,0,0
2024-06-29_webcam-circuit-major-1#48,2024-06-29_webcam-circuit-major-1,48,,,,,,,,,,,,,0,0,0,0
2024-06-29_webcam-circuit-major-1#49,2024-06-29_webcam-circuit-major-1,49,,,,,,,,,,,,,0,0,0,0
2024-06-29_webcam-circuit-major-1#50,2024-06-29_webcam-circuit-major-1,50,eijiro kirishima (iii),mha05-037,Kirishima - Strip Mine,death,0-2-1,0,2,1,0-2-1,0,2,1,0,1,69,10
2024-06-29_webcam-circuit-major-1#51,2024-06-29_webcam-circuit-major-1,51,,,,,,,,,,,,,0,0,0,0
2024-06-29_webcam-circuit-major-1#52,2024-06-29_webcam-circuit-major-1,52,,,,,,,,,,,,,0,0,0,0
2024-06-29_webcam-circuit-major-1#53,2024-06-29_webcam-circuit-major-1,53,mirko,mha07-046,Mirko II (Air) for Set 7,air,0-1-0,0,1,0,0-1-0,0,1,0,0,1,64,10
2024-07-05_s2-oce-regional#1,2024-07-05_s2-oce-regional,1,ochaco uraraka (iv),mha06-019,High Roller,water,4-2-0,4,2,0,7-2-0,7,2,0,1,1,62,10
2024-07-05_s2-oce-regional#2,2024-07-05_s2-oce-regional,2,"godzilla, king of the monsters",cha03gmm-001,Nathan Amos Regionals Gorira,chaos,4-1-1,4,1,1,6-2-1,6,2,1,1,1,60,0
2024-07-05_s2-oce-regional#3,2024-07-05_s2-oce-regional,3,younger toguro,yyhdt-127,Torin Milliken Deck,death,3-2-0 +1 bye,,,,5-3-0,5,3,0,1,1,60,10
2024-07-05_s2-oce-regional#4,2024-07-05_s2-oce-regional,4,"godzilla, king of the monsters",cha03gmm-001,Godrizzla,earth,4-2-0,4,2,0,5-4-0,5,4,0,1,1,63,10
2024-07-05_s2-oce-regional#5,2024-07-05_s2-oce-regional,5,toru hagakure (ii),mha07-191,hagakure water,water,5-0-1,5,0,1,5-1-1,5,1,1,1,1,67,10
2024-07-05_s2-oce-regional#6,2024-07-05_s2-oce-regional,6,"rodan, giant monster of the sky",cha03krm-003,Justin Burch Deck,air,4-0-2,4,0,2,4-1-2,4,1,2,1,1,69,10
2024-07-05_s2-oce-regional#7,2024-07-05_s2-oce-regional,7,pony tsunotori,mha07-098,Cow girl,earth,4-1-1,4,1,1,4-2-1,4,2,1,1,1,63,10
2024-07-05_s2-oce-regional#8,2024-07-05_s2-oce-regional,8,pony tsunotori,mha07-098,Oce regional deck,earth,4-1-1,4,1,1,4-2-1,4,2,1,1,1,69,10
2024-07-05_s2-oce-regional#9,2024-07-05_s2-oce-regional,9,endeavor (iii),mha06-055,Benjamin Amos Deck,fire,4-2-0,4,2,0,4-2-0,4,2,0,0,1,60,10
2024-07-05_s2-oce-regional#10,2024-07-05_s2-oce-regional,10,innsmouth (i),mha04-150,💧🐙,water,3-1-2,3,1,2,3-1-2,3,1,2,0,1,60,10
2024-07-05_s2-oce-regional#11,2024-07-05_s2-oce-regional,11,woman,mha07-110,Kai McConville Deck,void,3-1-2,3,1,2,3-1-2,3,1,2,0,1,66,10
2024-07-05_s2-oce-regional#12,2024-07-05_s2-oce-regional,12,endeavor (iii),mha06-055,Endevor III Grimdark Deck list,fire,3-3-0,3,3,0,3-3-0,3,3,0,0,1,60,10
2024-07-05_s2-oce-regional#13,2024-07-05_s2-oce-regional,13,"vex’ahlia, resourceful hunter",crvm-002,Vex Sniping Storm,air,3-3-0,3,3,0,3-3-0,3,3,0,0,1,60,10
2024-07-05_s2-oce-regional#14,2024-07-05_s2-oce-regional,14,"godzilla, king of the monsters",cha03gmm-001,🏙🦕,earth,3-3-0,3,3,0,3-3-0,3,3,0,0,1,65,10
2024-07-05_s2-oce-regional#15,2024-07-05_s2-oce-regional,15,mina ashido (ii),mha02-037,Mina ashido 2,death,3-3-0,3,3,0,3-3-0,3,3,0,0,1,65,10
2024-07-05_s2-oce-regional#16,2024-07-05_s2-oce-regional,16,mirio togata (i),mha05-001,Big Chungus Deck,chaos,3-3-0,3,3,0,3-3-0,3,3,0,0,1,73,10
2024-07-05_s2-oce-regional#17,2024-07-05_s2-oce-regional,17,jin,yyhdt-046,Braiden Simpson RLE NSW 2024 deck,void,2-3-0 +1 bye,,,,2-3-0,2,3,0,0,1,70,10
2024-07-05_s2-oce-regional#18,2024-07-05_s2-oce-regional,18,"jester lavorre, prankster priestess",crmn-001,Jaykeb  Deck,chaos,3-3-0,3,3,0,3-3-0,3,3,0,0,1,66,0
2024-07-05_s2-oce-regional#19,2024-07-05_s2-oce-regional,19,gentle criminal,mha06-064,Ewen Kennedy Deck,chaos,3-3-0,3,3,0,3-3-0,3,3,0,0,1,67,10
2024-07-05_s2-oce-regional#20,2024-07-05_s2-oce-regional,20,himiko toga,mha07-001,zachary clark Deck,evil,2-3-1,2,3,1,2-3-1,2,3,1,0,1,69,10
2024-07-05_s2-oce-regional#21,2024-07-05_s2-oce-regional,21,himiko toga (iii),mha06-001,Toga 3,chaos,2-4-0,2,4,0,2-4-0,2,4,0,0,1,67,10
2024-07-05_s2-oce-regional#22,2024-07-05_s2-oce-regional,22,endeavor (iii),mha06-055,Kosta Spanoudakis Deck,fire,2-4-0,2,4,0,2-4-0,2,4,0,0,1,74,10
2024-07-05_s2-oce-regional#23,2024-07-05_s2-oce-regional,23,mirko,mha07-046,Stuart McMartin  Deck,air,2-4-0,2,4,0,2-4-0,2,4,0,0,1,67,10
2024-07-05_s2-oce-regional#24,2024-07-05_s2-oce-regional,24,mina ashido (ii),mha02-037,Ives Kailub Deck,death,2-4-0,2,4,0,2-4-0,2,4,0,0,1,62,10
2024-07-05_s2-oce-regional#25,2024-07-05_s2-oce-regional,25,mei hatsume (i),mha02-028,Mei Hatsume Weapons are my Friends,life,1-2-1,1,2,1,1-2-1,1,2,1,0,1,70,10
2024-07-05_s2-oce-regional#26,2024-07-05_s2-oce-regional,26,mina ashido (ii),mha02-037,Tim W: Mina Death,death,0-4-1 +1 bye,,,,0-4-1,0,4,1,0,1,66,10
2024-07-05_s2-oce-regional#27,2024-07-05_s2-oce-regional,27,mina ashido (ii),mha02-037,Acid does Burn,death,1-2-1,1,2,1,1-2-1,1,2,1,0,1,65,10
2024-07-05_s2-oce-regional#28,2024-07-05_s2-oce-regional,28,himiko toga (iii),mha06-001,Lachlan Graham Deck,life,1-4-1,1,4,1,1-4-1,1,4,1,0,1,75,10
2024-07-05_s2-oce-regional#29,2024-07-05_s2-oce-regional,29,mina ashido (ii),mha02-037,Mina,death,1-3-0,1,3,0,1-3-0,1,3,0,0,1,63,10
2024-07-05_s2-oce-regional#30,2024-07-05_s2-oce-regional,30,"rodan, giant monster of the sky",cha03krm-003,Lorenzo Niceta Deck,void,0-2-1,0,2,1,0-2-1,0,2,1,0,1,89,10
2024-07-05_s2-oce-regional#31,2024-07-05_s2-oce-regional,31,,,,,,,,,,,,,0,0,0,0
2024-07-05_s2-oce-regional#32,2024-07-05_s2-oce-regional,32,"rodan, giant monster of the sky",cha03krm-003,Rhys Dunn Deck,void,0-2-0,0,2,0,0-2-0,0,2,0,0,1,89,10
2024-07-05_s2-oce-regional#33,2024-07-05_s2-oce-regional,33,"mechagodzilla, kiryu",cha03gmm-002,Stompy MechaGodzilla,earth,0-2-0,0,2,0,0-2-0,0,2,0,0,1,60,0
2024-07-13_s2-na-major-regional#1,2024-07-13_s2-na-major-regional,1,elder toguro,yyhdt-019,so why is twisting still legal exactly...?,death,6-1-1,6,1,1,10-1-1,10,1,1,1,1,69,10
2024-07-13_s2-na-major-regional#2,2024-07-13_s2-na-major-regional,2,"king ghidorah, emperor of the cosmos",cha03krm-001,Ben Lambright Deck,void,5-0-3,5,0,3,8-1-3,8,1,3,1,1,60,10
2024-07-13_s2-na-major-regional#3,2024-07-13_s2-na-major-regional,3,"king ghidorah, emperor of the cosmos",cha03krm-001,John Maffeo Deck,evil,5-0-3,5,0,3,7-1-3,7,1,3,1,1,71,10
2024-07-13_s2-na-major-regional#4,2024-07-13_s2-na-major-regional,4,hawks (i),mha06-073,Hawks,order,5-1-2,5,1,2,7-2-2,7,2,2,1,1,65,10
2024-07-13_s2-na-major-regional#5,2024-07-13_s2-na-major-regional,5,"rodan, giant monster of the sky",cha03krm-003,rodan,void,6-1-1,6,1,1,7-2-1,7,2,1,1,1,65,10
2024-07-13_s2-na-major-regional#6,2024-07-13_s2-na-major-regional,6,tamaki amajiki (i),mha05-091,RAMPAGE AMAJIKI,chaos,6-2-0,6,2,0,7-3-0,7,3,0,1,1,60,10
2024-07-13_s2-na-major-regional#7,2024-07-13_s2-na-major-regional,7,"king ghidorah, emperor of the cosmos",cha03krm-001,King Ghidorah,evil,5-0-3,5,0,3,6-1-3,6,1,3,1,1,64,10
2024-07-13_s2-na-major-regional#8,2024-07-13_s2-na-major-regional,8,"rodan, giant monster of the sky",cha03krm-003,Pterodactyl Boy,void,5-0-3,5,0,3,6-1-3,6,1,3,1,1,65,10
2024-07-13_s2-na-major-regional#9,2024-07-13_s2-na-major-regional,9,"rodan, giant monster of the sky",cha03krm-003,Glimpse of Us,all,6-1-1,6,1,1,6-2-1,6,2,1,1,1,66,10
2024-07-13_s2-na-major-regional#10,2024-07-13_s2-na-major-regional,10,"mechagodzilla, bionic menace",cha03krm-002,Bionic STL,order,6-1-1,6,1,1,6-2-1,6,2,1,1,1,78,10
2024-07-13_s2-na-major-regional#11,2024-07-13_s2-na-major-regional,11,pony tsunotori,mha07-098,"Erwin: There's no point standing around. You'll only be showered by more boulders. Ready your horses on the double!  Floch: Be honest, are all of us riding to our death?  Erwin: Yes, we are..  Floch: And since we're dying anyway, you're saying that it's better? Before we even start fighting?  Erwin: I am...  Floch: But wait, if we'll die anyway, then who cares what we do? We could just disobey your orders. And it wouldn't mean a thing, would it?  Erwin: Yes, you're precisely right.  Everything that you thought had meaning: every hope, dream, or moment of happiness. None of it matters as you lie bleeding out on the battlefield. None of it changes what a speeding rock does to a body, we all die.   But does that mean our lives are meaningless? Does that mean that there was no point in our being born? Would you say that of our slain comrades? What about their lives? Were they meaningless?...  They were not! Their memory serves as an example to us all! The courageous fallen! The anguished fallen! Their lives have meaning because we the living refuse to forget them!   And as we ride to certain death, we trust our successors to do the same for us! Because my soldiers do not buckle or yield when faced with the cruelty of this world!  My soldiers push forward! My soldiers scream out! My soldiers RAAAAAGE!",earth,6-1-1,6,1,1,6-2-1,6,2,1,1,1,60,10
2024-07-13_s2-na-major-regional#12,2024-07-13_s2-na-major-regional,12,himiko toga (iii),mha06-001,Tony Hevia Deck,chaos,6-2-0,6,2,0,6-3-0,6,3,0,1,1,60,10
2024-07-13_s2-na-major-regional#13,2024-07-13_s2-na-major-regional,13,"jester lavorre, prankster priestess",crmn-001,St. Louis | Jester,life,6-2-0,6,2,0,6-3-0,6,3,0,1,1,73,10
2024-07-13_s2-na-major-regional#14,2024-07-13_s2-na-major-regional,14,tamaki amajiki (i),mha05-091,Chaos OTK,chaos,6-2-0,6,2,0,6-3-0,6,3,0,1,1,60,10
2024-07-13_s2-na-major-regional#15,2024-07-13_s2-na-major-regional,15,"rodan, giant monster of the sky",cha03krm-003,Rodaddy,all,5-1-2,5,1,2,5-2-2,5,2,2,1,1,76,10
2024-07-13_s2-na-major-regional#16,2024-07-13_s2-na-major-regional,16,tamaki amajiki (i),mha05-091,Carson Panos Deck,chaos,5-1-2,5,1,2,5-2-2,5,2,2,1,1,94,10
2024-07-13_s2-na-major-regional#17,2024-07-13_s2-na-major-regional,17,byakko,yyhdt-162,Tiger King,earth,5-1-2,5,1,2,5-1-2,5,1,2,0,1,75,10
2024-07-13_s2-na-major-regional#18,2024-07-13_s2-na-major-regional,18,byakko,yyhdt-162,Byakko Earth,earth,5-1-2,5,1,2,5-1-2,5,1,2,0,1,69,10
2024-07-13_s2-na-major-regional#19,2024-07-13_s2-na-major-regional,19,"godzilla, king of the monsters",cha03gmm-001,Chaos Godzilla,chaos,5-1-2,5,1,2,5-1-2,5,1,2,0,1,64,10
2024-07-13_s2-na-major-regional#20,2024-07-13_s2-na-major-regional,20,"rodan, giant monster of the sky",cha03krm-003,Matthew Antonio Deck,void,5-2-1,5,2,1,5-2-1,5,2,1,0,1,80,10
2024-07-13_s2-na-major-regional#21,2024-07-13_s2-na-major-regional,21,tamaki amajiki (i),mha05-091,Hi I'm Nate,chaos,5-2-1,5,2,1,5-2-1,5,2,1,0,1,68,10
2024-07-13_s2-na-major-regional#22,2024-07-13_s2-na-major-regional,22,endeavor (iii),mha06-055,24 NA Season 2 Regional Fire Endeavor III,fire,5-2-1,5,2,1,5-2-1,5,2,1,0,1,74,10
2024-07-13_s2-na-major-regional#23,2024-07-13_s2-na-major-regional,23,himiko toga (iii),mha06-001,Ethan Holmes Deck,chaos,5-2-1,5,2,1,5-2-1,5,2,1,0,1,62,10
2024-07-13_s2-na-major-regional#24,2024-07-13_s2-na-major-regional,24,mina ashido (ii),mha02-037,Burn Baby Burn,death,5-2-1,5,2,1,5-2-1,5,2,1,0,1,64,10
2024-07-13_s2-na-major-regional#25,2024-07-13_s2-na-major-regional,25,koji koda (i),mha03-037,Reprint Jiro 1,chaos,5-3-0,5,3,0,5-3-0,5,3,0,0,1,60,10
2024-07-13_s2-na-major-regional#26,2024-07-13_s2-na-major-regional,26,mimic (i),mha05-114,to be continued *roundabout starts playing*,chaos,5-3-0,5,3,0,5-3-0,5,3,0,0,1,65,10
2024-07-13_s2-na-major-regional#27,2024-07-13_s2-na-major-regional,27,death arms (i),mha03-151,5 Finger Death Arms,chaos,5-3-0,5,3,0,5-3-0,5,3,0,0,1,60,10
2024-07-13_s2-na-major-regional#28,2024-07-13_s2-na-major-regional,28,endeavor (iii),mha06-055,7 Fists List,order,5-3-0,5,3,0,5-3-0,5,3,0,0,1,60,10
2024-07-13_s2-na-major-regional#29,2024-07-13_s2-na-major-regional,29,"mechagodzilla, bionic menace",cha03krm-002,Order Bionic,order,4-1-3,4,1,3,4-1-3,4,1,3,0,1,75,10
2024-07-13_s2-na-major-regional#30,2024-07-13_s2-na-major-regional,30,"godzilla, king of the monsters",cha03gmm-001,Long Live the King,chaos,4-1-3,4,1,3,4-1-3,4,1,3,0,1,65,10
2024-07-13_s2-na-major-regional#31,2024-07-13_s2-na-major-regional,31,byakko,yyhdt-162,Floof,earth,5-3-0,5,3,0,5-3-0,5,3,0,0,1,69,10
2024-07-13_s2-na-major-regional#32,2024-07-13_s2-na-major-regional,32,himiko toga,mha07-001,Toga,evil,5-3-0,5,3,0,5-3-0,5,3,0,0,1,70,10
2024-07-13_s2-na-major-regional#33,2024-07-13_s2-na-major-regional,33,"rodan, giant monster of the sky",cha03krm-003,Void Rodan,void,5-3-0,5,3,0,5-3-0,5,3,0,0,1,89,10
2024-07-13_s2-na-major-regional#34,2024-07-13_s2-na-major-regional,34,byakko,yyhdt-162,Thomas Swafford Deck,earth,5-3-0,5,3,0,5-3-0,5,3,0,0,1,70,10
2024-07-13_s2-na-major-regional#35,2024-07-13_s2-na-major-regional,35,mt. lady (ii),mha07-064,We're so back,void,5-3-0,5,3,0,5-3-0,5,3,0,0,1,66,10
2024-07-13_s2-na-major-regional#36,2024-07-13_s2-na-major-regional,36,"rodan, giant monster of the sky",cha03krm-003,Justin Burch Deck,air,5-3-0,5,3,0,5-3-0,5,3,0,0,1,69,10
2024-07-13_s2-na-major-regional#37,2024-07-13_s2-na-major-regional,37,byakko,yyhdt-162,Natalie Ryan Deck,earth,4-1-3,4,1,3,4-1-3,4,1,3,0,1,82,10
2024-07-13_s2-na-major-regional#38,2024-07-13_s2-na-major-regional,38,himiko toga (iii),mha06-001,Cruel Summer,chaos,5-3-0,5,3,0,5-3-0,5,3,0,0,1,63,10
2024-07-13_s2-na-major-regional#39,2024-07-13_s2-na-major-regional,39,tamaki amajiki (i),mha05-091,Amajiki St Louis,chaos,5-3-0,5,3,0,5-3-0,5,3,0,0,1,68,10
2024-07-13_s2-na-major-regional#40,2024-07-13_s2-na-major-regional,40,gentle criminal,mha06-064,St Louis Deck,chaos,5-3-0,5,3,0,5-3-0,5,3,0,0,1,68,10
2024-07-13_s2-na-major-regional#41,2024-07-13_s2-na-major-regional,41,himiko toga (iii),mha06-001,Toga 3 Regionals 2024,chaos,5-3-0,5,3,0,5-3-0,5,3,0,0,1,64,10
2024-07-13_s2-na-major-regional#42,2024-07-13_s2-na-major-regional,42,mina ashido (ii),mha02-037,When You Miss Jiro,water,5-3-0,5,3,0,5-3-0,5,3,0,0,1,60,10
2024-07-13_s2-na-major-regional#43,2024-07-13_s2-na-major-regional,43,tamaki amajiki (i),mha05-091,It Started Off With a Kiss How Did It End Up Like This,chaos,5-3-0,5,3,0,5-3-0,5,3,0,0,1,68,10
2024-07-13_s2-na-major-regional#44,2024-07-13_s2-na-major-regional,44,"nott the brave, irritable goblin",crmn-002,No comma,chaos,4-2-2,4,2,2,4-2-2,4,2,2,0,1,66,10
2024-07-13_s2-na-major-regional#45,2024-07-13_s2-na-major-regional,45,ochaco uraraka (iv),mha06-019,Dayton Steger Deck,water,4-2-2,4,2,2,4-2-2,4,2,2,0,1,69,10
2024-07-13_s2-na-major-regional#46,2024-07-13_s2-na-major-regional,46,momo yaoyorozu,mha07-055,I LOVE CARBS,life,4-2-2,4,2,2,4-2-2,4,2,2,0,1,80,10
2024-07-13_s2-na-major-regional#47,2024-07-13_s2-na-major-regional,47,woman,mha07-110,KC Johnson Deck,void,4-2-2,4,2,2,4-2-2,4,2,2,0,1,71,10
2024-07-13_s2-na-major-regional#48,2024-07-13_s2-na-major-regional,48,minoru mineta (ii),mha02-094,Mineta - Death & Taxes,death,4-2-2,4,2,2,4-2-2,4,2,2,0,1,69,10
2024-07-13_s2-na-major-regional#49,2024-07-13_s2-na-major-regional,49,"jester lavorre, prankster priestess",crmn-001,Jester (Godzilla),chaos,4-2-2,4,2,2,4-2-2,4,2,2,0,1,68,10
2024-07-13_s2-na-major-regional#50,2024-07-13_s2-na-major-regional,50,byakko,yyhdt-162,Byakko,earth,4-2-2,4,2,2,4-2-2,4,2,2,0,1,75,10
2024-07-13_s2-na-major-regional#51,2024-07-13_s2-na-major-regional,51,"godzilla, king of the monsters",cha03gmm-001,Korey Hicks Deck,chaos,4-2-2,4,2,2,4-2-2,4,2,2,0,1,66,10
2024-07-13_s2-na-major-regional#52,2024-07-13_s2-na-major-regional,52,pony tsunotori,mha07-098,Joshua Moore Deck,earth,4-3-1,4,3,1,4-3-1,4,3,1,0,1,75,10
2024-07-13_s2-na-major-regional#53,2024-07-13_s2-na-major-regional,53,endeavor (iii),mha06-055,Melanye Burna Deck,order,4-3-1,4,3,1,4-3-1,4,3,1,0,1,60,10
2024-07-13_s2-na-major-regional#54,2024-07-13_s2-na-major-regional,54,mimic (i),mha05-114,Mimic EVIL St Louis,evil,4-3-1,4,3,1,4-3-1,4,3,1,0,1,63,10
2024-07-13_s2-na-major-regional#55,2024-07-13_s2-na-major-regional,55,"king ghidorah, emperor of the cosmos",cha03krm-001,The TRUE king,evil,4-3-1,4,3,1,4-3-1,4,3,1,0,1,89,10
2024-07-13_s2-na-major-regional#56,2024-07-13_s2-na-major-regional,56,mimic (i),mha05-114,That's a friend,chaos,4-3-1,4,3,1,4-3-1,4,3,1,0,1,62,10
2024-07-13_s2-na-major-regional#57,2024-07-13_s2-na-major-regional,57,himiko toga (iii),mha06-001,Toga 3 Chaos,chaos,4-3-1,4,3,1,4-3-1,4,3,1,0,1,65,10
2024-07-13_s2-na-major-regional#58,2024-07-13_s2-na-major-regional,58,himiko toga (iii),mha06-001,Chaos Toga 3,chaos,4-3-1,4,3,1,4-3-1,4,3,1,0,1,64,10
2024-07-13_s2-na-major-regional#59,2024-07-13_s2-na-major-regional,59,camie utsushimi (i),mha06-145,camie,death,4-3-1,4,3,1,4-3-1,4,3,1,0,1,66,10
2024-07-13_s2-na-major-regional#60,2024-07-13_s2-na-major-regional,60,himiko toga (iii),mha06-001,Kandise Washburn Deck,death,4-3-1,4,3,1,4-3-1,4,3,1,0,1,75,10
2024-07-13_s2-na-major-regional#61,2024-07-13_s2-na-major-regional,61,"godzilla, king of the monsters",cha03gmm-001,Godzilla earth,earth,4-3-1,4,3,1,4-3-1,4,3,1,0,1,65,0
2024-07-13_s2-na-major-regional#62,2024-07-13_s2-na-major-regional,62,tamaki amajiki (i),mha05-091,Fortnite Victory Royale,chaos,4-3-1,4,3,1,4-3-1,4,3,1,0,1,64,10
2024-07-13_s2-na-major-regional#63,2024-07-13_s2-na-major-regional,63,cementos (i),mha02-202,Dominick Barrientoz Deck,earth,4-3-1,4,3,1,4-3-1,4,3,1,0,1,75,10
2024-07-13_s2-na-major-regional#64,2024-07-13_s2-na-major-regional,64,mina ashido (ii),mha02-037,Samuel Olivarez Deck,death,4-4-0,4,4,0,4-4-0,4,4,0,0,1,64,10
2024-07-13_s2-na-major-regional#65,2024-07-13_s2-na-major-regional,65,mirko (i),mha06-200,Maggie Kempf Deck,fire,4-4-0,4,4,0,4-4-0,4,4,0,0,1,64,10
2024-07-13_s2-na-major-regional#66,2024-07-13_s2-na-major-regional,66,mirko (i),mha06-200,Viera of Flame,fire,4-4-0,4,4,0,4-4-0,4,4,0,0,1,60,10
2024-07-13_s2-na-major-regional#67,2024-07-13_s2-na-major-regional,67,"rodan, giant monster of the sky",cha03krm-003,Dennis Rodman Power Hour,void,4-4-0,4,4,0,4-4-0,4,4,0,0,1,75,10
2024-07-13_s2-na-major-regional#68,2024-07-13_s2-na-major-regional,68,"godzilla, king of the monsters",cha03gmm-001,Zilla,chaos,4-4-0,4,4,0,4-4-0,4,4,0,0,1,63,10
2024-07-13_s2-na-major-regional#69,2024-07-13_s2-na-major-regional,69,tomura shigaraki (iii),mha04-091,Shigi 3 St Louis,evil,4-4-0,4,4,0,4-4-0,4,4,0,0,1,79,10
2024-07-13_s2-na-major-regional#70,2024-07-13_s2-na-major-regional,70,"rodan, giant monster of the sky",cha03krm-003,St.Louis Deck,void,4-4-0,4,4,0,4-4-0,4,4,0,0,1,78,10
2024-07-13_s2-na-major-regional#71,2024-07-13_s2-na-major-regional,71,ryukyu,mha07-102,Rocky Martinez Deck,all,4-4-0,4,4,0,4-4-0,4,4,0,0,1,65,10
2024-07-13_s2-na-major-regional#72,2024-07-13_s2-na-major-regional,72,"rodan, giant monster of the sky",cha03krm-003,Rodan st louis,void,4-4-0,4,4,0,4-4-0,4,4,0,0,1,80,10
2024-07-13_s2-na-major-regional#73,2024-07-13_s2-na-major-regional,73,himiko toga (iii),mha06-001,Stun TOGA STUN Chaosly,chaos,4-4-0,4,4,0,4-4-0,4,4,0,0,1,65,10
2024-07-13_s2-na-major-regional#74,2024-07-13_s2-na-major-regional,74,himiko toga (iii),mha06-001,Colin Cyrier Deck,chaos,4-4-0,4,4,0,4-4-0,4,4,0,0,1,68,10
2024-07-13_s2-na-major-regional#75,2024-07-13_s2-na-major-regional,75,overhaul (i),mha05-019,Michael Richards Deck,life,4-4-0,4,4,0,4-4-0,4,4,0,0,1,77,10
2024-07-13_s2-na-major-regional#76,2024-07-13_s2-na-major-regional,76,nicholas d. wolfwood,ts01-002,Wolfwood aggro,death,4-4-0,4,4,0,4-4-0,4,4,0,0,1,62,10
2024-07-13_s2-na-major-regional#77,2024-07-13_s2-na-major-regional,77,"yusuke, team leader",yyhdt-136,Benjamin Habeck regional,good,4-4-0,4,4,0,4-4-0,4,4,0,0,1,60,10
2024-07-13_s2-na-major-regional#78,2024-07-13_s2-na-major-regional,78,"mechagodzilla, kiryu",cha03gmm-002,Mecha-Godzilla Kiryu,earth,4-4-0,4,4,0,4-4-0,4,4,0,0,1,65,10
2024-07-13_s2-na-major-regional#79,2024-07-13_s2-na-major-regional,79,ochaco uraraka (iv),mha06-019,Bean Ochaco Water STL,water,4-4-0,4,4,0,4-4-0,4,4,0,0,1,63,10
2024-07-13_s2-na-major-regional#80,2024-07-13_s2-na-major-regional,80,byakko,yyhdt-162,tired,earth,4-4-0,4,4,0,4-4-0,4,4,0,0,1,71,10
2024-07-13_s2-na-major-regional#81,2024-07-13_s2-na-major-regional,81,mirio togata (i),mha05-001,Super mirio world,chaos,3-2-3,3,2,3,3-2-3,3,2,3,0,1,69,10
2024-07-13_s2-na-major-regional#82,2024-07-13_s2-na-major-regional,82,byakko,yyhdt-162,Byakoooooo,earth,4-4-0,4,4,0,4-4-0,4,4,0,0,1,73,10
2024-07-13_s2-na-major-regional#83,2024-07-13_s2-na-major-regional,83,mt. lady (ii),mha07-064,LA(dy) Devotee,void,4-4-0,4,4,0,4-4-0,4,4,0,0,1,63,10
2024-07-13_s2-na-major-regional#84,2024-07-13_s2-na-major-regional,84,eijiro kirishima (ii),mha_dlc2-223,my power and confidence start HARDEN up,earth,4-4-0,4,4,0,4-4-0,4,4,0,0,1,65,10
2024-07-13_s2-na-major-regional#85,2024-07-13_s2-na-major-regional,85,younger toguro,yyhdt-127,Toguro Season 2,death,4-4-0,4,4,0,4-4-0,4,4,0,0,1,60,10
2024-07-13_s2-na-major-regional#86,2024-07-13_s2-na-major-regional,86,mirko,mha07-046,Mirko 2 Deck,death,4-4-0,4,4,0,4-4-0,4,4,0,0,1,64,10
2024-07-13_s2-na-major-regional#87,2024-07-13_s2-na-major-regional,87,hawks (i),mha06-073,Mumbo Jumbo Hawks,order,3-3-2,3,3,2,3-3-2,3,3,2,0,1,69,10
2024-07-13_s2-na-major-regional#88,2024-07-13_s2-na-major-regional,88,endeavor (iii),mha06-055,Endeavor order,order,3-3-2,3,3,2,3-3-2,3,3,2,0,1,64,10
2024-07-13_s2-na-major-regional#89,2024-07-13_s2-na-major-regional,89,tamaki amajiki (i),mha05-091,Regionals #2 - Standard,chaos,3-3-2,3,3,2,3-3-2,3,3,2,0,1,60,10
2024-07-13_s2-na-major-regional#90,2024-07-13_s2-na-major-regional,90,byakko,yyhdt-162,ST Louis  regional bradley smith,earth,3-3-2,3,3,2,3-3-2,3,3,2,0,1,80,10
2024-07-13_s2-na-major-regional#91,2024-07-13_s2-na-major-regional,91,tomura shigaraki (iii),mha04-091,Garett Brett Deck - St Louis Regional 2024 S2,order,3-3-2,3,3,2,3-3-2,3,3,2,0,1,81,10
2024-07-13_s2-na-major-regional#92,2024-07-13_s2-na-major-regional,92,overhaul (i),mha05-019,"""Rampaging Overhaul"" - Daniel Tickle - St. Louis Regional",earth,3-3-2,3,3,2,3-3-2,3,3,2,0,1,71,10
2024-07-13_s2-na-major-regional#93,2024-07-13_s2-na-major-regional,93,genkai,yyhdt-028,Genkai,good,3-3-2,3,3,2,3-3-2,3,3,2,0,1,64,10
2024-07-13_s2-na-major-regional#94,2024-07-13_s2-na-major-regional,94,himiko toga (iii),mha06-001,???,chaos,3-4-1,3,4,1,3-4-1,3,4,1,0,1,60,10
2024-07-13_s2-na-major-regional#95,2024-07-13_s2-na-major-regional,95,mimic (i),mha05-114,Mimic Update,chaos,3-4-1,3,4,1,3-4-1,3,4,1,0,1,60,10
2024-07-13_s2-na-major-regional#96,2024-07-13_s2-na-major-regional,96,mt. lady (ii),mha07-064,Thirsty Deck Title,earth,3-4-1,3,4,1,3-4-1,3,4,1,0,1,60,0
2024-07-13_s2-na-major-regional#97,2024-07-13_s2-na-major-regional,97,nicholas d. wolfwood,ts01-002,wolfwood469 on wolfwood,death,3-4-1,3,4,1,3-4-1,3,4,1,0,1,61,10
2024-07-13_s2-na-major-regional#98,2024-07-13_s2-na-major-regional,98,"mechagodzilla, kiryu",cha03gmm-002,Dunkmaster Kiryu,earth,3-4-1,3,4,1,3-4-1,3,4,1,0,1,65,10
2024-07-13_s2-na-major-regional#99,2024-07-13_s2-na-major-regional,99,ochaco uraraka (iv),mha06-019,Life Preserver,earth,3-4-1,3,4,1,3-4-1,3,4,1,0,1,66,10
2024-07-13_s2-na-major-regional#100,2024-07-13_s2-na-major-regional,100,ryukyu,mha07-102,Olen Cox Deck,all,3-4-1,3,4,1,3-4-1,3,4,1,0,1,60,10
2024-07-13_s2-na-major-regional#101,2024-07-13_s2-na-major-regional,101,himiko toga (iii),mha06-001,Randy Wright Deck,chaos,3-4-1,3,4,1,3-4-1,3,4,1,0,1,64,0
2024-07-13_s2-na-major-regional#102,2024-07-13_s2-na-major-regional,102,"mechagodzilla, kiryu",cha03gmm-002,Skylar Creel Deck,earth,2-2-4,2,2,4,2-2-4,2,2,4,0,1,65,10
2024-07-13_s2-na-major-regional#103,2024-07-13_s2-na-major-regional,103,mimic (i),mha05-114,My BIG ol' thicc mimic,chaos,3-5-0,3,5,0,3-5-0,3,5,0,0,1,64,10
2024-07-13_s2-na-major-regional#104,2024-07-13_s2-na-major-regional,104,"king ghidorah, emperor of the cosmos",cha03krm-001,Gidorah evil,evil,3-5-0,3,5,0,3-5-0,3,5,0,0,1,66,10
2024-07-13_s2-na-major-regional#105,2024-07-13_s2-na-major-regional,105,mirio togata (i),mha05-001,Lemillion,chaos,3-5-0,3,5,0,3-5-0,3,5,0,0,1,61,10
2024-07-13_s2-na-major-regional#106,2024-07-13_s2-na-major-regional,106,camie utsushimi (i),mha06-145,Regional Deck,death,3-3-0,3,3,0,3-3-0,3,3,0,0,1,64,0
2024-07-13_s2-na-major-regional#107,2024-07-13_s2-na-major-regional,107,ryukyu,mha07-102,Ryukyu All St Louis Regional,all,3-5-0,3,5,0,3-5-0,3,5,0,0,1,64,10
2024-07-13_s2-na-major-regional#108,2024-07-13_s2-na-major-regional,108,mina ashido (ii),mha02-037,Easy,death,3-5-0,3,5,0,3-5-0,3,5,0,0,1,61,10
2024-07-13_s2-na-major-regional#109,2024-07-13_s2-na-major-regional,109,woman,mha07-110,Neil Mahoney Deck,void,3-5-0,3,5,0,3-5-0,3,5,0,0,1,75,10
2024-07-13_s2-na-major-regional#110,2024-07-13_s2-na-major-regional,110,pony tsunotori,mha07-098,Robert Myers Deck,earth,3-5-0,3,5,0,3-5-0,3,5,0,0,1,65,10
2024-07-13_s2-na-major-regional#111,2024-07-13_s2-na-major-regional,111,bubble girl,mha05-240,Chris Lambkin Deck,good,3-5-0,3,5,0,3-5-0,3,5,0,0,1,70,10
2024-07-13_s2-na-major-regional#112,2024-07-13_s2-na-major-regional,112,byakko,yyhdt-162,Byakko [St. Louis],earth,3-5-0,3,5,0,3-5-0,3,5,0,0,1,70,10
2024-07-13_s2-na-major-regional#113,2024-07-13_s2-na-major-regional,113,"kurama, youko unleashed",yyhdt-064,wet fox,water,3-5-0,3,5,0,3-5-0,3,5,0,0,1,62,10
2024-07-13_s2-na-major-regional#114,2024-07-13_s2-na-major-regional,114,mirko (i),mha06-200,Bunny girl st Louis,death,2-3-3,2,3,3,2-3-3,2,3,3,0,1,74,10
2024-07-13_s2-na-major-regional#115,2024-07-13_s2-na-major-regional,115,woman,mha07-110,Woman Void,void,2-3-3,2,3,3,2-3-3,2,3,3,0,1,61,10
2024-07-13_s2-na-major-regional#116,2024-07-13_s2-na-major-regional,116,"mothra, giant moth monster",cha03gmm-003,Mothra,air,3-5-0,3,5,0,3-5-0,3,5,0,0,1,60,10
2024-07-13_s2-na-major-regional#117,2024-07-13_s2-na-major-regional,117,endeavor (iii),mha06-055,Jamie Schwartz Deck,fire,3-5-0,3,5,0,3-5-0,3,5,0,0,1,62,10
2024-07-13_s2-na-major-regional#118,2024-07-13_s2-na-major-regional,118,ryukyu,mha07-102,Dragon chick on all,all,2-3-3,2,3,3,2-3-3,2,3,3,0,1,66,10
2024-07-13_s2-na-major-regional#119,2024-07-13_s2-na-major-regional,119,"mechagodzilla, kiryu",cha03gmm-002,"Lukas Simcox - Mechagodzilla, Kiryu",order,3-5-0,3,5,0,3-5-0,3,5,0,0,1,60,10
2024-07-13_s2-na-major-regional#120,2024-07-13_s2-na-major-regional,120,"mechagodzilla, bionic menace",cha03krm-002,Bionic Punches,fire,3-5-0,3,5,0,3-5-0,3,5,0,0,1,60,10
2024-07-13_s2-na-major-regional#121,2024-07-13_s2-na-major-regional,121,mirko,mha07-046,Air Mirko,air,2-3-3,2,3,3,2-3-3,2,3,3,0,1,69,10
2024-07-13_s2-na-major-regional#122,2024-07-13_s2-na-major-regional,122,ochaco uraraka (iv),mha06-019,Channel 8- The ochaco 4 (water),water,2-2-2,2,2,2,2-2-2,2,2,2,0,1,60,10
2024-07-13_s2-na-major-regional#123,2024-07-13_s2-na-major-regional,123,younger toguro,yyhdt-127,Young Jank,death,1-4-2 +1 bye,,,,1-4-2,1,4,2,0,1,70,10
2024-07-13_s2-na-major-regional#124,2024-07-13_s2-na-major-regional,124,rikiya katsukame (i),mha05-115,Relegation,life,2-2-2,2,2,2,2-2-2,2,2,2,0,1,64,10
2024-07-13_s2-na-major-regional#125,2024-07-13_s2-na-major-regional,125,toru hagakure (ii),mha07-191,Hunter Solberg Deck (Toru),water,2-4-2,2,4,2,2-4-2,2,4,2,0,1,62,10
2024-07-13_s2-na-major-regional#126,2024-07-13_s2-na-major-regional,126,katsuki bakugo (iv),mha06-100,Lena Rains Deck,void,2-4-2,2,4,2,2-4-2,2,4,2,0,1,65,10
2024-07-13_s2-na-major-regional#127,2024-07-13_s2-na-major-regional,127,,,,,,,,,,,,,0,0,0,0
2024-07-13_s2-na-major-regional#128,2024-07-13_s2-na-major-regional,128,mei hatsume,mha07-086,Ellexis Baker Deck,order,2-5-1,2,5,1,2-5-1,2,5,1,0,1,65,0
2024-07-13_s2-na-major-regional#129,2024-07-13_s2-na-major-regional,129,"rodan, giant monster of the sky",cha03krm-003,Regionals Rodan,all,2-5-1,2,5,1,2-5-1,2,5,1,0,1,70,10
2024-07-13_s2-na-major-regional#130,2024-07-13_s2-na-major-regional,130,katsuki bakugo (iv),mha06-100,zach levow Deck,death,2-5-1,2,5,1,2-5-1,2,5,1,0,1,62,0
2024-07-13_s2-na-major-regional#131,2024-07-13_s2-na-major-regional,131,endeavor (iii),mha06-055,Buddy Holly,order,2-4-0,2,4,0,2-4-0,2,4,0,0,1,60,10
2024-07-13_s2-na-major-regional#132,2024-07-13_s2-na-major-regional,132,ochaco uraraka (iv),mha06-019,Saint Louis | Ochaco 4 Water,water,2-6-0,2,6,0,2-6-0,2,6,0,0,1,63,10
2024-07-13_s2-na-major-regional#133,2024-07-13_s2-na-major-regional,133,minoru mineta (ii),mha02-094,Scott Weaver Deck,death,2-6-0,2,6,0,2-6-0,2,6,0,0,1,60,10
2024-07-13_s2-na-major-regional#134,2024-07-13_s2-na-major-regional,134,jin,yyhdt-046,Dylan Woody Deck,air,2-4-0,2,4,0,2-4-0,2,4,0,0,1,62,10
2024-07-13_s2-na-major-regional#135,2024-07-13_s2-na-major-regional,135,mina ashido (ii),mha02-037,Acid burns,death,2-6-0,2,6,0,2-6-0,2,6,0,0,1,66,10
2024-07-13_s2-na-major-regional#136,2024-07-13_s2-na-major-regional,136,overhaul (i),mha05-019,Overhual Regionals,earth,2-6-0,2,6,0,2-6-0,2,6,0,0,1,68,10
2024-07-13_s2-na-major-regional#137,2024-07-13_s2-na-major-regional,137,hawks (i),mha06-073,Matthew LeMoine Deck,order,1-4-3,1,4,3,1-4-3,1,4,3,0,1,67,0
2024-07-13_s2-na-major-regional#138,2024-07-13_s2-na-major-regional,138,endeavor (iii),mha06-055,Brennen Wright Deck,fire,1-4-3,1,4,3,1-4-3,1,4,3,0,1,61,10
2024-07-13_s2-na-major-regional#139,2024-07-13_s2-na-major-regional,139,hawks (i),mha06-073,Talan Hicks - St Louis regional,order,1-4-3,1,4,3,1-4-3,1,4,3,0,1,67,10
2024-07-13_s2-na-major-regional#140,2024-07-13_s2-na-major-regional,140,shoto todoroki (iv),mha06-127,Drake Kobold Deck,water,2-6-0,2,6,0,2-6-0,2,6,0,0,1,66,0
2024-07-13_s2-na-major-regional#141,2024-07-13_s2-na-major-regional,141,endeavor (iii),mha06-055,Darrick Jackson regional,fire,1-4-3,1,4,3,1-4-3,1,4,3,0,1,74,10
2024-07-13_s2-na-major-regional#142,2024-07-13_s2-na-major-regional,142,mt. lady (ii),mha07-064,Deck,void,1-4-3,1,4,3,1-4-3,1,4,3,0,1,66,10
2024-07-13_s2-na-major-regional#143,2024-07-13_s2-na-major-regional,143,tomura shigaraki (iii),mha04-091,Connor Levow Deck,evil,1-4-3,1,4,3,1-4-3,1,4,3,0,1,70,10
2024-07-13_s2-na-major-regional#144,2024-07-13_s2-na-major-regional,144,mirio togata (i),mha05-001,Mirio - Jacob Wilson,good,1-5-2,1,5,2,1-5-2,1,5,2,0,1,64,0
2024-07-13_s2-na-major-regional#145,2024-07-13_s2-na-major-regional,145,tsuyu asui (iii),mha06-136,Robert Garrison Deck,water,1-3-1,1,3,1,1-3-1,1,3,1,0,1,69,10
2024-07-13_s2-na-major-regional#146,2024-07-13_s2-na-major-regional,146,endeavor (iii),mha06-055,End,order,1-3-1,1,3,1,1-3-1,1,3,1,0,1,62,10
2024-07-13_s2-na-major-regional#147,2024-07-13_s2-na-major-regional,147,ochaco uraraka,mha07-073,George Baker Deck,chaos,1-6-1,1,6,1,1-6-1,1,6,1,0,1,69,10
2024-07-13_s2-na-major-regional#148,2024-07-13_s2-na-major-regional,148,endeavor (iii),mha06-055,BOOM BOOM BOOM BOOM I want enji in my room,earth,1-3-1,1,3,1,1-3-1,1,3,1,0,1,60,10
2024-07-13_s2-na-major-regional#149,2024-07-13_s2-na-major-regional,149,ochaco uraraka (iv),mha06-019,"""Nasty"" is a song by American singer and songwriter Tinashe. It was released on April 12, 2024, via her independent record label, Tinashe Music Inc. and Nice Life Recording Company. The song's release coincided with her performance at the 2024 Coachella Valley Music & Arts Festival.[1]  ""Nasty"" is set to serve as the lead single from her upcoming seventh studio album, Quantum Baby. It was written by Tinashe and Ricky Reed and produced by Zack Sekoff alongside Reed. ""Nasty"" peaked at number 61 on the Billboard Hot 100 in June 2024, becoming Tinashe's first entry on the chart as a lead artist since her 2014 single ""2 On"" and her first entry as an independent artist.  Background, release, and promotion Before releasing ""Nasty"", Tinashe released six studio albums and became independent from a record label in 2019.[2] In April 2024, she signed a worldwide publishing deal with Position Music, obtaining the publishing rights to her future releases from that point forward and her previous album BB/Ang3l.[3] She teased her forthcoming seventh studio album, Quantum Baby—the second in a trilogy of albums following BB/Ang3l—with a trailer shared on her various social media platforms on April 8. ""Nasty"", the lead single from Quantum Baby, and its music video were both released on April 12, 2024.[4]  ""Nasty"" first became popular due to the virality of a video posted in June 2024 to X of TikTok user @nates.vibe, whom The Cut described as a ""nerdy white boy with surprise flavor"", wining to soca music with his dance instructor, with ""Nasty"" laid over the video.[5] Tinashe also posted several videos of her recreating the dance over the original video.[6] On June 18, 2024, Tinashe released the Match My Freak extended play (EP), comprising the single version of ""Nasty"" and five remixes, including a Jersey club remix by Uniiqu3 (the ""Match My Speed"" remix), an EDM remix by Wuki (the ""Match My Peak"" remix), a ""hyperactive, chopped-up"" rave remix by Jane Remover (the ""Match My Tweak"" remix),[7] a chopped and screwed remix by OG Ron C and DJ Candlestick (the ""Match My Sleek"" remix), and a remix by DJ Tunez.[8][9] Later that month, she released a capsule collection of ""Nasty""-themed merchandise, including condoms, temporary tattoos, boxers, hockey jerseys, socks, towels, pendants, tank tops, t-shirts, and hoodies.[10]  Composition ""Nasty"" is an understated[11] R&B[12] and rhythmic pop song on which Tinashe ""rap-sings"" about searching for someone to match her sexual energy, which she alternately calls her ""freak"" and her ""nasty"", while also using several double entendres.[13][11] The song has a ""robotic"" hook[12] and, in its second verse, she details a sexually charged date night, singing ""Shotgun, my thighs on his seat/I ain't got nothing underneath/Looks like you're 'bout to spend the night/Freak side, I'm 'bout to change your life"".[14]  Billboard's Kyle Denis and Michael Saponara wrote that ""Tinashe leans into her Nasty Nashe alter-ego"" on the song.[14] Its beat was described by Alex Gonzalez of Uproxx as ""punchy"" and ""futuristic"".[15] Tinashe described ""Nasty"" as ""fun, sexy, empowered and cute"".[4] Stereogum's Tom Breihan jokingly likened the song to a ""horny-robot mating call"".[7]  Commercial performance On the chart dated June 15, 2024, ""Nasty"" debuted at number 90 on the Billboard Hot 100, becoming Tinashe's overall fifth entry, second as a lead artist and first solo song on the chart. It also marked her first Hot 100 entry in almost eight years,[16] and later peaked at number 61.[17] The song also peaked at number 19 on the US Hot R&B/Hip-Hop Songs on the chart dated June 22, 2024.[18]  Music video The accompanying music video for ""Nasty"" was released the same day as the single on April 12, 2024. It was directed by Jonah Haber and choreographed by Jojo Gomez.[19] In it, Tinashe dances in a desert while fighting off aliens who shoot lasers from UFOs at her, before firing back with a weapon and escaping.[10]  Following its release, Ivan Guzman of Paper described the video as ""a study in sexy surveillance, shot in the desert and intentionally timed around the recent eclipse"".[4] Taylor Henderson of BET wrote that the video was ""Mad Max-inspired"", while Alex Gonzalez, for Uproxx, praised the video's choreography as ""next-level"".[20][15]  Live performances Tinashe performed ""Nasty"" live for the first time during her debut performance at the Coachella Valley Music and Arts Festival at the Mojave stage in April 2024.[4][21] She then performed the song on Jimmy Kimmel Live! on June 12.[22]  Recognition ""Nasty"" initially went viral on X after a user posted a video from TikTok of a British dancer dancing to soca music with his instructor, with ""Nasty"" replacing the original audio.[23] The song gained further traction on TikTok.[24]  Credits and personnel Tinashe – vocals, songwriting Ricky Reed – production Zack Sekoff – production Ike Schultz – vocal production, mixing engineering Ethan Shumaker – mixing engineering Chris Gehringer – master engineering Charts Chart performance for ""Nasty"" Chart (2024)	Peak position Australia (ARIA)[25]	83 Canada (Canadian Hot 100)[26]	61 Global 200 (Billboard)[27]	84 Ireland (IRMA)[28]	75 New Zealand Hot Singles (RMNZ)[29]	10 Philippines (Philippines Hot 100)[30]	24 UK Singles (OCC)[31]	66 UK Hip Hop/R&B (OCC)[32]	25 UK Indie (OCC)[33]	14 US Billboard Hot 100[17]	61 US Hot R&B/Hip-Hop Songs (Billboard)[18]	18 US Rhythmic (Billboard)[34]	14 Release history Release dates and formats for ""Nasty"" Region	Date	Format	Label	Ref. Various	April 12, 2024	 Digital downloadstreaming Tinashe Music IncNice Life [35] United States	May 28, 2024	Rhythmic contemporary radio	[36] Various	June 18, 2024	Match My Freak EP (streaming)	[37] References  ""Coachella Valley Music and Arts Festival"". www.coachella.com. Retrieved April 24, 2024.  Walker, Calvin (May 31, 2024). ""Love 'Nasty'? Get To Know Tinashe With 10 Songs That Show Her Honesty & Artistry"". Grammy.com. Retrieved July 7, 2024.  Wild, Stephi. ""Position Music Signs Tinashe To Worldwide Publishing Deal"". BroadwayWorld.com. Retrieved April 24, 2024.  Guzman, Ivan (April 12, 2024). ""Tinashe Gets 'Nasty' Before Coachella"". Paper. Retrieved June 27, 2024.  Ocho, Alex (June 22, 2024). ""Tinashe Releases 'Match My Freak' Collection Including Condoms, Thongs, and More"". Complex. Retrieved July 9, 2024.  Zhang, Cat (May 17, 2024). ""Why Is Tinashe's 'Nasty' Going Viral?"". The Cut. Retrieved July 9, 2024.  Breihan, Tom (June 18, 2024). ""Jane Remover Remixes Tinashe's 'Nasty,' Makes It Nastier: Listen"". Stereogum. Retrieved July 9, 2024.  ""Tinashe Announces 'Match My Freak' EP In Promotion Of Her Viral Track ""Nasty"""". Rap-Up. June 17, 2024. Retrieved June 18, 2024.  Curto, Justin (June 18, 2024). ""You Now Have Five More Chances to Match Tinashe's Freak"". Vulture. Retrieved July 7, 2024.  Inman, DeMicia (June 24, 2024). ""Tinashe Issues 'Nasty' Condoms, Socks, And Hoodies In Capsule Collection"". Vibe. Retrieved July 7, 2024. Cite error: The named reference ""Vibe"" was defined multiple times with different content (see the help page).  Lipshutz, Jason (April 15, 2024). ""Sabrina Carpenter's Delicious 'Espresso' and 4 More Cool New Pop Songs This Week"". Billboard. Retrieved June 27, 2024.  Wang, Steffanee (April 16, 2024). ""Tinashe's Spacey Jam & 9 Other New Songs Out This Week"". Nylon. Retrieved June 27, 2024.  Henderson, Taylor (April 12, 2024). ""New Music Friday: Willow, NLE Choppa, & Tinashe Are Ready for the Summer"". BET. Retrieved June 27, 2024.  Denis, Kyle; Saponara, Michael (April 15, 2024). ""R&B/Hip-Hop Fresh Picks of the Week: PARTYNEXTDOOR, Maiya the Don, Kalan.FrFr & More"". Billboard. Retrieved June 27, 2024.  Gonzalez, Alex (April 12, 2024). ""Tinashe Drops Her 'Nasty' New Single And Video"". Uproxx. Retrieved June 27, 2024.  @billboardcharts (June 10, 2024). ""@Tinashe's ""Nasty"" debuts at No. 90 on this week's #Hot100"" (Tweet). Retrieved June 11, 2024 – via Twitter.  ""Tinashe Chart History (Hot 100)"". Billboard. Retrieved July 2, 2024.  ""Tinashe Chart History (Hot R&B/Hip-Hop Songs)"". Billboard. Retrieved July 2, 2024.  Nasty (Music video). April 12, 2024. Retrieved June 3, 2024.  Henderson, Taylor (April 12, 2024). ""New Music Friday: Willow, NLE Choppa, & Tinashe Are Ready for the Summer"". BET. Retrieved June 27, 2024.  Nast, Condé (April 21, 2024). ""Tinashe Reveals How She Uses Music & Social Media to ""Create a Legacy"""". Teen Vogue. Retrieved April 24, 2024.  Breihan, Tom (June 13, 2024). ""Tinashe Performs Her Viral Smash 'Nasty' On 'Kimmel': Watch"". Stereogum. Retrieved June 13, 2024.  Zhang, Cat (May 17, 2024). ""Why Is Tinashe's 'Nasty' Going Viral?"". The Cut. Retrieved June 10, 2024.  Oliver, David (June 6, 2024). ""What in the world does 'match my freak' mean? More than you think"". USA Today. Retrieved June 10, 2024.  ""The ARIA Report: Week Commencing 24 June 2024"". The ARIA Report. No. 1790. Australian Recording Industry Association. June 26, 2024. p. 4.  ""Tinashe Chart History (Canadian Hot 100)"". Billboard. Retrieved June 25, 2024.  ""Tinashe Chart History (Global 200)"". Billboard. Retrieved June 25, 2024.  ""IRMA – Irish Charts"". Irish Recorded Music Association. Retrieved June 22, 2024.  ""NZ Hot Singles Chart"". Recorded Music NZ. June 10, 2024. Retrieved June 7, 2024.  ""Week of July 13, 2024 - Billboard Philippines"". billboardphilippines.com. July 10, 2024. Retrieved July 10, 2024.  ""Official Singles Chart Top 100"". Official Charts Company. Retrieved June 21, 2024.  ""Official Hip Hop and R&B Singles Chart Top 40"". Official Charts Company. Retrieved June 21, 2024.  ""Official Independent Singles Chart Top 50"". Official Charts Company. Retrieved June 21, 2024.  ""Tinashe Chart History (Rhythmic)"". Billboard. Retrieved July 7, 2024.  ""Tinashe Shares New Song ""Nasty"": Listen"". Stereogum. April 12, 2024. Retrieved May 31, 2024.  ""RadioWaveMonitor.com - Top 40/Urban 100 | RadioWave Monitor Charts"". www.radiowavemonitor.com. Retrieved June 24, 2024.  ""Match My Freak EP"". Spotify. June 18, 2024. Retrieved June 18, 2024. vte Tinashe Discography Studio albums	 AquariusNightrideJoyrideSongs for You333BB/Ang3lQuantum Baby Mixtapes	 In Case We DieReverieBlack WaterAmethyst Singles	 ""2 On""""Pretend""""All Hands on Deck""""Player""""Company""""Superlove""""Flame""""Light the Night Up""""No Drama""""Faded Love""""Me So Bad""""Like I Used To""""Throw a Fit""""Die a Little Bit""""Rascal (Superstar)""""Dance Like Nobody's Watching""""New to You""""Talk to Me Nice""""Needs""""Nasty""""Getting No Sleep"" Featured singles	 ""Body Language""""Jealous (Remix)""""Drop That Kitty""""All My Friends""""Just Say""""Duele el Corazón""""Slumber Party""""Text from Your Ex""""Lean on Me"" Tours	 Aquarius Tour Related articles	 The Stunners Categories: 2024 songs2024 singlesSongs about partiesSongs written by Ricky ReedSongs written by TinasheTinashe songsTrap music songs",water,1-4-1,1,4,1,1-4-1,1,4,1,0,1,62,10
2024-07-13_s2-na-major-regional#150,2024-07-13_s2-na-major-regional,150,sir nighteye (i),mha05-082,All Nighteye,all,0-6-1 +1 bye,,,,0-6-1,0,6,1,0,1,65,10
2024-07-13_s2-na-major-regional#151,2024-07-13_s2-na-major-regional,151,mina ashido (ii),mha02-037,Harrison Wallace Deck,death,1-6-1,1,6,1,1-6-1,1,6,1,0,1,66,10
2024-07-13_s2-na-major-regional#152,2024-07-13_s2-na-major-regional,152,ochaco uraraka (iv),mha06-019,3456,water,1-3-0,1,3,0,1-3-0,1,3,0,0,1,64,10
2024-07-13_s2-na-major-regional#153,2024-07-13_s2-na-major-regional,153,tamaki amajiki (i),mha05-091,Harrison Ramirez Deck,chaos,1-2-0,1,2,0,1-2-0,1,2,0,0,1,76,10
2024-07-13_s2-na-major-regional#154,2024-07-13_s2-na-major-regional,154,mina ashido (ii),mha02-037,Mina 2 Death DT Updated,death,1-3-0,1,3,0,1-3-0,1,3,0,0,1,62,10
2024-07-13_s2-na-major-regional#155,2024-07-13_s2-na-major-regional,155,mina ashido (ii),mha02-037,Kreed Perry Deck,death,1-3-0,1,3,0,1-3-0,1,3,0,0,1,65,10
2024-07-13_s2-na-major-regional#156,2024-07-13_s2-na-major-regional,156,koji koda (i),mha03-037,Henry Clark Deck,life,1-6-0,1,6,0,1-6-0,1,6,0,0,1,60,10
2024-07-13_s2-na-major-regional#157,2024-07-13_s2-na-major-regional,157,jin,yyhdt-046,I don't care,void,1-3-0,1,3,0,1-3-0,1,3,0,0,1,67,0
2024-07-13_s2-na-major-regional#158,2024-07-13_s2-na-major-regional,158,himiko toga (iii),mha06-001,Toga three go brrrrr,chaos,0-3-3,0,3,3,0-3-3,0,3,3,0,1,64,0
2024-07-13_s2-na-major-regional#159,2024-07-13_s2-na-major-regional,159,best jeanist (i),mha06-037,Blackened Denim (as piloted by inuratus),death,0-5-3,0,5,3,0-5-3,0,5,3,0,1,64,10
2024-07-13_s2-na-major-regional#160,2024-07-13_s2-na-major-regional,160,katsuki bakugo (iv),mha06-100,Bakugo 4,void,0-4-2,0,4,2,0-4-2,0,4,2,0,1,64,10
2024-07-13_s2-na-major-regional#161,2024-07-13_s2-na-major-regional,161,tamaki amajiki (i),mha05-091,Amajiki,chaos,0-2-1,0,2,1,0-2-1,0,2,1,0,1,67,10
2024-07-13_s2-na-major-regional#162,2024-07-13_s2-na-major-regional,162,himiko toga (iii),mha06-001,Nathan Murrell Deck,chaos,0-4-0,0,4,0,0-4-0,0,4,0,0,1,66,10
2024-07-13_s2-na-major-regional#163,2024-07-13_s2-na-major-regional,163,kinoko komori,mha07-082,st Louis regional - kinoko komori (death),death,0-5-0,0,5,0,0-5-0,0,5,0,0,1,70,0
2024-07-13_s2-na-major-regional#164,2024-07-13_s2-na-major-regional,164,mt. lady (ii),mha07-064,Mt. Lady St. Louis,chaos,0-1-0,0,1,0,0-1-0,0,1,0,0,1,63,0
2024-07-13_s2-na-major-regional#165,2024-07-13_s2-na-major-regional,165,mimic (i),mha05-114,Dart Fancher Deck,chaos,0-4-0,0,4,0,0-4-0,0,4,0,0,1,67,10
2024-07-27_s2-eu-major-regional#1,2024-07-27_s2-eu-major-regional,1,"godzilla, king of the monsters",cha03gmm-001,Greg Moss RLE 2 Deck,chaos,4-0-2,4,0,2,7-0-2,7,0,2,1,1,64,10
2024-07-27_s2-eu-major-regional#2,2024-07-27_s2-eu-major-regional,2,"godzilla, king of the monsters",cha03gmm-001,Jonathan Yeates Deck,chaos,4-1-1,4,1,1,6-2-1,6,2,1,1,1,64,10
2024-07-27_s2-eu-major-regional#3,2024-07-27_s2-eu-major-regional,3,"rodan, giant monster of the sky",cha03krm-003,Shoyr,void,4-0-2,4,0,2,5-1-2,5,1,2,1,1,67,10
2024-07-27_s2-eu-major-regional#4,2024-07-27_s2-eu-major-regional,4,recovery girl (i),mha03-241,Little old lady murder club,good,4-0-2,4,0,2,5-1-2,5,1,2,1,1,70,10
2024-07-27_s2-eu-major-regional#5,2024-07-27_s2-eu-major-regional,5,"godzilla, king of the monsters",cha03gmm-001,The guy that makes universus.cards should work as a consultant to improve this deck builder,earth,4-0-2,4,0,2,4-1-2,4,1,2,1,1,64,10
2024-07-27_s2-eu-major-regional#6,2024-07-27_s2-eu-major-regional,6,"rodan, giant monster of the sky",cha03krm-003,Void Rodaddy,void,4-1-1,4,1,1,4-2-1,4,2,1,1,1,66,10
2024-07-27_s2-eu-major-regional#7,2024-07-27_s2-eu-major-regional,7,"godzilla, king of the monsters",cha03gmm-001,Regionals Deck List,chaos,4-1-1,4,1,1,4-2-1,4,2,1,1,1,65,10
2024-07-27_s2-eu-major-regional#8,2024-07-27_s2-eu-major-regional,8,mt. lady,mha07-064,I love Mt Lady,chaos,4-1-1,4,1,1,4-2-1,4,2,1,1,1,60,10
2024-07-27_s2-eu-major-regional#9,2024-07-27_s2-eu-major-regional,9,"king ghidorah, emperor of the cosmos",cha03krm-001,Coran Sloss Deck,evil,4-1-1,4,1,1,4-1-1,4,1,1,0,1,61,0
2024-07-27_s2-eu-major-regional#10,2024-07-27_s2-eu-major-regional,10,himiko toga (iii),mha06-001,Toga,chaos,4-2-0,4,2,0,4-2-0,4,2,0,0,1,66,10
2024-07-27_s2-eu-major-regional#11,2024-07-27_s2-eu-major-regional,11,byakko,yyhdt-162,Beeeeg cat,earth,4-2-0,4,2,0,4-2-0,4,2,0,0,1,84,10
2024-07-27_s2-eu-major-regional#12,2024-07-27_s2-eu-major-regional,12,"rodan, giant monster of the sky",cha03krm-003,Liam Chawner Deck,void,4-2-0,4,2,0,4-2-0,4,2,0,0,1,72,10
2024-07-27_s2-eu-major-regional#13,2024-07-27_s2-eu-major-regional,13,"godzilla, king of the monsters",cha03gmm-001,RLE 2,chaos,4-2-0,4,2,0,4-2-0,4,2,0,0,1,66,10
2024-07-27_s2-eu-major-regional#14,2024-07-27_s2-eu-major-regional,14,"godzilla, king of the monsters",cha03gmm-001,Step on Tokyo,chaos,4-2-0,4,2,0,4-2-0,4,2,0,0,1,64,10
2024-07-27_s2-eu-major-regional#15,2024-07-27_s2-eu-major-regional,15,"mechagodzilla, kiryu",cha03gmm-002,Kiryu earth,earth,4-2-0,4,2,0,4-2-0,4,2,0,0,1,79,10
2024-07-27_s2-eu-major-regional#16,2024-07-27_s2-eu-major-regional,16,himiko toga (iii),mha06-001,Enrique Real Perdomo Deck,life,4-2-0,4,2,0,4-2-0,4,2,0,0,1,60,10
2024-07-27_s2-eu-major-regional#17,2024-07-27_s2-eu-major-regional,17,"rodan, giant monster of the sky",cha03krm-003,Rodan - Regionals,all,3-1-2,3,1,2,3-1-2,3,1,2,0,1,76,10
2024-07-27_s2-eu-major-regional#18,2024-07-27_s2-eu-major-regional,18,"godzilla, king of the monsters",cha03gmm-001,Godzilla 2 Earth,earth,3-2-1,3,2,1,3-2-1,3,2,1,0,1,62,10
2024-07-27_s2-eu-major-regional#19,2024-07-27_s2-eu-major-regional,19,"godzilla, king of the monsters",cha03gmm-001,Tokoyami 2 RLE 2 2024,earth,3-2-1,3,2,1,3-2-1,3,2,1,0,1,62,10
2024-07-27_s2-eu-major-regional#20,2024-07-27_s2-eu-major-regional,20,tamaki amajiki (i),mha05-091,Mattia Rustignoli Deck,chaos,3-2-1,3,2,1,3-2-1,3,2,1,0,1,66,10
2024-07-27_s2-eu-major-regional#21,2024-07-27_s2-eu-major-regional,21,"godzilla, king of the monsters",cha03gmm-001,Rhys Mathews Deck,chaos,3-3-0,3,3,0,3-3-0,3,3,0,0,1,64,10
2024-07-27_s2-eu-major-regional#22,2024-07-27_s2-eu-major-regional,22,"rodan, giant monster of the sky",cha03krm-003,Roddy rich,void,3-3-0,3,3,0,3-3-0,3,3,0,0,1,67,10
2024-07-27_s2-eu-major-regional#23,2024-07-27_s2-eu-major-regional,23,all for one (i),mha04-001,Ultimate Combination,evil,3-3-0,3,3,0,3-3-0,3,3,0,0,1,68,10
2024-07-27_s2-eu-major-regional#24,2024-07-27_s2-eu-major-regional,24,tamaki amajiki (i),mha05-091,Michael riley Deck,chaos,2-1-3,2,1,3,2-1-3,2,1,3,0,1,64,10
2024-07-27_s2-eu-major-regional#25,2024-07-27_s2-eu-major-regional,25,"king ghidorah, emperor of the cosmos",cha03krm-001,Ghidorah Deck,evil,2-1-3,2,1,3,2-1-3,2,1,3,0,1,64,10
2024-07-27_s2-eu-major-regional#26,2024-07-27_s2-eu-major-regional,26,fourth kind (i),mha02-200,Blueflame Flare Fourth Kind,fire,3-3-0,3,3,0,3-3-0,3,3,0,0,1,69,10
2024-07-27_s2-eu-major-regional#27,2024-07-27_s2-eu-major-regional,27,"godzilla, king of the monsters",cha03gmm-001,Godzilla Chaos,chaos,3-3-0,3,3,0,3-3-0,3,3,0,0,1,63,10
2024-07-27_s2-eu-major-regional#28,2024-07-27_s2-eu-major-regional,28,sir nighteye (i),mha05-082,Kieran Holden Deck,death,3-3-0,3,3,0,3-3-0,3,3,0,0,1,73,10
2024-07-27_s2-eu-major-regional#29,2024-07-27_s2-eu-major-regional,29,"godzilla, king of the monsters",cha03gmm-001,Godzilla Smash,earth,3-3-0,3,3,0,3-3-0,3,3,0,0,1,65,0
2024-07-27_s2-eu-major-regional#30,2024-07-27_s2-eu-major-regional,30,izuku midoriya (v),mha06-091,Deku Air Force Deck,air,3-3-0,3,3,0,3-3-0,3,3,0,0,1,64,10
2024-07-27_s2-eu-major-regional#31,2024-07-27_s2-eu-major-regional,31,"godzilla, king of the monsters",cha03gmm-001,Jamie Morgan Deck,earth,3-3-0,3,3,0,3-3-0,3,3,0,0,1,67,10
2024-07-27_s2-eu-major-regional#32,2024-07-27_s2-eu-major-regional,32,himiko toga (iii),mha06-001,Jimmy Moon Deck,death,3-3-0,3,3,0,3-3-0,3,3,0,0,1,61,10
2024-07-27_s2-eu-major-regional#33,2024-07-27_s2-eu-major-regional,33,izuku midoriya (iv),mha05-055,Andrew Bailey Deck,good,3-3-0,3,3,0,3-3-0,3,3,0,0,1,65,10
2024-07-27_s2-eu-major-regional#34,2024-07-27_s2-eu-major-regional,34,"king ghidorah, emperor of the cosmos",cha03krm-001,Declan Savage Deck,evil,2-2-2,2,2,2,2-2-2,2,2,2,0,1,66,10
2024-07-27_s2-eu-major-regional#35,2024-07-27_s2-eu-major-regional,35,"godzilla, king of the monsters",cha03gmm-001,zilly,earth,2-2-2,2,2,2,2-2-2,2,2,2,0,1,66,10
2024-07-27_s2-eu-major-regional#36,2024-07-27_s2-eu-major-regional,36,"godzilla, king of the monsters",cha03gmm-001,John Bell Deck,chaos,2-2-2,2,2,2,2-2-2,2,2,2,0,1,66,10
2024-07-27_s2-eu-major-regional#37,2024-07-27_s2-eu-major-regional,37,"king ghidorah, emperor of the cosmos",cha03krm-001,"Ghidorah, the big cheese",void,2-2-2,2,2,2,2-2-2,2,2,2,0,1,60,10
2024-07-27_s2-eu-major-regional#38,2024-07-27_s2-eu-major-regional,38,"rodan, giant monster of the sky",cha03krm-003,"I'm the Seagull, You're the chip.",void,2-3-1,2,3,1,2-3-1,2,3,1,0,1,71,10
2024-07-27_s2-eu-major-regional#39,2024-07-27_s2-eu-major-regional,39,recovery girl (i),mha03-241,Nathan Squire Deck,life,2-3-1,2,3,1,2-3-1,2,3,1,0,1,87,10
2024-07-27_s2-eu-major-regional#40,2024-07-27_s2-eu-major-regional,40,tsuyu asui (iii),mha06-136,Billy Scholes Deck,water,2-3-1,2,3,1,2-3-1,2,3,1,0,1,68,10
2024-07-27_s2-eu-major-regional#41,2024-07-27_s2-eu-major-regional,41,ryukyu,mha07-102,Tom Newell Deck Ryukyu,all,2-4-0,2,4,0,2-4-0,2,4,0,0,1,76,10
2024-07-27_s2-eu-major-regional#42,2024-07-27_s2-eu-major-regional,42,overhaul (i),mha05-019,Haulage,earth,2-4-0,2,4,0,2-4-0,2,4,0,0,1,73,10
2024-07-27_s2-eu-major-regional#43,2024-07-27_s2-eu-major-regional,43,nicholas d. wolfwood,ts01-002,Sam Ivory Deck,death,2-4-0,2,4,0,2-4-0,2,4,0,0,1,65,10
2024-07-27_s2-eu-major-regional#44,2024-07-27_s2-eu-major-regional,44,recovery girl (i),mha03-241,Dean Newell Deck,life,2-4-0,2,4,0,2-4-0,2,4,0,0,1,84,0
2024-07-27_s2-eu-major-regional#45,2024-07-27_s2-eu-major-regional,45,mirko,mha07-046,Mirko 2,fire,1-4-0 +1 bye,,,,1-4-0,1,4,0,0,1,60,10
2024-07-27_s2-eu-major-regional#46,2024-07-27_s2-eu-major-regional,46,"rodan, giant monster of the sky",cha03krm-003,Skreeeeeeeeeeee,all,1-3-0 +1 bye,,,,1-3-0,1,3,0,0,1,75,10
2024-07-27_s2-eu-major-regional#47,2024-07-27_s2-eu-major-regional,47,"godzilla, king of the monsters",cha03gmm-001,"Godzilla, Earth",earth,2-4-0,2,4,0,2-4-0,2,4,0,0,1,63,10
2024-07-27_s2-eu-major-regional#48,2024-07-27_s2-eu-major-regional,48,ryukyu,mha07-102,Matthew Mitchell Deck,life,2-4-0,2,4,0,2-4-0,2,4,0,0,1,60,10
2024-07-27_s2-eu-major-regional#49,2024-07-27_s2-eu-major-regional,49,himiko toga (iii),mha06-001,Toga Chaos - Standard,chaos,1-4-0 +1 bye,,,,1-4-0,1,4,0,0,1,67,0
2024-07-27_s2-eu-major-regional#50,2024-07-27_s2-eu-major-regional,50,mina ashido (ii),mha02-037,Deck for R,death,1-4-0 +1 bye,,,,1-4-0,1,4,0,0,1,61,10
2024-07-27_s2-eu-major-regional#51,2024-07-27_s2-eu-major-regional,51,"godzilla, king of the monsters",cha03gmm-001,Godzilla 1-1B,chaos,1-3-2,1,3,2,1-3-2,1,3,2,0,1,60,10
2024-07-27_s2-eu-major-regional#52,2024-07-27_s2-eu-major-regional,52,himiko toga (iii),mha06-001,Vampire's Kiss,life,1-4-1,1,4,1,1-4-1,1,4,1,0,1,67,10
2024-07-27_s2-eu-major-regional#53,2024-07-27_s2-eu-major-regional,53,katsuki bakugo (iv),mha06-100,GRENADA,void,1-5-0,1,5,0,1-5-0,1,5,0,0,1,64,10
2024-07-27_s2-eu-major-regional#54,2024-07-27_s2-eu-major-regional,54,ochaco uraraka (iv),mha06-019,Ian Hildon Deck,water,1-4-0,1,4,0,1-4-0,1,4,0,0,1,65,10
2024-07-27_s2-eu-major-regional#55,2024-07-27_s2-eu-major-regional,55,gentle criminal,mha06-064,Gentle Criminal Deck,void,1-5-0,1,5,0,1-5-0,1,5,0,0,1,71,10
2024-07-27_s2-eu-major-regional#56,2024-07-27_s2-eu-major-regional,56,mei hatsume (i),mha02-028,Thomas Dudley Deck,life,0-4-0,0,4,0,0-4-0,0,4,0,0,1,61,10
2024-07-27_s2-eu-major-regional#57,2024-07-27_s2-eu-major-regional,57,all might (v),mha03-240,John Dudley Deck,good,0-6-0,0,6,0,0-6-0,0,6,0,0,1,60,10
2024-09-07_webcam-circuit-major-2#1,2024-09-07_webcam-circuit-major-2,1,,,,,,,,,,,,,0,0,0,0
2024-09-07_webcam-circuit-major-2#2,2024-09-07_webcam-circuit-major-2,2,,,,,,,,,,,,,0,0,0,0
2024-09-07_webcam-circuit-major-2#3,2024-09-07_webcam-circuit-major-2,3,,,,,,,,,,,,,0,0,0,0
2024-09-07_webcam-circuit-major-2#4,2024-09-07_webcam-circuit-major-2,4,,,,,,,,,,,,,0,0,0,0
2024-09-07_webcam-circuit-major-2#5,2024-09-07_webcam-circuit-major-2,5,,,,,,,,,,,,,0,0,0,0
2024-09-07_webcam-circuit-major-2#6,2024-09-07_webcam-circuit-major-2,6,,,,,,,,,,,,,0,0,0,0
2024-09-07_webcam-circuit-major-2#7,2024-09-07_webcam-circuit-major-2,7,,,,,,,,,,,,,0,0,0,0
2024-09-07_webcam-circuit-major-2#8,2024-09-07_webcam-circuit-major-2,8,,,,,,,,,,,,,0,0,0,0
2024-09-07_webcam-circuit-major-2#9,2024-09-07_webcam-circuit-major-2,9,,,,,,,,,,,,,0,0,0,0
2024-09-07_webcam-circuit-major-2#10,2024-09-07_webcam-circuit-major-2,10,,,,,,,,,,,,,0,0,0,0
2024-09-07_webcam-circuit-major-2#11,2024-09-07_webcam-circuit-major-2,11,,,,,,,,,,,,,0,0,0,0
2024-09-07_webcam-circuit-major-2#12,2024-09-07_webcam-circuit-major-2,12,,,,,,,,,,,,,0,0,0,0
2024-09-07_webcam-circuit-major-2#13,2024-09-07_webcam-circuit-major-2,13,ryukyu,mha07-102,Kai Tyack Deck,life,3-1-1,3,1,1,3-1-1,3,1,1,0,1,64,10
2024-09-07_webcam-circuit-major-2#14,2024-09-07_webcam-circuit-major-2,14,mt. lady (ii),mha07-064,Mt Lady 2 Earth deck,earth,3-2-0,3,2,0,3-2-0,3,2,0,0,1,64,10
2024-09-07_webcam-circuit-major-2#15,2024-09-07_webcam-circuit-major-2,15,,,,,,,,,,,,,0,0,0,0
2024-09-07_webcam-circuit-major-2#16,2024-09-07_webcam-circuit-major-2,16,,,,,,,,,,,,,0,0,0,0
2024-09-07_webcam-circuit-major-2#17,2024-09-07_webcam-circuit-major-2,17,,,,,,,,,,,,,0,0,0,0
2024-09-07_webcam-circuit-major-2#18,2024-09-07_webcam-circuit-major-2,18,,,,,,,,,,,,,0,0,0,0
2024-09-07_webcam-circuit-major-2#19,2024-09-07_webcam-circuit-major-2,19,"rodan, giant monster of the sky",cha03krm-003,Rodan Void,void,2-1-2,2,1,2,2-1-2,2,1,2,0,1,79,10
2024-09-07_webcam-circuit-major-2#20,2024-09-07_webcam-circuit-major-2,20,,,,,,,,,,,,,0,0,0,0
2024-09-07_webcam-circuit-major-2#21,2024-09-07_webcam-circuit-major-2,21,"reiner braun // reiner, armored titan",aot01-017,Reiner,death,2-1-2,2,1,2,2-1-2,2,1,2,0,1,69,10
2024-09-07_webcam-circuit-major-2#22,2024-09-07_webcam-circuit-major-2,22,endeavor (iii),mha06-055,Richard Mitchell Deck,earth,2-1-2,2,1,2,2-1-2,2,1,2,0,1,69,10
2024-09-07_webcam-circuit-major-2#23,2024-09-07_webcam-circuit-major-2,23,"king ghidorah, emperor of the cosmos",cha03krm-001,2024 Red Riot Games Webcam Regional Ghidora Deck,void,2-2-1,2,2,1,2-2-1,2,2,1,0,1,65,10
2024-09-07_webcam-circuit-major-2#24,2024-09-07_webcam-circuit-major-2,24,,,,,,,,,,,,,0,0,0,0
2024-09-07_webcam-circuit-major-2#25,2024-09-07_webcam-circuit-major-2,25,,,,,,,,,,,,,0,0,0,0
2024-09-07_webcam-circuit-major-2#26,2024-09-07_webcam-circuit-major-2,26,,,,,,,,,,,,,0,0,0,0
2024-09-07_webcam-circuit-major-2#27,2024-09-07_webcam-circuit-major-2,27,,,,,,,,,,,,,0,0,0,0
2024-09-07_webcam-circuit-major-2#28,2024-09-07_webcam-circuit-major-2,28,,,,,,,,,,,,,0,0,0,0
2024-09-07_webcam-circuit-major-2#29,2024-09-07_webcam-circuit-major-2,29,,,,,,,,,,,,,0,0,0,0
2024-09-07_webcam-circuit-major-2#30,2024-09-07_webcam-circuit-major-2,30,,,,,,,,,,,,,0,0,0,0
2024-09-07_webcam-circuit-major-2#31,2024-09-07_webcam-circuit-major-2,31,,,,,,,,,,,,,0,0,0,0
2024-09-07_webcam-circuit-major-2#32,2024-09-07_webcam-circuit-major-2,32,,,,,,,,,,,,,0,0,0,0
2024-09-07_webcam-circuit-major-2#33,2024-09-07_webcam-circuit-major-2,33,,,,,,,,,,,,,0,0,0,0
2024-09-07_webcam-circuit-major-2#34,2024-09-07_webcam-circuit-major-2,34,"bertolt hoover // bertolt, colossus titan",aot01-005,Rampaging Pigeon Abyss,chaos,2-3-0,2,3,0,2-3-0,2,3,0,0,1,60,10
2024-09-07_webcam-circuit-major-2#35,2024-09-07_webcam-circuit-major-2,35,,,,,,,,,,,,,0,0,0,0
2024-09-07_webcam-circuit-major-2#36,2024-09-07_webcam-circuit-major-2,36,,,,,,,,,,,,,0,0,0,0
2024-09-07_webcam-circuit-major-2#37,2024-09-07_webcam-circuit-major-2,37,,,,,,,,,,,,,0,0,0,0
2024-09-07_webcam-circuit-major-2#38,2024-09-07_webcam-circuit-major-2,38,,,,,,,,,,,,,0,0,0,0
2024-09-07_webcam-circuit-major-2#39,2024-09-07_webcam-circuit-major-2,39,,,,,,,,,,,,,0,0,0,0
2024-09-07_webcam-circuit-major-2#40,2024-09-07_webcam-circuit-major-2,40,tsuyu asui (iii),mha06-136,Anthony Diastello Deck,air,1-4-0,1,4,0,1-4-0,1,4,0,0,1,64,10
2024-09-07_webcam-circuit-major-2#41,2024-09-07_webcam-circuit-major-2,41,,,,,,,,,,,,,0,0,0,0
2024-09-07_webcam-circuit-major-2#42,2024-09-07_webcam-circuit-major-2,42,smiling titan,aot01-019,Smiling Titan Webcam Regional,death,1-2-0,1,2,0,1-2-0,1,2,0,0,1,73,10
2024-09-07_webcam-circuit-major-2#43,2024-09-07_webcam-circuit-major-2,43,,,,,,,,,,,,,0,0,0,0
2024-09-07_webcam-circuit-major-2#44,2024-09-07_webcam-circuit-major-2,44,,,,,,,,,,,,,0,0,0,0
2024-09-07_webcam-circuit-major-2#45,2024-09-07_webcam-circuit-major-2,45,,,,,,,,,,,,,0,0,0,0
2024-09-07_webcam-circuit-major-2#46,2024-09-07_webcam-circuit-major-2,46,,,,,,,,,,,,,0,0,0,0
2024-09-07_webcam-circuit-major-2#47,2024-09-07_webcam-circuit-major-2,47,,,,,,,,,,,,,0,0,0,0
2024-09-07_webcam-circuit-major-2#48,2024-09-07_webcam-circuit-major-2,48,,,,,,,,,,,,,0,0,0,0
2024-09-07_webcam-circuit-major-2#49,2024-09-07_webcam-circuit-major-2,49,,,,,,,,,,,,,0,0,0,0
2024-09-07_webcam-circuit-major-2#50,2024-09-07_webcam-circuit-major-2,50,,,,,,,,,,,,,0,0,0,0
2024-09-07_webcam-circuit-major-2#51,2024-09-07_webcam-circuit-major-2,51,,,,,,,,,,,,,0,0,0,0
2024-10-05_s3-na-major-regional#1,2024-10-05_s3-na-major-regional,1,"erwin smith, 13th commander of the survey corps",aot01-009,"Commander Keith Shadis: Do you know why average men can coast through their lives and die without accomplishing a damn thing?! It's because they lack imagination! Their whole lives for nothing! They're not ashamed of an existence that produces nothing but shit! Great deeds... can never be accomplished by ordinary men. I doubt those scraps of flesh would even understand half of what makes a deed great! Certainly a worthless individual who spends her life pouring drinks and cosying up to every man she sees would never understand! Not ever. Carla Jaeger: Do you really have to be special? Do you really need people's recognition? I don't think so. When it comes to my child... He doesn't need to become great. Why would he have to be better than anyone else? After all, just look at him... He's so cute. He's already great. Because he was... born into this world",death,6-0-2,6,0,2,10-0-2,10,0,2,1,1,63,10
2024-10-05_s3-na-major-regional#2,2024-10-05_s3-na-major-regional,2,smiling titan,aot01-019,Smiling,death,6-1-1,6,1,1,9-2-1,9,2,1,1,1,64,10
2024-10-05_s3-na-major-regional#3,2024-10-05_s3-na-major-regional,3,smiling titan,aot01-019,Justin Burch Deck,death,6-1-1,6,1,1,8-2-1,8,2,1,1,1,68,10
2024-10-05_s3-na-major-regional#4,2024-10-05_s3-na-major-regional,4,himiko toga (iii),mha06-001,Stun TOGA STUN Chaosly,chaos,6-2-0,6,2,0,8-3-0,8,3,0,1,1,66,10
2024-10-05_s3-na-major-regional#5,2024-10-05_s3-na-major-regional,5,"rodan, giant monster of the sky",cha03krm-003,And if you close your eyes,all,6-0-2,6,0,2,7-1-2,7,1,2,1,1,69,10
2024-10-05_s3-na-major-regional#6,2024-10-05_s3-na-major-regional,6,"rodan, giant monster of the sky",cha03krm-003,she be rodan my giant monster,void,6-1-1,6,1,1,7-2-1,7,2,1,1,1,75,10
2024-10-05_s3-na-major-regional#7,2024-10-05_s3-na-major-regional,7,"rodan, giant monster of the sky",cha03krm-003,David Thomas Deck,void,6-1-1,6,1,1,7-2-1,7,2,1,1,1,75,10
2024-10-05_s3-na-major-regional#8,2024-10-05_s3-na-major-regional,8,"mothra, giant moth monster",cha03gmm-003,Jorge Zhang Deck,earth,6-1-1,6,1,1,7-2-1,7,2,1,1,1,84,10
2024-10-05_s3-na-major-regional#9,2024-10-05_s3-na-major-regional,9,ryukyu,mha07-102,DYK he works for a college?,all,6-0-2,6,0,2,6-1-2,6,1,2,1,1,65,10
2024-10-05_s3-na-major-regional#10,2024-10-05_s3-na-major-regional,10,byakko,yyhdt-162,Cory Hill Deck,earth,6-1-1,6,1,1,6-2-1,6,2,1,1,1,70,10
2024-10-05_s3-na-major-regional#11,2024-10-05_s3-na-major-regional,11,"king ghidorah, emperor of the cosmos",cha03krm-001,William Anderson III Deck,evil,6-1-1,6,1,1,6-2-1,6,2,1,1,1,71,10
2024-10-05_s3-na-major-regional#12,2024-10-05_s3-na-major-regional,12,ryukyu,mha07-102,derg for atlanta,earth,6-2-0,6,2,0,6-3-0,6,3,0,1,1,64,10
2024-10-05_s3-na-major-regional#13,2024-10-05_s3-na-major-regional,13,"ymir // ymir, jaw titan",aot01-020,Andrew Marquez Deck,life,6-2-0,6,2,0,6-3-0,6,3,0,1,1,63,10
2024-10-05_s3-na-major-regional#14,2024-10-05_s3-na-major-regional,14,"godzilla, king of the monsters",cha03gmm-001,Forever 2nd at locals,chaos,6-2-0,6,2,0,6-3-0,6,3,0,1,1,62,10
2024-10-05_s3-na-major-regional#15,2024-10-05_s3-na-major-regional,15,himiko toga (iii),mha06-001,ATL,death,6-2-0,6,2,0,6-3-0,6,3,0,1,1,71,10
2024-10-05_s3-na-major-regional#16,2024-10-05_s3-na-major-regional,16,"eren yeager // eren, attack titan",aot01-008,"Damn you, You traitors!!",death,6-2-0,6,2,0,6-3-0,6,3,0,1,1,72,10
2024-10-05_s3-na-major-regional#17,2024-10-05_s3-na-major-regional,17,"king ghidorah, emperor of the cosmos",cha03krm-001,Ben Lambright Deck,void,5-1-2,5,1,2,5-1-2,5,1,2,0,1,64,10
2024-10-05_s3-na-major-regional#18,2024-10-05_s3-na-major-regional,18,"mechagodzilla, bionic menace",cha03krm-002,ATL Dennis,order,5-1-2,5,1,2,5-1-2,5,1,2,0,1,71,10
2024-10-05_s3-na-major-regional#19,2024-10-05_s3-na-major-regional,19,himiko toga (i),mha02-085,Toga,death,5-2-1,5,2,1,5-2-1,5,2,1,0,1,64,10
2024-10-05_s3-na-major-regional#20,2024-10-05_s3-na-major-regional,20,"nott the brave, irritable goblin",crmn-002,Chaos Nott rampage,chaos,5-2-1,5,2,1,5-2-1,5,2,1,0,1,70,10
2024-10-05_s3-na-major-regional#21,2024-10-05_s3-na-major-regional,21,"king ghidorah, emperor of the cosmos",cha03krm-001,Evil Ghidorah,evil,5-2-1,5,2,1,5-2-1,5,2,1,0,1,72,10
2024-10-05_s3-na-major-regional#22,2024-10-05_s3-na-major-regional,22,"king ghidorah, emperor of the cosmos",cha03krm-001,Evil King Ghidorah - ATL Regional,evil,5-2-1,5,2,1,5-2-1,5,2,1,0,1,73,10
2024-10-05_s3-na-major-regional#23,2024-10-05_s3-na-major-regional,23,"mechagodzilla, bionic menace",cha03krm-002,Order Bionic,order,5-2-1,5,2,1,5-2-1,5,2,1,0,1,72,10
2024-10-05_s3-na-major-regional#24,2024-10-05_s3-na-major-regional,24,recovery girl (i),mha03-241,Recovery Girl - ATL,water,5-2-1,5,2,1,5-2-1,5,2,1,0,1,70,10
2024-10-05_s3-na-major-regional#25,2024-10-05_s3-na-major-regional,25,pony tsunotori,mha07-098,The Horse Mikasa Rode in on,air,5-2-1,5,2,1,5-2-1,5,2,1,0,1,62,10
2024-10-05_s3-na-major-regional#26,2024-10-05_s3-na-major-regional,26,smiling titan,aot01-019,didnt wanna type in my other decks so this one is locked in. welcome to the mid tables,death,5-2-1,5,2,1,5-2-1,5,2,1,0,1,68,10
2024-10-05_s3-na-major-regional#27,2024-10-05_s3-na-major-regional,27,ryukyu,mha07-102,Rocky Martinez Deck,all,5-2-1,5,2,1,5-2-1,5,2,1,0,1,62,10
2024-10-05_s3-na-major-regional#28,2024-10-05_s3-na-major-regional,28,"rodan, giant monster of the sky",cha03krm-003,Void Rodan,void,5-2-1,5,2,1,5-2-1,5,2,1,0,1,86,10
2024-10-05_s3-na-major-regional#29,2024-10-05_s3-na-major-regional,29,"bertolt hoover // bertolt, colossus titan",aot01-005,Jamie Schwartz Deck,chaos,5-2-1,5,2,1,5-2-1,5,2,1,0,1,67,10
2024-10-05_s3-na-major-regional#30,2024-10-05_s3-na-major-regional,30,pony tsunotori,mha07-098,Unicorn Overlord,earth,5-3-0,5,3,0,5-3-0,5,3,0,0,1,62,10
2024-10-05_s3-na-major-regional#31,2024-10-05_s3-na-major-regional,31,hawks (i),mha06-073,Hawks,order,4-1-3,4,1,3,4-1-3,4,1,3,0,1,67,10
2024-10-05_s3-na-major-regional#32,2024-10-05_s3-na-major-regional,32,ryukyu,mha07-102,I Guess I'll Play Meta,all,5-3-0,5,3,0,5-3-0,5,3,0,0,1,65,10
2024-10-05_s3-na-major-regional#33,2024-10-05_s3-na-major-regional,33,mt. lady (ii),mha07-064,Not Falling for Mt. Lady,earth,5-3-0,5,3,0,5-3-0,5,3,0,0,1,71,10
2024-10-05_s3-na-major-regional#34,2024-10-05_s3-na-major-regional,34,"king ghidorah, emperor of the cosmos",cha03krm-001,2024 Atlanta Regional King Ghidora Deck,void,5-3-0,5,3,0,5-3-0,5,3,0,0,1,68,10
2024-10-05_s3-na-major-regional#35,2024-10-05_s3-na-major-regional,35,"mechagodzilla, bionic menace",cha03krm-002,Dennis,order,5-3-0,5,3,0,5-3-0,5,3,0,0,1,71,10
2024-10-05_s3-na-major-regional#36,2024-10-05_s3-na-major-regional,36,"ymir // ymir, jaw titan",aot01-020,YMIR,life,5-3-0,5,3,0,5-3-0,5,3,0,0,1,61,10
2024-10-05_s3-na-major-regional#37,2024-10-05_s3-na-major-regional,37,pony tsunotori,mha07-098,Pony [Earth],earth,5-3-0,5,3,0,5-3-0,5,3,0,0,1,60,10
2024-10-05_s3-na-major-regional#38,2024-10-05_s3-na-major-regional,38,"godzilla, king of the monsters",cha03gmm-001,Chaotic Gojira,chaos,5-3-0,5,3,0,5-3-0,5,3,0,0,1,64,10
2024-10-05_s3-na-major-regional#39,2024-10-05_s3-na-major-regional,39,mirko,mha07-046,Big Bad Bun,death,5-3-0,5,3,0,5-3-0,5,3,0,0,1,63,10
2024-10-05_s3-na-major-regional#40,2024-10-05_s3-na-major-regional,40,"bertolt hoover // bertolt, colossus titan",aot01-005,Bertolt Atlanta Regional 2024,chaos,5-3-0,5,3,0,5-3-0,5,3,0,0,1,63,10
2024-10-05_s3-na-major-regional#41,2024-10-05_s3-na-major-regional,41,krista lenz,aot01-013,Bob's Deck,chaos,5-3-0,5,3,0,5-3-0,5,3,0,0,1,70,10
2024-10-05_s3-na-major-regional#42,2024-10-05_s3-na-major-regional,42,"ymir // ymir, jaw titan",aot01-020,Ymir Plays Tom Petty,life,5-3-0,5,3,0,5-3-0,5,3,0,0,1,70,10
2024-10-05_s3-na-major-regional#43,2024-10-05_s3-na-major-regional,43,himiko toga (iii),mha06-001,toga III,chaos,5-3-0,5,3,0,5-3-0,5,3,0,0,1,60,10
2024-10-05_s3-na-major-regional#44,2024-10-05_s3-na-major-regional,44,byakko,yyhdt-162,Nakoa Dial Deck,earth,5-3-0,5,3,0,5-3-0,5,3,0,0,1,76,10
2024-10-05_s3-na-major-regional#45,2024-10-05_s3-na-major-regional,45,katsuki bakugo (iv),mha06-100,Bak 4 Death,death,5-3-0,5,3,0,5-3-0,5,3,0,0,1,63,0
2024-10-05_s3-na-major-regional#46,2024-10-05_s3-na-major-regional,46,"vax’ildan, cunning thief",crvm-001,Garrett Kurz Deck,water,5-3-0,5,3,0,5-3-0,5,3,0,0,1,62,10
2024-10-05_s3-na-major-regional#47,2024-10-05_s3-na-major-regional,47,"reiner braun // reiner, armored titan",aot01-017,reiner,death,4-1-3,4,1,3,4-1-3,4,1,3,0,1,66,10
2024-10-05_s3-na-major-regional#48,2024-10-05_s3-na-major-regional,48,"rodan, giant monster of the sky",cha03krm-003,Joseph Zimmerman Deck,all,5-3-0,5,3,0,5-3-0,5,3,0,0,1,78,10
2024-10-05_s3-na-major-regional#49,2024-10-05_s3-na-major-regional,49,big mouth titan,aot01-006,UNMASKED ALL FOR ONE ATLANTA,chaos,5-3-0,5,3,0,5-3-0,5,3,0,0,1,70,10
2024-10-05_s3-na-major-regional#50,2024-10-05_s3-na-major-regional,50,tomura shigaraki (iii),mha04-091,Carson Panos Deck,evil,4-1-3,4,1,3,4-1-3,4,1,3,0,1,120,10
2024-10-05_s3-na-major-regional#51,2024-10-05_s3-na-major-regional,51,death arms (i),mha03-151,Thomas Swafford Deck,earth,5-3-0,5,3,0,5-3-0,5,3,0,0,1,62,10
2024-10-05_s3-na-major-regional#52,2024-10-05_s3-na-major-regional,52,"ymir // ymir, jaw titan",aot01-020,Ymir Ian D,fire,5-3-0,5,3,0,5-3-0,5,3,0,0,1,66,10
2024-10-05_s3-na-major-regional#53,2024-10-05_s3-na-major-regional,53,"rodan, giant monster of the sky",cha03krm-003,SKRREEEEEooooonnk,void,4-2-2,4,2,2,4-2-2,4,2,2,0,1,79,10
2024-10-05_s3-na-major-regional#54,2024-10-05_s3-na-major-regional,54,elder toguro,yyhdt-019,"Elder Toguro (戸愚呂兄 Toguro (Ani)?) was a major antagonist during the Dark Tournament and the Chapter Black Sagas, as well as a minor one at the end of the Spirit Detective saga, making him the longest running villain of the series. Along with his younger brother, he plays the role of leader of the Apparition Gang, he is a member of Team Toguro, and a vital member of Sensui's crew. In the Filipino Dub, Younger Toguro or simply Taguro calls him ""Kuya"" (Big Brother) as Younger Toguro's name is simply Taguro. In some cases he is also called Dan Kevin.",evil,4-2-2,4,2,2,4-2-2,4,2,2,0,1,70,10
2024-10-05_s3-na-major-regional#55,2024-10-05_s3-na-major-regional,55,"godzilla, king of the monsters",cha03gmm-001,Godzilla Atlanta,chaos,4-2-2,4,2,2,4-2-2,4,2,2,0,1,64,10
2024-10-05_s3-na-major-regional#56,2024-10-05_s3-na-major-regional,56,"king ghidorah, emperor of the cosmos",cha03krm-001,Ghidorah wins games,evil,4-2-2,4,2,2,4-2-2,4,2,2,0,1,61,10
2024-10-05_s3-na-major-regional#57,2024-10-05_s3-na-major-regional,57,smiling titan,aot01-019,Smiling Titan Deck,death,4-3-1,4,3,1,4-3-1,4,3,1,0,1,62,10
2024-10-05_s3-na-major-regional#58,2024-10-05_s3-na-major-regional,58,inasa yoarashi (i),mha06-147,Safety Inasa,water,4-3-1,4,3,1,4-3-1,4,3,1,0,1,65,10
2024-10-05_s3-na-major-regional#59,2024-10-05_s3-na-major-regional,59,edgeshot (i),mha06-146,Edgeshot ATL,void,4-3-1,4,3,1,4-3-1,4,3,1,0,1,72,10
2024-10-05_s3-na-major-regional#60,2024-10-05_s3-na-major-regional,60,himiko toga,mha07-001,[ATL] NATURAL SELECTION FROM THE TOP ROPE,evil,4-3-1,4,3,1,4-3-1,4,3,1,0,1,69,10
2024-10-05_s3-na-major-regional#61,2024-10-05_s3-na-major-regional,61,"ymir // ymir, jaw titan",aot01-020,Robert Kimbro Deck,life,4-3-1,4,3,1,4-3-1,4,3,1,0,1,63,10
2024-10-05_s3-na-major-regional#62,2024-10-05_s3-na-major-regional,62,himiko toga (iii),mha06-001,Toga ATL Regionals,chaos,4-3-1,4,3,1,4-3-1,4,3,1,0,1,70,10
2024-10-05_s3-na-major-regional#63,2024-10-05_s3-na-major-regional,63,smiling titan,aot01-019,Cristos Panos Deck,death,4-3-1,4,3,1,4-3-1,4,3,1,0,1,67,10
2024-10-05_s3-na-major-regional#64,2024-10-05_s3-na-major-regional,64,"reiner braun // reiner, armored titan",aot01-017,EQ Atl Reiner,death,4-3-1,4,3,1,4-3-1,4,3,1,0,1,67,10
2024-10-05_s3-na-major-regional#65,2024-10-05_s3-na-major-regional,65,recovery girl (i),mha03-241,Regionals #3 - Standard,good,4-3-1,4,3,1,4-3-1,4,3,1,0,1,60,10
2024-10-05_s3-na-major-regional#66,2024-10-05_s3-na-major-regional,66,"king ghidorah, emperor of the cosmos",cha03krm-001,Justin McCutcheon Deck,void,4-3-1,4,3,1,4-3-1,4,3,1,0,1,61,10
2024-10-05_s3-na-major-regional#67,2024-10-05_s3-na-major-regional,67,hawks (i),mha06-073,Hawks Tuah,order,4-3-1,4,3,1,4-3-1,4,3,1,0,1,65,10
2024-10-05_s3-na-major-regional#68,2024-10-05_s3-na-major-regional,68,pony tsunotori,mha07-098,Steven Snyder Deck,earth,4-4-0,4,4,0,4-4-0,4,4,0,0,1,60,10
2024-10-05_s3-na-major-regional#69,2024-10-05_s3-na-major-regional,69,"rodan, giant monster of the sky",cha03krm-003,Nathan Dewalt Deck,void,4-4-0,4,4,0,4-4-0,4,4,0,0,1,74,10
2024-10-05_s3-na-major-regional#70,2024-10-05_s3-na-major-regional,70,smiling titan,aot01-019,"""Smiles Everyone""",death,4-4-0,4,4,0,4-4-0,4,4,0,0,1,68,10
2024-10-05_s3-na-major-regional#71,2024-10-05_s3-na-major-regional,71,smiling titan,aot01-019,Foundation Control Smiling,death,4-4-0,4,4,0,4-4-0,4,4,0,0,1,67,10
2024-10-05_s3-na-major-regional#72,2024-10-05_s3-na-major-regional,72,ryukyu,mha07-102,Ryukyu 1 Earth,earth,4-4-0,4,4,0,4-4-0,4,4,0,0,1,67,10
2024-10-05_s3-na-major-regional#73,2024-10-05_s3-na-major-regional,73,pony tsunotori,mha07-098,Pony,earth,4-4-0,4,4,0,4-4-0,4,4,0,0,1,69,10
2024-10-05_s3-na-major-regional#74,2024-10-05_s3-na-major-regional,74,smiling titan,aot01-019,Omp Omp,life,4-4-0,4,4,0,4-4-0,4,4,0,0,1,60,10
2024-10-05_s3-na-major-regional#75,2024-10-05_s3-na-major-regional,75,jin,yyhdt-046,Colby Cram Deck,void,4-4-0,4,4,0,4-4-0,4,4,0,0,1,66,10
2024-10-05_s3-na-major-regional#76,2024-10-05_s3-na-major-regional,76,momo yaoyorozu,mha07-055,yamo/granmo life,life,4-4-0,4,4,0,4-4-0,4,4,0,0,1,80,10
2024-10-05_s3-na-major-regional#77,2024-10-05_s3-na-major-regional,77,smiling titan,aot01-019,Now I'm Always Smiling,death,4-4-0,4,4,0,4-4-0,4,4,0,0,1,60,10
2024-10-05_s3-na-major-regional#78,2024-10-05_s3-na-major-regional,78,himiko toga (iii),mha06-001,Patrick Atlanta,chaos,4-4-0,4,4,0,4-4-0,4,4,0,0,1,63,10
2024-10-05_s3-na-major-regional#79,2024-10-05_s3-na-major-regional,79,endeavor (iii),mha06-055,Burn Baby burn,fire,4-4-0,4,4,0,4-4-0,4,4,0,0,1,69,10
2024-10-05_s3-na-major-regional#80,2024-10-05_s3-na-major-regional,80,pony tsunotori,mha07-098,Long Live Cowgirls,earth,4-4-0,4,4,0,4-4-0,4,4,0,0,1,62,10
2024-10-05_s3-na-major-regional#81,2024-10-05_s3-na-major-regional,81,recovery girl (i),mha03-241,cory nelson Deck,water,4-4-0,4,4,0,4-4-0,4,4,0,0,1,70,10
2024-10-05_s3-na-major-regional#82,2024-10-05_s3-na-major-regional,82,kamui woods (ii),mha06-148,Trojan Horse,life,4-4-0,4,4,0,4-4-0,4,4,0,0,1,69,10
2024-10-05_s3-na-major-regional#83,2024-10-05_s3-na-major-regional,83,"godzilla, king of the monsters",cha03gmm-001,Chaos Godzilla,chaos,4-4-0,4,4,0,4-4-0,4,4,0,0,1,66,10
2024-10-05_s3-na-major-regional#84,2024-10-05_s3-na-major-regional,84,himiko toga (iii),mha06-001,Chaos Toga III,chaos,4-4-0,4,4,0,4-4-0,4,4,0,0,1,61,10
2024-10-05_s3-na-major-regional#85,2024-10-05_s3-na-major-regional,85,"ymir // ymir, jaw titan",aot01-020,William Murphy Deck,life,3-2-3,3,2,3,3-2-3,3,2,3,0,1,63,10
2024-10-05_s3-na-major-regional#86,2024-10-05_s3-na-major-regional,86,mikasa ackerman,aot01-016,Freakasa,air,4-4-0,4,4,0,4-4-0,4,4,0,0,1,64,10
2024-10-05_s3-na-major-regional#87,2024-10-05_s3-na-major-regional,87,"kurama, youko unleashed",yyhdt-064,Youko Rampage,water,4-4-0,4,4,0,4-4-0,4,4,0,0,1,60,10
2024-10-05_s3-na-major-regional#88,2024-10-05_s3-na-major-regional,88,elder toguro,yyhdt-019,Elder Toguro,death,4-4-0,4,4,0,4-4-0,4,4,0,0,1,71,10
2024-10-05_s3-na-major-regional#89,2024-10-05_s3-na-major-regional,89,krista lenz,aot01-013,Krista League ATL,order,3-2-3,3,2,3,3-2-3,3,2,3,0,1,68,10
2024-10-05_s3-na-major-regional#90,2024-10-05_s3-na-major-regional,90,"reiner braun // reiner, armored titan",aot01-017,Reiner,death,3-2-3,3,2,3,3-2-3,3,2,3,0,1,67,10
2024-10-05_s3-na-major-regional#91,2024-10-05_s3-na-major-regional,91,"ymir // ymir, jaw titan",aot01-020,Y Build,life,4-4-0,4,4,0,4-4-0,4,4,0,0,1,60,10
2024-10-05_s3-na-major-regional#92,2024-10-05_s3-na-major-regional,92,smiling titan,aot01-019,Smiley 3.1,death,3-3-2,3,3,2,3-3-2,3,3,2,0,1,62,10
2024-10-05_s3-na-major-regional#93,2024-10-05_s3-na-major-regional,93,"rodan, giant monster of the sky",cha03krm-003,Void Rodan Merge,void,3-3-2,3,3,2,3-3-2,3,3,2,0,1,88,10
2024-10-05_s3-na-major-regional#94,2024-10-05_s3-na-major-regional,94,endeavor (iii),mha06-055,NA Reg 3 ‘25 Endeavor 3,fire,3-3-2,3,3,2,3-3-2,3,3,2,0,1,75,10
2024-10-05_s3-na-major-regional#95,2024-10-05_s3-na-major-regional,95,armin arlert,aot01-002,krispy,order,3-3-2,3,3,2,3-3-2,3,3,2,0,1,62,10
2024-10-05_s3-na-major-regional#96,2024-10-05_s3-na-major-regional,96,"king ghidorah, emperor of the cosmos",cha03krm-001,"Hail To Me, King Baby",void,3-3-2,3,3,2,3-3-2,3,3,2,0,1,66,10
2024-10-05_s3-na-major-regional#97,2024-10-05_s3-na-major-regional,97,minoru mineta (ii),mha02-094,One last fight,death,3-3-2,3,3,2,3-3-2,3,3,2,0,1,71,10
2024-10-05_s3-na-major-regional#98,2024-10-05_s3-na-major-regional,98,himiko toga (iii),mha06-001,Toga 3 Chaos,chaos,3-3-2,3,3,2,3-3-2,3,3,2,0,1,62,10
2024-10-05_s3-na-major-regional#99,2024-10-05_s3-na-major-regional,99,krista lenz,aot01-013,"Build a wall, the titans will pay for it",chaos,3-4-1,3,4,1,3-4-1,3,4,1,0,1,64,10
2024-10-05_s3-na-major-regional#100,2024-10-05_s3-na-major-regional,100,endeavor (iii),mha06-055,Best dad Endeavor,fire,3-4-1,3,4,1,3-4-1,3,4,1,0,1,60,10
2024-10-05_s3-na-major-regional#101,2024-10-05_s3-na-major-regional,101,tamaki amajiki (i),mha05-091,Jiki (Coup De Grace),chaos,3-4-1,3,4,1,3-4-1,3,4,1,0,1,60,10
2024-10-05_s3-na-major-regional#102,2024-10-05_s3-na-major-regional,102,"rodan, giant monster of the sky",cha03krm-003,Cory Aguilard Deck,void,3-3-1,3,3,1,3-3-1,3,3,1,0,1,70,10
2024-10-05_s3-na-major-regional#103,2024-10-05_s3-na-major-regional,103,"ymir // ymir, jaw titan",aot01-020,Michael Richards Deck,life,3-4-1,3,4,1,3-4-1,3,4,1,0,1,72,10
2024-10-05_s3-na-major-regional#104,2024-10-05_s3-na-major-regional,104,elder toguro,yyhdt-019,Colby McHugh Deck,evil,3-4-1,3,4,1,3-4-1,3,4,1,0,1,75,10
2024-10-05_s3-na-major-regional#105,2024-10-05_s3-na-major-regional,105,himiko toga (iii),mha06-001,Kandise Washburn Deck,death,3-4-1,3,4,1,3-4-1,3,4,1,0,1,80,10
2024-10-05_s3-na-major-regional#106,2024-10-05_s3-na-major-regional,106,katsuki bakugo (iv),mha06-100,B4-UGo,void,3-4-1,3,4,1,3-4-1,3,4,1,0,1,60,10
2024-10-05_s3-na-major-regional#107,2024-10-05_s3-na-major-regional,107,"rodan, giant monster of the sky",cha03krm-003,Rodan Atlanta,void,2-4-1 +1 bye,,,,2-4-1,2,4,1,0,1,69,10
2024-10-05_s3-na-major-regional#108,2024-10-05_s3-na-major-regional,108,smiling titan,aot01-019,It Never Hurts To Smile,death,3-4-1,3,4,1,3-4-1,3,4,1,0,1,68,10
2024-10-05_s3-na-major-regional#109,2024-10-05_s3-na-major-regional,109,endeavor (iii),mha06-055,Excited Surprise,order,3-4-1,3,4,1,3-4-1,3,4,1,0,1,65,10
2024-10-05_s3-na-major-regional#110,2024-10-05_s3-na-major-regional,110,"kuwabara, spirited warrior",yyhdt-082,Blaze Cadwell Deck,earth,3-4-1,3,4,1,3-4-1,3,4,1,0,1,66,10
2024-10-05_s3-na-major-regional#111,2024-10-05_s3-na-major-regional,111,mina ashido (ii),mha02-037,Gregory Olson Deck,death,3-4-1,3,4,1,3-4-1,3,4,1,0,1,64,10
2024-10-05_s3-na-major-regional#112,2024-10-05_s3-na-major-regional,112,mt. lady (ii),mha07-064,We're So Back (Mt. Lady 2),void,3-3-0,3,3,0,3-3-0,3,3,0,0,1,72,10
2024-10-05_s3-na-major-regional#113,2024-10-05_s3-na-major-regional,113,"erwin smith, 13th commander of the survey corps",aot01-009,My Soldiers Rage!,death,3-5-0,3,5,0,3-5-0,3,5,0,0,1,80,10
2024-10-05_s3-na-major-regional#114,2024-10-05_s3-na-major-regional,114,"eren yeager // eren, attack titan",aot01-008,Barry Everson Deck,death,3-3-0,3,3,0,3-3-0,3,3,0,0,1,74,10
2024-10-05_s3-na-major-regional#115,2024-10-05_s3-na-major-regional,115,mirio togata (i),mha05-001,Zachary Barrett Deck,chaos,3-5-0,3,5,0,3-5-0,3,5,0,0,1,65,10
2024-10-05_s3-na-major-regional#116,2024-10-05_s3-na-major-regional,116,"godzilla, king of the monsters",cha03gmm-001,GodZ 4 Check,chaos,3-5-0,3,5,0,3-5-0,3,5,0,0,1,66,10
2024-10-05_s3-na-major-regional#117,2024-10-05_s3-na-major-regional,117,mt. lady (ii),mha07-064,Mike Vena Deck,void,3-4-0,3,4,0,3-4-0,3,4,0,0,1,74,10
2024-10-05_s3-na-major-regional#118,2024-10-05_s3-na-major-regional,118,krista lenz,aot01-013,Historia,order,3-5-0,3,5,0,3-5-0,3,5,0,0,1,60,10
2024-10-05_s3-na-major-regional#119,2024-10-05_s3-na-major-regional,119,ryukyu,mha07-102,All Hail Dragon Mommy,all,3-5-0,3,5,0,3-5-0,3,5,0,0,1,65,10
2024-10-05_s3-na-major-regional#120,2024-10-05_s3-na-major-regional,120,byakko,yyhdt-162,Big Cat Flippin,earth,3-5-0,3,5,0,3-5-0,3,5,0,0,1,71,10
2024-10-05_s3-na-major-regional#121,2024-10-05_s3-na-major-regional,121,ochaco uraraka (iv),mha06-019,Dayton Steger Deck,water,3-5-0,3,5,0,3-5-0,3,5,0,0,1,69,10
2024-10-05_s3-na-major-regional#122,2024-10-05_s3-na-major-regional,122,mirio togata (i),mha05-001,Super mirio world,chaos,3-5-0,3,5,0,3-5-0,3,5,0,0,1,67,10
2024-10-05_s3-na-major-regional#123,2024-10-05_s3-na-major-regional,123,smiling titan,aot01-019,big numbers hee hoo,life,3-5-0,3,5,0,3-5-0,3,5,0,0,1,66,10
2024-10-05_s3-na-major-regional#124,2024-10-05_s3-na-major-regional,124,"eren yeager // eren, attack titan",aot01-008,Attack on Titan Attack Titan Attacks,death,3-5-0,3,5,0,3-5-0,3,5,0,0,1,66,10
2024-10-05_s3-na-major-regional#125,2024-10-05_s3-na-major-regional,125,ryukyu,mha07-102,Cameron Goehrig Deck,all,3-5-0,3,5,0,3-5-0,3,5,0,0,1,60,10
2024-10-05_s3-na-major-regional#126,2024-10-05_s3-na-major-regional,126,ryukyu,mha07-102,Ryukyu,life,3-3-0,3,3,0,3-3-0,3,3,0,0,1,63,10
2024-10-05_s3-na-major-regional#127,2024-10-05_s3-na-major-regional,127,mirio togata (i),mha05-001,Psycho Mirio,chaos,3-5-0,3,5,0,3-5-0,3,5,0,0,1,70,10
2024-10-05_s3-na-major-regional#128,2024-10-05_s3-na-major-regional,128,jean kirstein,aot01-012,Hey This Mirio Looks Weird,air,2-3-3,2,3,3,2-3-3,2,3,3,0,1,63,10
2024-10-05_s3-na-major-regional#129,2024-10-05_s3-na-major-regional,129,ryukyu,mha07-102,Life Ryukyu 1,life,3-5-0,3,5,0,3-5-0,3,5,0,0,1,66,0
2024-10-05_s3-na-major-regional#130,2024-10-05_s3-na-major-regional,130,recovery girl (i),mha03-241,Ryan Field Deck,water,2-2-2,2,2,2,2-2-2,2,2,2,0,1,80,10
2024-10-05_s3-na-major-regional#131,2024-10-05_s3-na-major-regional,131,"erwin smith, 13th commander of the survey corps",aot01-009,Dimick Beesley Deck,order,2-3-2,2,3,2,2-3-2,2,3,2,0,1,63,10
2024-10-05_s3-na-major-regional#132,2024-10-05_s3-na-major-regional,132,tsuyu asui (iii),mha06-136,Atlanta Regionals,chaos,2-4-2,2,4,2,2-4-2,2,4,2,0,1,84,10
2024-10-05_s3-na-major-regional#133,2024-10-05_s3-na-major-regional,133,"bertolt hoover // bertolt, colossus titan",aot01-005,Joseph vaughn Deck,fire,2-5-1,2,5,1,2-5-1,2,5,1,0,1,63,10
2024-10-05_s3-na-major-regional#134,2024-10-05_s3-na-major-regional,134,mirko (i),mha06-200,Kiki Crabtree Deck,fire,2-5-1,2,5,1,2-5-1,2,5,1,0,1,85,0
2024-10-05_s3-na-major-regional#135,2024-10-05_s3-na-major-regional,135,shishiwakamaru,yyhdt-100,Shishiwakamaru,chaos,2-5-1,2,5,1,2-5-1,2,5,1,0,1,71,0
2024-10-05_s3-na-major-regional#136,2024-10-05_s3-na-major-regional,136,"reiner braun // reiner, armored titan",aot01-017,Brian Tynan Deck,death,2-5-1,2,5,1,2-5-1,2,5,1,0,1,70,10
2024-10-05_s3-na-major-regional#137,2024-10-05_s3-na-major-regional,137,pony tsunotori,mha07-098,Brad's Pink Pony Club,earth,2-3-1,2,3,1,2-3-1,2,3,1,0,1,62,10
2024-10-05_s3-na-major-regional#138,2024-10-05_s3-na-major-regional,138,toya,yyhdt-118,Toya,water,2-5-1,2,5,1,2-5-1,2,5,1,0,1,62,10
2024-10-05_s3-na-major-regional#139,2024-10-05_s3-na-major-regional,139,"king ghidorah, emperor of the cosmos",cha03krm-001,Todd Dixon Deck,evil,2-5-1,2,5,1,2-5-1,2,5,1,0,1,63,10
2024-10-05_s3-na-major-regional#140,2024-10-05_s3-na-major-regional,140,mirko (i),mha06-200,Cooper Crabtree Deck,death,2-5-1,2,5,1,2-5-1,2,5,1,0,1,82,10
2024-10-05_s3-na-major-regional#141,2024-10-05_s3-na-major-regional,141,pony tsunotori,mha07-098,Horny American V10.1 ATL-MR,earth,2-5-1,2,5,1,2-5-1,2,5,1,0,1,74,10
2024-10-05_s3-na-major-regional#142,2024-10-05_s3-na-major-regional,142,"jester lavorre, prankster priestess",crmn-001,Jester (AoT),chaos,2-2-1,2,2,1,2-2-1,2,2,1,0,1,66,10
2024-10-05_s3-na-major-regional#143,2024-10-05_s3-na-major-regional,143,tamaki amajiki (i),mha05-091,Chuey Thao Deck,air,2-5-1,2,5,1,2-5-1,2,5,1,0,1,71,0
2024-10-05_s3-na-major-regional#144,2024-10-05_s3-na-major-regional,144,himiko toga (iii),mha06-001,Toga’s Chaos,chaos,1-5-1 +1 bye,,,,1-5-1,1,5,1,0,1,68,0
2024-10-05_s3-na-major-regional#145,2024-10-05_s3-na-major-regional,145,katsuki bakugo (iv),mha06-100,AJ Steele Deck,death,2-4-0,2,4,0,2-4-0,2,4,0,0,1,62,10
2024-10-05_s3-na-major-regional#146,2024-10-05_s3-na-major-regional,146,"reiner braun // reiner, armored titan",aot01-017,Reiner ATL,death,2-4-0,2,4,0,2-4-0,2,4,0,0,1,69,10
2024-10-05_s3-na-major-regional#147,2024-10-05_s3-na-major-regional,147,"rodan, giant monster of the sky",cha03krm-003,Brodan ATL,void,2-4-0,2,4,0,2-4-0,2,4,0,0,1,77,10
2024-10-05_s3-na-major-regional#148,2024-10-05_s3-na-major-regional,148,himiko toga (i),mha02-085,"Oh yeah, It's Gamer Mode Baby",death,2-3-0,2,3,0,2-3-0,2,3,0,0,1,69,10
2024-10-05_s3-na-major-regional#149,2024-10-05_s3-na-major-regional,149,"kurama, youko unleashed",yyhdt-064,Life kurama,life,2-4-0,2,4,0,2-4-0,2,4,0,0,1,70,10
2024-10-05_s3-na-major-regional#150,2024-10-05_s3-na-major-regional,150,"kurama, youko unleashed",yyhdt-064,EJ Lucia Deck,life,2-4-0,2,4,0,2-4-0,2,4,0,0,1,66,10
2024-10-05_s3-na-major-regional#151,2024-10-05_s3-na-major-regional,151,woman,mha07-110,Aiden Valentin Deck,evil,2-6-0,2,6,0,2-6-0,2,6,0,0,1,65,10
2024-10-05_s3-na-major-regional#152,2024-10-05_s3-na-major-regional,152,pony tsunotori,mha07-098,I’m just an exchange student,earth,2-6-0,2,6,0,2-6-0,2,6,0,0,1,70,10
2024-10-05_s3-na-major-regional#153,2024-10-05_s3-na-major-regional,153,levi ackerman,aot01-014,Levi - Air,air,1-6-0 +1 bye,,,,1-6-0,1,6,0,0,1,63,10
2024-10-05_s3-na-major-regional#154,2024-10-05_s3-na-major-regional,154,izuku midoriya (iv),mha05-055,Izuku Midoriya 4,good,2-4-0,2,4,0,2-4-0,2,4,0,0,1,65,10
2024-10-05_s3-na-major-regional#155,2024-10-05_s3-na-major-regional,155,mikasa ackerman,aot01-016,Mitchell Pierson Deck,fire,1-6-0 +1 bye,,,,1-6-0,1,6,0,0,1,73,10
2024-10-05_s3-na-major-regional#156,2024-10-05_s3-na-major-regional,156,ryukyu,mha07-102,Thomas Gordon Deck,earth,2-6-0,2,6,0,2-6-0,2,6,0,0,1,64,0
2024-10-05_s3-na-major-regional#157,2024-10-05_s3-na-major-regional,157,the joker,promo2024-005,Jokah baby,void,1-6-0 +1 bye,,,,1-6-0,1,6,0,0,1,73,0
2024-10-05_s3-na-major-regional#158,2024-10-05_s3-na-major-regional,158,"godzilla, king of the monsters",cha03gmm-001,G.Zilla,chaos,1-5-2,1,5,2,1-5-2,1,5,2,0,1,60,10
2024-10-05_s3-na-major-regional#159,2024-10-05_s3-na-major-regional,159,"king ghidorah, emperor of the cosmos",cha03krm-001,Ghidorah Regionals,evil,1-2-2,1,2,2,1-2-2,1,2,2,0,1,67,10
2024-10-05_s3-na-major-regional#160,2024-10-05_s3-na-major-regional,160,"ymir // ymir, jaw titan",aot01-020,adlanda,life,1-2-1,1,2,1,1-2-1,1,2,1,0,1,64,10
2024-10-05_s3-na-major-regional#161,2024-10-05_s3-na-major-regional,161,suzuki,yyhdt-109,Suzuki Chaos Rampage,chaos,1-4-1,1,4,1,1-4-1,1,4,1,0,1,60,10
2024-10-05_s3-na-major-regional#162,2024-10-05_s3-na-major-regional,162,smiling titan,aot01-019,Smiling Friends!,life,1-3-1,1,3,1,1-3-1,1,3,1,0,1,70,10
2024-10-05_s3-na-major-regional#163,2024-10-05_s3-na-major-regional,163,izuku midoriya (v),mha06-091,Eater Of worlds,all,1-5-1,1,5,1,1-5-1,1,5,1,0,1,63,10
2024-10-05_s3-na-major-regional#164,2024-10-05_s3-na-major-regional,164,"ymir // ymir, jaw titan",aot01-020,Jason Hearn Deck,life,1-3-1,1,3,1,1-3-1,1,3,1,0,1,66,10
2024-10-05_s3-na-major-regional#165,2024-10-05_s3-na-major-regional,165,"annie leonhart // annie, female titan",aot01-001,Annie Emerge,life,1-6-1,1,6,1,1-6-1,1,6,1,0,1,67,10
2024-10-05_s3-na-major-regional#166,2024-10-05_s3-na-major-regional,166,younger toguro,yyhdt-127,YOUNGER TOGURO Complete,death,1-6-1,1,6,1,1-6-1,1,6,1,0,1,62,10
2024-10-05_s3-na-major-regional#167,2024-10-05_s3-na-major-regional,167,"ymir // ymir, jaw titan",aot01-020,Ymir,life,1-2-1,1,2,1,1-2-1,1,2,1,0,1,66,10
2024-10-05_s3-na-major-regional#168,2024-10-05_s3-na-major-regional,168,tamaki amajiki (i),mha05-091,Dylan Clemons's deck,chaos,1-4-0,1,4,0,1-4-0,1,4,0,0,1,60,10
2024-10-05_s3-na-major-regional#169,2024-10-05_s3-na-major-regional,169,"yusuke, team leader",yyhdt-136,Cody Tindell Deck,good,1-3-0,1,3,0,1-3-0,1,3,0,0,1,62,10
2024-10-05_s3-na-major-regional#170,2024-10-05_s3-na-major-regional,170,mirio togata (i),mha05-001,Mirio Atlanta RLE,chaos,1-7-0,1,7,0,1-7-0,1,7,0,0,1,62,10
2024-10-05_s3-na-major-regional#171,2024-10-05_s3-na-major-regional,171,ryukyu,mha07-102,Deck.,life,1-2-0,1,2,0,1-2-0,1,2,0,0,1,63,10
2024-10-05_s3-na-major-regional#172,2024-10-05_s3-na-major-regional,172,kendo rappa (i),mha05-064,Juilian Winner Deck,fire,1-5-0,1,5,0,1-5-0,1,5,0,0,1,60,10
2024-10-05_s3-na-major-regional#173,2024-10-05_s3-na-major-regional,173,koji koda (i),mha03-037,Life Koda,life,0-3-2,0,3,2,0-3-2,0,3,2,0,1,64,10
2024-10-05_s3-na-major-regional#174,2024-10-05_s3-na-major-regional,174,mimic (i),mha05-114,Nicholas Ragan Deck,chaos,0-1-1,0,1,1,0-1-1,0,1,1,0,1,61,10
2024-10-05_s3-na-major-regional#175,2024-10-05_s3-na-major-regional,175,ryukyu,mha07-102,RyuX-2,all,0-2-0,0,2,0,0-2-0,0,2,0,0,1,62,10
2024-10-05_s3-na-major-regional#176,2024-10-05_s3-na-major-regional,176,smiling titan,aot01-019,Zackary Anderson Deck,life,0-1-0,0,1,0,0-1-0,0,1,0,0,1,69,10
2024-10-05_s3-na-major-regional#177,2024-10-05_s3-na-major-regional,177,"reiner braun // reiner, armored titan",aot01-017,Reiner's ToS,death,0-3-0,0,3,0,0-3-0,0,3,0,0,1,69,10
2024-10-05_s3-na-major-regional#178,2024-10-05_s3-na-major-regional,178,smiling titan,aot01-019,joseph spalding Deck,life,0-3-0,0,3,0,0-3-0,0,3,0,0,1,72,10
2024-10-05_s3-na-major-regional#179,2024-10-05_s3-na-major-regional,179,ryukyu,mha07-102,Stolen Dragon Deck,all,0-3-0,0,3,0,0-3-0,0,3,0,0,1,64,10
2024-10-05_s3-na-major-regional#180,2024-10-05_s3-na-major-regional,180,mikasa ackerman,aot01-016,CJ McFee Deck,air,0-4-0,0,4,0,0-4-0,0,4,0,0,1,60,0
2024-10-05_s3-na-major-regional#181,2024-10-05_s3-na-major-regional,181,"vex’ahlia, resourceful hunter",crvm-002,Hunting on Earth,earth,0-4-0,0,4,0,0-4-0,0,4,0,0,1,64,10
2024-10-05_s3-na-major-regional#182,2024-10-05_s3-na-major-regional,182,ochaco uraraka (iv),mha06-019,Alex Rolband Deck,water,0-5-0,0,5,0,0-5-0,0,5,0,0,1,64,10
2024-10-26_s3-eu-major-regional#1,2024-10-26_s3-eu-major-regional,1,katsuki bakugo (iv),mha06-100,Super Lord Explosion Murder Death God,death,5-1-1,5,1,1,8-1-1,8,1,1,1,1,66,10
2024-10-26_s3-eu-major-regional#2,2024-10-26_s3-eu-major-regional,2,"godzilla, king of the monsters",cha03gmm-001,Godzilla,chaos,4-0-3,4,0,3,6-1-3,6,1,3,1,1,64,10
2024-10-26_s3-eu-major-regional#3,2024-10-26_s3-eu-major-regional,3,katsuki bakugo (iv),mha06-100,Liam Chawner Deck,death,5-1-1,5,1,1,6-2-1,6,2,1,1,1,64,10
2024-10-26_s3-eu-major-regional#4,2024-10-26_s3-eu-major-regional,4,katsuki bakugo (iv),mha06-100,Yasar Akar Deck,air,5-2-0,5,2,0,6-3-0,6,3,0,1,1,63,10
2024-10-26_s3-eu-major-regional#5,2024-10-26_s3-eu-major-regional,5,mimic (i),mha05-114,Kyle Roc Deck,chaos,5-1-1,5,1,1,5-2-1,5,2,1,1,1,63,10
2024-10-26_s3-eu-major-regional#6,2024-10-26_s3-eu-major-regional,6,"erwin smith, 13th commander of the survey corps",aot01-009,Adam Brown Deck,death,5-1-1,5,1,1,5-2-1,5,2,1,1,1,64,10
2024-10-26_s3-eu-major-regional#7,2024-10-26_s3-eu-major-regional,7,"godzilla, king of the monsters",cha03gmm-001,RLE 3,chaos,4-0-3,4,0,3,4-1-3,4,1,3,1,1,64,10
2024-10-26_s3-eu-major-regional#8,2024-10-26_s3-eu-major-regional,8,smiling titan,aot01-019,"Hey, You, Smile.",death,4-0-3,4,0,3,4-1-3,4,1,3,1,1,76,10
2024-10-26_s3-eu-major-regional#9,2024-10-26_s3-eu-major-regional,9,dabi (i),mha02-073,ARISE! DABI GUY,chaos,5-2-0,5,2,0,5-2-0,5,2,0,0,1,65,10
2024-10-26_s3-eu-major-regional#10,2024-10-26_s3-eu-major-regional,10,ryukyu,mha07-102,Kieran Holden Deck,all,4-0-3,4,0,3,4-0-3,4,0,3,0,1,63,10
2024-10-26_s3-eu-major-regional#11,2024-10-26_s3-eu-major-regional,11,ryukyu,mha07-102,John Bell Deck,earth,5-2-0,5,2,0,5-2-0,5,2,0,0,1,67,10
2024-10-26_s3-eu-major-regional#12,2024-10-26_s3-eu-major-regional,12,ryukyu,mha07-102,Blaine Taylor Deck,life,4-1-2,4,1,2,4-1-2,4,1,2,0,1,64,10
2024-10-26_s3-eu-major-regional#13,2024-10-26_s3-eu-major-regional,13,"reiner braun // reiner, armored titan",aot01-017,Sheriff Braun,death,4-2-1,4,2,1,4-2-1,4,2,1,0,1,69,10
2024-10-26_s3-eu-major-regional#14,2024-10-26_s3-eu-major-regional,14,"izuku midoriya, on the move // izuku midoriya, quirks unleashed",mha08-001,Luke Quinsee Deck,void,4-2-1,4,2,1,4-2-1,4,2,1,0,1,84,10
2024-10-26_s3-eu-major-regional#15,2024-10-26_s3-eu-major-regional,15,"mechagodzilla, kiryu",cha03gmm-002,Michael riley Deck,earth,4-2-1,4,2,1,4-2-1,4,2,1,0,1,63,10
2024-10-26_s3-eu-major-regional#16,2024-10-26_s3-eu-major-regional,16,"king ghidorah, emperor of the cosmos",cha03krm-001,"3 heads, 0 brains",evil,4-2-1,4,2,1,4-2-1,4,2,1,0,1,72,10
2024-10-26_s3-eu-major-regional#17,2024-10-26_s3-eu-major-regional,17,smiling titan,aot01-019,Smile for the Camera,death,4-2-1,4,2,1,4-2-1,4,2,1,0,1,68,10
2024-10-26_s3-eu-major-regional#18,2024-10-26_s3-eu-major-regional,18,mimic (i),mha05-114,Evil Mimic,evil,4-2-1,4,2,1,4-2-1,4,2,1,0,1,60,10
2024-10-26_s3-eu-major-regional#19,2024-10-26_s3-eu-major-regional,19,"izuku midoriya, on the move // izuku midoriya, quirks unleashed",mha08-001,Count Deku,void,4-2-1,4,2,1,4-2-1,4,2,1,0,1,77,10
2024-10-26_s3-eu-major-regional#20,2024-10-26_s3-eu-major-regional,20,"eren yeager // eren, attack titan",aot01-008,Greg Moss Regional S3 Deck,death,4-3-0,4,3,0,4-3-0,4,3,0,0,1,64,10
2024-10-26_s3-eu-major-regional#21,2024-10-26_s3-eu-major-regional,21,byakko,yyhdt-162,Byakko back again,earth,4-3-0,4,3,0,4-3-0,4,3,0,0,1,84,10
2024-10-26_s3-eu-major-regional#22,2024-10-26_s3-eu-major-regional,22,"izuku midoriya, on the move // izuku midoriya, quirks unleashed",mha08-001,Kai Tyack Deck,void,4-3-0,4,3,0,4-3-0,4,3,0,0,1,79,10
2024-10-26_s3-eu-major-regional#23,2024-10-26_s3-eu-major-regional,23,"izuku midoriya, on the move // izuku midoriya, quirks unleashed",mha08-001,"Hey, Catch",life,4-3-0,4,3,0,4-3-0,4,3,0,0,1,65,10
2024-10-26_s3-eu-major-regional#24,2024-10-26_s3-eu-major-regional,24,big mouth titan,aot01-006,Harry McGhin Deck,fire,4-3-0,4,3,0,4-3-0,4,3,0,0,1,67,10
2024-10-26_s3-eu-major-regional#25,2024-10-26_s3-eu-major-regional,25,ryukyu,mha07-102,updated,all,4-3-0,4,3,0,4-3-0,4,3,0,0,1,60,10
2024-10-26_s3-eu-major-regional#26,2024-10-26_s3-eu-major-regional,26,shishiwakamaru,yyhdt-100,Shishi,chaos,4-3-0,4,3,0,4-3-0,4,3,0,0,1,66,10
2024-10-26_s3-eu-major-regional#27,2024-10-26_s3-eu-major-regional,27,"izuku midoriya, on the move // izuku midoriya, quirks unleashed",mha08-001,Sheffield 26/10/2024 sad vibes only,life,4-3-0,4,3,0,4-3-0,4,3,0,0,1,65,10
2024-10-26_s3-eu-major-regional#28,2024-10-26_s3-eu-major-regional,28,"reiner braun // reiner, armored titan",aot01-017,Ian Hildon Deck,death,3-2-2,3,2,2,3-2-2,3,2,2,0,1,64,10
2024-10-26_s3-eu-major-regional#29,2024-10-26_s3-eu-major-regional,29,devil jin,tk801-040,Devil Trigger,evil,3-3-1,3,3,1,3-3-1,3,3,1,0,1,72,10
2024-10-26_s3-eu-major-regional#30,2024-10-26_s3-eu-major-regional,30,"izuku midoriya, on the move // izuku midoriya, quirks unleashed",mha08-001,Test,void,3-3-1,3,3,1,3-3-1,3,3,1,0,1,78,10
2024-10-26_s3-eu-major-regional#31,2024-10-26_s3-eu-major-regional,31,himiko toga (iii),mha06-001,Jimmy Moon Deck,death,3-3-1,3,3,1,3-3-1,3,3,1,0,1,62,10
2024-10-26_s3-eu-major-regional#32,2024-10-26_s3-eu-major-regional,32,"izuku midoriya, on the move // izuku midoriya, quirks unleashed",mha08-001,Michael Mcewan Deck,life,3-3-1,3,3,1,3-3-1,3,3,1,0,1,66,10
2024-10-26_s3-eu-major-regional#33,2024-10-26_s3-eu-major-regional,33,ryukyu,mha07-102,https://universus.cards,life,3-3-1,3,3,1,3-3-1,3,3,1,0,1,65,10
2024-10-26_s3-eu-major-regional#34,2024-10-26_s3-eu-major-regional,34,"kurama, youko unleashed",yyhdt-064,Kurama Water,water,3-3-1,3,3,1,3-3-1,3,3,1,0,1,85,10
2024-10-26_s3-eu-major-regional#35,2024-10-26_s3-eu-major-regional,35,"rodan, giant monster of the sky",cha03krm-003,Void Rodaddy,void,3-3-1,3,3,1,3-3-1,3,3,1,0,1,75,10
2024-10-26_s3-eu-major-regional#36,2024-10-26_s3-eu-major-regional,36,tsuyu asui (iii),mha06-136,Daniel Lewis Deck,chaos,3-3-1,3,3,1,3-3-1,3,3,1,0,1,60,10
2024-10-26_s3-eu-major-regional#37,2024-10-26_s3-eu-major-regional,37,nicholas d. wolfwood,ts01-002,Leo Savage Deck,death,3-4-0,3,4,0,3-4-0,3,4,0,0,1,64,10
2024-10-26_s3-eu-major-regional#38,2024-10-26_s3-eu-major-regional,38,paul phoenix,tk801-043,Nephthys,order,3-4-0,3,4,0,3-4-0,3,4,0,0,1,60,10
2024-10-26_s3-eu-major-regional#39,2024-10-26_s3-eu-major-regional,39,"ymir // ymir, jaw titan",aot01-020,Jaw Titan Snacks,life,3-4-0,3,4,0,3-4-0,3,4,0,0,1,64,10
2024-10-26_s3-eu-major-regional#40,2024-10-26_s3-eu-major-regional,40,gentle criminal,mha06-064,Exeter Gently,chaos,3-4-0,3,4,0,3-4-0,3,4,0,0,1,64,10
2024-10-26_s3-eu-major-regional#41,2024-10-26_s3-eu-major-regional,41,big mouth titan,aot01-006,Lemme Take a Nibble,chaos,3-4-0,3,4,0,3-4-0,3,4,0,0,1,73,10
2024-10-26_s3-eu-major-regional#42,2024-10-26_s3-eu-major-regional,42,karasu,yyhdt-055,K-Pop,death,3-4-0,3,4,0,3-4-0,3,4,0,0,1,74,10
2024-10-26_s3-eu-major-regional#43,2024-10-26_s3-eu-major-regional,43,"godzilla, king of the monsters",cha03gmm-001,connor middlemass Deck,earth,3-4-0,3,4,0,3-4-0,3,4,0,0,1,66,10
2024-10-26_s3-eu-major-regional#44,2024-10-26_s3-eu-major-regional,44,edgeshot (i),mha06-146,Edgeshot,void,3-4-0,3,4,0,3-4-0,3,4,0,0,1,60,10
2024-10-26_s3-eu-major-regional#45,2024-10-26_s3-eu-major-regional,45,mt. lady (ii),mha07-064,Giant Butte of Death,earth,2-2-3,2,2,3,2-2-3,2,2,3,0,1,65,10
2024-10-26_s3-eu-major-regional#46,2024-10-26_s3-eu-major-regional,46,himiko toga (iii),mha06-001,Dan Austin Deck,chaos,2-2-3,2,2,3,2-2-3,2,2,3,0,1,65,10
2024-10-26_s3-eu-major-regional#47,2024-10-26_s3-eu-major-regional,47,hannes,aot01-011,Erwin is too big brain for me,order,2-3-2,2,3,2,2-3-2,2,3,2,0,1,60,10
2024-10-26_s3-eu-major-regional#48,2024-10-26_s3-eu-major-regional,48,tsuyu asui (iii),mha06-136,Sean Johnson Deck,water,2-3-2,2,3,2,2-3-2,2,3,2,0,1,73,10
2024-10-26_s3-eu-major-regional#49,2024-10-26_s3-eu-major-regional,49,devil jin,tk801-040,DEH,evil,2-3-2,2,3,2,2-3-2,2,3,2,0,1,65,10
2024-10-26_s3-eu-major-regional#50,2024-10-26_s3-eu-major-regional,50,"izuku midoriya, on the move // izuku midoriya, quirks unleashed",mha08-001,Billy Scholes Deck,air,2-3-2,2,3,2,2-3-2,2,3,2,0,1,68,10
2024-10-26_s3-eu-major-regional#51,2024-10-26_s3-eu-major-regional,51,ryukyu,mha07-102,Ryukyukyukyuyukyukyuk,life,2-3-2,2,3,2,2-3-2,2,3,2,0,1,60,10
2024-10-26_s3-eu-major-regional#52,2024-10-26_s3-eu-major-regional,52,himiko toga (iii),mha06-001,Jordan Robinson Deck,chaos,2-4-1,2,4,1,2-4-1,2,4,1,0,1,65,10
2024-10-26_s3-eu-major-regional#53,2024-10-26_s3-eu-major-regional,53,tomura shigaraki (iii),mha04-091,Nah I’d play a seven hander,evil,2-4-1,2,4,1,2-4-1,2,4,1,0,1,65,10
2024-10-26_s3-eu-major-regional#54,2024-10-26_s3-eu-major-regional,54,"godzilla, king of the monsters",cha03gmm-001,Codey Rockett Deck,earth,2-4-1,2,4,1,2-4-1,2,4,1,0,1,63,10
2024-10-26_s3-eu-major-regional#55,2024-10-26_s3-eu-major-regional,55,locklock (i),mha05-113,His Name is Rocklock!,order,2-5-0,2,5,0,2-5-0,2,5,0,0,1,66,10
2024-10-26_s3-eu-major-regional#56,2024-10-26_s3-eu-major-regional,56,soramitsu tabe (i),mha05-117,Nom-nom Tabe,evil,2-5-0,2,5,0,2-5-0,2,5,0,0,1,66,0
2024-10-26_s3-eu-major-regional#57,2024-10-26_s3-eu-major-regional,57,shishiwakamaru,yyhdt-100,Shishiwakamaru - Blue Airy Armpits,air,1-2-3,1,2,3,1-2-3,1,2,3,0,1,69,10
2024-10-26_s3-eu-major-regional#58,2024-10-26_s3-eu-major-regional,58,"godzilla, king of the monsters",cha03gmm-001,Justin Parker Deck,water,2-5-0,2,5,0,2-5-0,2,5,0,0,1,73,10
2024-10-26_s3-eu-major-regional#59,2024-10-26_s3-eu-major-regional,59,gentle criminal,mha06-064,Gentle Criminal Deck,void,1-5-0 +1 bye,,,,1-5-0,1,5,0,0,1,70,10
2024-10-26_s3-eu-major-regional#60,2024-10-26_s3-eu-major-regional,60,"izuku midoriya, on the move // izuku midoriya, quirks unleashed",mha08-001,120% Deku,good,2-5-0,2,5,0,2-5-0,2,5,0,0,1,66,10
2024-10-26_s3-eu-major-regional#61,2024-10-26_s3-eu-major-regional,61,mirko,mha07-046,I like the rabbit lady alot :),death,2-5-0,2,5,0,2-5-0,2,5,0,0,1,62,10
2024-10-26_s3-eu-major-regional#62,2024-10-26_s3-eu-major-regional,62,sir nighteye (i),mha05-082,Sir Nighteye (All),all,1-4-2,1,4,2,1-4-2,1,4,2,0,1,72,10
2024-10-26_s3-eu-major-regional#63,2024-10-26_s3-eu-major-regional,63,"ymir // ymir, jaw titan",aot01-020,"I'm not superstitious, but i am a little stitious.",life,1-3-1,1,3,1,1-3-1,1,3,1,0,1,68,10
2024-10-26_s3-eu-major-regional#64,2024-10-26_s3-eu-major-regional,64,"rodan, giant monster of the sky",cha03krm-003,Rodanm!,void,1-6-0,1,6,0,1-6-0,1,6,0,0,1,73,10
2024-10-26_s3-eu-major-regional#65,2024-10-26_s3-eu-major-regional,65,levi ackerman,aot01-014,Levi Deck + Toga cards,death,1-6-0,1,6,0,1-6-0,1,6,0,0,1,81,0
2024-10-26_s3-eu-major-regional#66,2024-10-26_s3-eu-major-regional,66,nicholas d. wolfwood,ts01-002,2024 EU Regionals Wolfwood [Death],death,0-6-0 +1 bye,,,,0-6-0,0,6,0,0,1,71,10
2024-10-26_s3-eu-major-regional#67,2024-10-26_s3-eu-major-regional,67,"rodan, giant monster of the sky",cha03krm-003,"Am i a hero? i really can't say, but yes!",void,0-3-1,0,3,1,0-3-1,0,3,1,0,1,73,10
2024-10-26_s3-eu-major-regional#68,2024-10-26_s3-eu-major-regional,68,nicholas d. wolfwood,ts01-002,Jamie Morgan Deck,death,0-4-1,0,4,1,0-4-1,0,4,1,0,1,67,10
2024-11-09_webcam-circuit-major-3#1,2024-11-09_webcam-circuit-major-3,1,,,,,,,,,,,,,0,0,0,0
2024-11-09_webcam-circuit-major-3#2,2024-11-09_webcam-circuit-major-3,2,,,,,,,,,,,,,0,0,0,0
2024-11-09_webcam-circuit-major-3#3,2024-11-09_webcam-circuit-major-3,3,,,,,,,,,,,,,0,0,0,0
2024-11-09_webcam-circuit-major-3#4,2024-11-09_webcam-circuit-major-3,4,"godzilla, king of the monsters",cha03gmm-001,Heavensfall,chaos,4-1-0,4,1,0,5-2-0,5,2,0,1,1,60,10
2024-11-09_webcam-circuit-major-3#5,2024-11-09_webcam-circuit-major-3,5,"godzilla, king of the monsters",cha03gmm-001,6-4 Knockdown Godzilla (on Chaos),chaos,4-0-1,4,0,1,4-1-1,4,1,1,1,1,60,10
2024-11-09_webcam-circuit-major-3#6,2024-11-09_webcam-circuit-major-3,6,"ymir // ymir, jaw titan",aot01-020,Ymir life,life,4-1-0,4,1,0,4-2-0,4,2,0,1,1,65,10
2024-11-09_webcam-circuit-major-3#7,2024-11-09_webcam-circuit-major-3,7,,,,,,,,,,,,,0,0,0,0
2024-11-09_webcam-circuit-major-3#8,2024-11-09_webcam-circuit-major-3,8,,,,,,,,,,,,,0,0,0,0
2024-11-09_webcam-circuit-major-3#9,2024-11-09_webcam-circuit-major-3,9,,,,,,,,,,,,,0,0,0,0
2024-11-09_webcam-circuit-major-3#10,2024-11-09_webcam-circuit-major-3,10,"king ghidorah, emperor of the cosmos",cha03krm-001,Weaver Webcam KG,evil,3-1-1,3,1,1,3-1-1,3,1,1,0,1,72,10
2024-11-09_webcam-circuit-major-3#11,2024-11-09_webcam-circuit-major-3,11,,,,,,,,,,,,,0,0,0,0
2024-11-09_webcam-circuit-major-3#12,2024-11-09_webcam-circuit-major-3,12,,,,,,,,,,,,,0,0,0,0
2024-11-09_webcam-circuit-major-3#13,2024-11-09_webcam-circuit-major-3,13,,,,,,,,,,,,,0,0,0,0
2024-11-09_webcam-circuit-major-3#14,2024-11-09_webcam-circuit-major-3,14,"bertolt hoover, living weapon // bertolt, colossus titan advancing",aot02-002,travis washburn Deck,fire,3-2-0,3,2,0,3-2-0,3,2,0,0,1,70,10
2024-11-09_webcam-circuit-major-3#15,2024-11-09_webcam-circuit-major-3,15,,,,,,,,,,,,,0,0,0,0
2024-11-09_webcam-circuit-major-3#16,2024-11-09_webcam-circuit-major-3,16,,,,,,,,,,,,,0,0,0,0
2024-11-09_webcam-circuit-major-3#17,2024-11-09_webcam-circuit-major-3,17,,,,,,,,,,,,,0,0,0,0
2024-11-09_webcam-circuit-major-3#18,2024-11-09_webcam-circuit-major-3,18,,,,,,,,,,,,,0,0,0,0
2024-11-09_webcam-circuit-major-3#19,2024-11-09_webcam-circuit-major-3,19,,,,,,,,,,,,,0,0,0,0
2024-11-09_webcam-circuit-major-3#20,2024-11-09_webcam-circuit-major-3,20,,,,,,,,,,,,,0,0,0,0
2024-11-09_webcam-circuit-major-3#21,2024-11-09_webcam-circuit-major-3,21,,,,,,,,,,,,,0,0,0,0
2024-11-09_webcam-circuit-major-3#22,2024-11-09_webcam-circuit-major-3,22,,,,,,,,,,,,,0,0,0,0
2024-11-09_webcam-circuit-major-3#23,2024-11-09_webcam-circuit-major-3,23,"kenny ackerman, the ripper",aot02-010,Kenny Death burn,death,2-2-1,2,2,1,2-2-1,2,2,1,0,1,67,10
2024-11-09_webcam-circuit-major-3#24,2024-11-09_webcam-circuit-major-3,24,,,,,,,,,,,,,0,0,0,0
2024-11-09_webcam-circuit-major-3#25,2024-11-09_webcam-circuit-major-3,25,"nott the brave, irritable goblin",crmn-002,Michael Fernandez Deck,chaos,2-3-0,2,3,0,2-3-0,2,3,0,0,1,75,0
2024-11-09_webcam-circuit-major-3#26,2024-11-09_webcam-circuit-major-3,26,,,,,,,,,,,,,0,0,0,0
2024-11-09_webcam-circuit-major-3#27,2024-11-09_webcam-circuit-major-3,27,,,,,,,,,,,,,0,0,0,0
2024-11-09_webcam-circuit-major-3#28,2024-11-09_webcam-circuit-major-3,28,,,,,,,,,,,,,0,0,0,0
2024-11-09_webcam-circuit-major-3#29,2024-11-09_webcam-circuit-major-3,29,,,,,,,,,,,,,0,0,0,0
2024-11-09_webcam-circuit-major-3#30,2024-11-09_webcam-circuit-major-3,30,,,,,,,,,,,,,0,0,0,0
2024-11-09_webcam-circuit-major-3#31,2024-11-09_webcam-circuit-major-3,31,,,,,,,,,,,,,0,0,0,0
2024-11-09_webcam-circuit-major-3#32,2024-11-09_webcam-circuit-major-3,32,"ymir // ymir, jaw titan",aot01-020,Allen Hampton III Deck,life,1-3-1,1,3,1,1-3-1,1,3,1,0,1,66,10
2024-11-09_webcam-circuit-major-3#33,2024-11-09_webcam-circuit-major-3,33,"izuku midoriya, on the move // izuku midoriya, quirks unleashed",mha08-001,Deku 6,life,1-2-1,1,2,1,1-2-1,1,2,1,0,1,70,10
2024-11-09_webcam-circuit-major-3#34,2024-11-09_webcam-circuit-major-3,34,"annie leonhart // annie, female titan",aot01-001,annie,chaos,1-3-1,1,3,1,1-3-1,1,3,1,0,1,63,10
2024-11-09_webcam-circuit-major-3#35,2024-11-09_webcam-circuit-major-3,35,,,,,,,,,,,,,0,0,0,0
2024-11-09_webcam-circuit-major-3#36,2024-11-09_webcam-circuit-major-3,36,"erwin smith, 13th commander of the survey corps",aot01-009,Order Erwin,order,1-3-0,1,3,0,1-3-0,1,3,0,0,1,66,10
2024-11-09_webcam-circuit-major-3#37,2024-11-09_webcam-circuit-major-3,37,,,,,,,,,,,,,0,0,0,0
2024-11-09_webcam-circuit-major-3#38,2024-11-09_webcam-circuit-major-3,38,endeavor (iii),mha06-055,Richard Mitchell Deck,earth,1-4-0,1,4,0,1-4-0,1,4,0,0,1,69,10
2024-11-09_webcam-circuit-major-3#39,2024-11-09_webcam-circuit-major-3,39,,,,,,,,,,,,,0,0,0,0
2024-11-09_webcam-circuit-major-3#40,2024-11-09_webcam-circuit-major-3,40,,,,,,,,,,,,,0,0,0,0
2024-11-09_webcam-circuit-major-3#41,2024-11-09_webcam-circuit-major-3,41,,,,,,,,,,,,,0,0,0,0
2024-11-09_webcam-circuit-major-3#42,2024-11-09_webcam-circuit-major-3,42,,,,,,,,,,,,,0,0,0,0
2024-11-09_webcam-circuit-major-3#43,2024-11-09_webcam-circuit-major-3,43,,,,,,,,,,,,,0,0,0,0
2024-11-09_webcam-circuit-major-3#44,2024-11-09_webcam-circuit-major-3,44,the joker,promo2024-005,The Joker,death,0-4-0,0,4,0,0-4-0,0,4,0,0,1,62,10
2024-11-09_webcam-circuit-major-3#45,2024-11-09_webcam-circuit-major-3,45,,,,,,,,,,,,,0,0,0,0
2024-11-09_webcam-circuit-major-3#46,2024-11-09_webcam-circuit-major-3,46,,,,,,,,,,,,,0,0,0,0
2024-11-09_webcam-circuit-major-3#47,2024-11-09_webcam-circuit-major-3,47,,,,,,,,,,,,,0,0,0,0
2024-11-09_webcam-circuit-major-3#48,2024-11-09_webcam-circuit-major-3,48,,,,,,,,,,,,,0,0,0,0
2025-01-10_oce-nationals#1,2025-01-10_oce-nationals,1,mimic (i),mha05-114,Mimic box,chaos,4-0-2,4,0,2,7-0-2,7,0,2,1,1,68,10
2025-01-10_oce-nationals#2,2025-01-10_oce-nationals,2,mimic (i),mha05-114,James O'Doherty Deck,chaos,5-1-0,5,1,0,7-2-0,7,2,0,1,1,68,10
2025-01-10_oce-nationals#3,2025-01-10_oce-nationals,3,"king ghidorah, emperor of the cosmos",cha03krm-001,Torin Milliken Deck,evil,4-0-2,4,0,2,5-1-2,5,1,2,1,1,70,10
2025-01-10_oce-nationals#4,2025-01-10_oce-nationals,4,mimic (i),mha05-114,mimic nats,chaos,4-0-2,4,0,2,5-1-2,5,1,2,1,1,65,10
2025-01-10_oce-nationals#5,2025-01-10_oce-nationals,5,"jester lavorre, prankster priestess",crmn-001,OCE Nationals 2025,chaos,4-1-1,4,1,1,4-2-1,4,2,1,1,1,75,10
2025-01-10_oce-nationals#6,2025-01-10_oce-nationals,6,"bertolt hoover, living weapon // bertolt, colossus titan advancing",aot02-002,Kai McConville Deck,death,4-1-1,4,1,1,4-2-1,4,2,1,1,1,66,10
2025-01-10_oce-nationals#7,2025-01-10_oce-nationals,7,"hange zoë, four eyes",aot02-007,Hange2Death OCE Nats,death,4-1-1,4,1,1,4-2-1,4,2,1,1,1,66,10
2025-01-10_oce-nationals#8,2025-01-10_oce-nationals,8,"sasha blouse, food fanatic",aot02-014,zachary clark Deck,chaos,4-2-0,4,2,0,4-3-0,4,3,0,1,1,72,10
2025-01-10_oce-nationals#9,2025-01-10_oce-nationals,9,"sasha blouse, food fanatic",aot02-014,Nats Sasha,chaos,4-2-0,4,2,0,4-2-0,4,2,0,0,1,69,10
2025-01-10_oce-nationals#10,2025-01-10_oce-nationals,10,"godzilla, king of the monsters",cha03gmm-001,Connor Richards Deck,chaos,4-2-0,4,2,0,4-2-0,4,2,0,0,1,66,10
2025-01-10_oce-nationals#11,2025-01-10_oce-nationals,11,mimic (i),mha05-114,Checking Green,chaos,3-1-2,3,1,2,3-1-2,3,1,2,0,1,66,10
2025-01-10_oce-nationals#12,2025-01-10_oce-nationals,12,"sasha blouse, food fanatic",aot02-014,Good Soup,chaos,3-1-2,3,1,2,3-1-2,3,1,2,0,1,66,10
2025-01-10_oce-nationals#13,2025-01-10_oce-nationals,13,beast titan,aot01-004,Mr Beast !!!,life,3-1-2,3,1,2,3-1-2,3,1,2,0,1,76,10
2025-01-10_oce-nationals#14,2025-01-10_oce-nationals,14,"izuku midoriya, on the move // izuku midoriya, quirks unleashed",mha08-001,Peter Oppert Deck,good,3-2-1,3,2,1,3-2-1,3,2,1,0,1,65,10
2025-01-10_oce-nationals#15,2025-01-10_oce-nationals,15,"izuku midoriya, on the move // izuku midoriya, quirks unleashed",mha08-001,Nice Defensive Foundations,void,3-2-1,3,2,1,3-2-1,3,2,1,0,1,65,10
2025-01-10_oce-nationals#16,2025-01-10_oce-nationals,16,"reiner braun, warrior // reiner, armored titan advancing",aot02-013,See orange Throw orange,chaos,3-2-1,3,2,1,3-2-1,3,2,1,0,1,69,10
2025-01-10_oce-nationals#17,2025-01-10_oce-nationals,17,katsuki bakugo (iv),mha06-100,Great Explosion Murder God Dynamite,death,3-2-1,3,2,1,3-2-1,3,2,1,0,1,70,10
2025-01-10_oce-nationals#18,2025-01-10_oce-nationals,18,"godzilla, king of the monsters",cha03gmm-001,Zilla Water,water,3-2-1,3,2,1,3-2-1,3,2,1,0,1,66,10
2025-01-10_oce-nationals#19,2025-01-10_oce-nationals,19,"rodan, giant monster of the sky",cha03krm-003,Ewen Kennedy Deck,void,3-2-1,3,2,1,3-2-1,3,2,1,0,1,73,10
2025-01-10_oce-nationals#20,2025-01-10_oce-nationals,20,"sasha blouse, food fanatic",aot02-014,Aidan Giberti Deck,chaos,3-3-0,3,3,0,3-3-0,3,3,0,0,1,60,10
2025-01-10_oce-nationals#21,2025-01-10_oce-nationals,21,mina ashido (ii),mha02-037,mina 2 water for nats,water,3-3-0,3,3,0,3-3-0,3,3,0,0,1,60,0
2025-01-10_oce-nationals#22,2025-01-10_oce-nationals,22,ochaco uraraka (iv),mha06-019,Ocacho 4 nats,water,3-3-0,3,3,0,3-3-0,3,3,0,0,1,61,10
2025-01-10_oce-nationals#23,2025-01-10_oce-nationals,23,stain (i),mha02-064,Stain order,order,3-3-0,3,3,0,3-3-0,3,3,0,0,1,60,10
2025-01-10_oce-nationals#24,2025-01-10_oce-nationals,24,himiko toga (iii),mha06-001,Daniel Read Deck,death,3-3-0,3,3,0,3-3-0,3,3,0,0,1,60,10
2025-01-10_oce-nationals#25,2025-01-10_oce-nationals,25,"annie leonhart // annie, female titan",aot01-001,Annie City Wide Chaos,chaos,3-3-0,3,3,0,3-3-0,3,3,0,0,1,70,10
2025-01-10_oce-nationals#26,2025-01-10_oce-nationals,26,"vex’ahlia, resourceful hunter",crvm-002,Vexy Vex,air,3-3-0,3,3,0,3-3-0,3,3,0,0,1,71,0
2025-01-10_oce-nationals#27,2025-01-10_oce-nationals,27,"levi ackerman, humanity's strongest soldier",aot02-011,Josh Tinny Deck,air,2-2-2,2,2,2,2-2-2,2,2,2,0,1,67,10
2025-01-10_oce-nationals#28,2025-01-10_oce-nationals,28,"bertolt hoover, living weapon // bertolt, colossus titan advancing",aot02-002,Ferdinand Peter Deck,death,2-2-2,2,2,2,2-2-2,2,2,2,0,1,66,10
2025-01-10_oce-nationals#29,2025-01-10_oce-nationals,29,"jester lavorre, prankster priestess",crmn-001,Jester Storm,life,2-3-1,2,3,1,2-3-1,2,3,1,0,1,69,10
2025-01-10_oce-nationals#30,2025-01-10_oce-nationals,30,hange zoë,aot01-010,Decoder-Jordon Bermanseder Deck,life,2-3-1,2,3,1,2-3-1,2,3,1,0,1,60,10
2025-01-10_oce-nationals#31,2025-01-10_oce-nationals,31,overhaul (i),mha05-019,Overhaul breaker,evil,2-3-1,2,3,1,2-3-1,2,3,1,0,1,64,10
2025-01-10_oce-nationals#32,2025-01-10_oce-nationals,32,"bertolt hoover, living weapon // bertolt, colossus titan advancing",aot02-002,Ollie Broughton Deck,death,2-3-1,2,3,1,2-3-1,2,3,1,0,1,67,0
2025-01-10_oce-nationals#33,2025-01-10_oce-nationals,33,mina ashido (ii),mha02-037,This slugs got legs,water,2-4-0,2,4,0,2-4-0,2,4,0,0,1,66,10
2025-01-10_oce-nationals#34,2025-01-10_oce-nationals,34,"king ghidorah, emperor of the cosmos",cha03krm-001,nats,evil,2-4-0,2,4,0,2-4-0,2,4,0,0,1,76,0
2025-01-10_oce-nationals#35,2025-01-10_oce-nationals,35,"godzilla, king of the monsters",cha03gmm-001,Dobzilla Deck,chaos,2-4-0,2,4,0,2-4-0,2,4,0,0,1,66,10
2025-01-10_oce-nationals#36,2025-01-10_oce-nationals,36,"ymir // ymir, jaw titan",aot01-020,Ymir Counts from 1,life,2-4-0,2,4,0,2-4-0,2,4,0,0,1,60,10
2025-01-10_oce-nationals#37,2025-01-10_oce-nationals,37,"historia reiss, secret identity",aot02-008,"Historia, Building a wall",life,2-4-0,2,4,0,2-4-0,2,4,0,0,1,66,10
2025-01-10_oce-nationals#38,2025-01-10_oce-nationals,38,mimic (i),mha05-114,Jye Walker OCE Nats,chaos,1-4-0 +1 bye,,,,1-4-0,1,4,0,0,1,61,10
2025-01-10_oce-nationals#39,2025-01-10_oce-nationals,39,"kuwabara, spirited warrior",yyhdt-082,Enemy Maker,earth,1-3-2,1,3,2,1-3-2,1,3,2,0,1,100,10
2025-01-10_oce-nationals#40,2025-01-10_oce-nationals,40,"sam rutherford, devron racer",stk0x-068,Patrick Kirk Deck,order,0-4-1 +1 bye,,,,0-4-1,0,4,1,0,1,63,0
2025-01-10_oce-nationals#41,2025-01-10_oce-nationals,41,"reiner braun, warrior // reiner, armored titan advancing",aot02-013,Sean Warren Deck,chaos,1-3-0,1,3,0,1-3-0,1,3,0,0,1,69,10
2025-01-10_oce-nationals#42,2025-01-10_oce-nationals,42,"jun kazama, light of hope",tk801-020,Max Howitt Deck,water,0-5-0 +1 bye,,,,0-5-0,0,5,0,0,1,64,10
2025-01-10_oce-nationals#43,2025-01-10_oce-nationals,43,"spike, bounty hunter",cb02-001,Tanya Beha Deck,water,0-5-0 +1 bye,,,,0-5-0,0,5,0,0,1,68,10
2025-01-10_oce-nationals#44,2025-01-10_oce-nationals,44,"eren yeager, promising scout // attack titan, ferocious challenger",aot01-331,William Julian Deck,air,1-3-0,1,3,0,1-3-0,1,3,0,0,1,67,0
2025-01-10_oce-nationals#45,2025-01-10_oce-nationals,45,"vex’ahlia, resourceful hunter",crvm-002,Owen Maycock Deck,air,0-5-0 +1 bye,,,,0-5-0,0,5,0,0,1,61,0
2025-01-10_oce-nationals#46,2025-01-10_oce-nationals,46,ryukyu,mha07-102,-Damage,earth,0-1-0,0,1,0,0-1-0,0,1,0,0,1,60,0
2025-01-17_european-nationals#1,2025-01-17_european-nationals,1,"bertolt hoover, living weapon // bertolt, colossus titan advancing",aot02-002,Leo Savage Deck,death,5-1-1,5,1,1,8-1-1,8,1,1,1,1,67,10
2025-01-17_european-nationals#2,2025-01-17_european-nationals,2,elder toguro,yyhdt-019,Liam Chawner Deck,death,5-1-1,5,1,1,7-2-1,7,2,1,1,1,65,10
2025-01-17_european-nationals#3,2025-01-17_european-nationals,3,"bertolt hoover, living weapon // bertolt, colossus titan advancing",aot02-002,Bert 2 Death,death,5-1-1,5,1,1,6-2-1,6,2,1,1,1,67,10
2025-01-17_european-nationals#4,2025-01-17_european-nationals,4,"godzilla, king of the monsters",cha03gmm-001,This deck builder is a nightmare not even as a plug for univerus.card,chaos,5-2-0,5,2,0,6-3-0,6,3,0,1,1,63,10
2025-01-17_european-nationals#5,2025-01-17_european-nationals,5,jin,yyhdt-046,Jin nat’s 2025,void,5-0-2,5,0,2,5-1-2,5,1,2,1,1,100,10
2025-01-17_european-nationals#6,2025-01-17_european-nationals,6,mimic (i),mha05-114,MiMiC Deck,chaos,5-1-1,5,1,1,5-2-1,5,2,1,1,1,66,10
2025-01-17_european-nationals#7,2025-01-17_european-nationals,7,"godzilla, king of the monsters",cha03gmm-001,Nathan James Deck,chaos,5-1-1,5,1,1,5-2-1,5,2,1,1,1,63,10
2025-01-17_european-nationals#8,2025-01-17_european-nationals,8,"bertolt hoover, living weapon // bertolt, colossus titan advancing",aot02-002,bert,death,5-2-0,5,2,0,5-3-0,5,3,0,1,1,68,10
2025-01-17_european-nationals#9,2025-01-17_european-nationals,9,"reiner braun // reiner, armored titan",aot01-017,https://m.youtube.com/watch?v=dQw4w9WgXcQ&pp=ygUXTmV2ZXIgZ29ubmEgZ2l2ZSB5b3UgdXA%3D,death,5-2-0,5,2,0,5-2-0,5,2,0,0,1,62,10
2025-01-17_european-nationals#10,2025-01-17_european-nationals,10,"godzilla, king of the monsters",cha03gmm-001,zilla nats,chaos,5-2-0,5,2,0,5-2-0,5,2,0,0,1,65,10
2025-01-17_european-nationals#11,2025-01-17_european-nationals,11,"godzilla, king of the monsters",cha03gmm-001,Nats deck,chaos,5-2-0,5,2,0,5-2-0,5,2,0,0,1,66,10
2025-01-17_european-nationals#12,2025-01-17_european-nationals,12,"reiner braun, warrior // reiner, armored titan advancing",aot02-013,Mattia Rustignoli Deck,chaos,5-2-0,5,2,0,5-2-0,5,2,0,0,1,64,10
2025-01-17_european-nationals#13,2025-01-17_european-nationals,13,"bertolt hoover, living weapon // bertolt, colossus titan advancing",aot02-002,Bert eu nats,death,4-2-1,4,2,1,4-2-1,4,2,1,0,1,71,10
2025-01-17_european-nationals#14,2025-01-17_european-nationals,14,pony tsunotori,mha07-098,Earth Pony,earth,4-2-1,4,2,1,4-2-1,4,2,1,0,1,66,10
2025-01-17_european-nationals#15,2025-01-17_european-nationals,15,"rodan, giant monster of the sky",cha03krm-003,Sam Ivory Deck,void,4-2-1,4,2,1,4-2-1,4,2,1,0,1,72,10
2025-01-17_european-nationals#16,2025-01-17_european-nationals,16,"rodan, giant monster of the sky",cha03krm-003,Rodan brrr,air,4-2-1,4,2,1,4-2-1,4,2,1,0,1,64,10
2025-01-17_european-nationals#17,2025-01-17_european-nationals,17,"mechagodzilla, kiryu",cha03gmm-002,Michael riley Deck,earth,4-2-1,4,2,1,4-2-1,4,2,1,0,1,66,10
2025-01-17_european-nationals#18,2025-01-17_european-nationals,18,"godzilla, king of the monsters",cha03gmm-001,Allizdog,chaos,4-3-0,4,3,0,4-3-0,4,3,0,0,1,63,10
2025-01-17_european-nationals#19,2025-01-17_european-nationals,19,himiko toga (iii),mha06-001,Alexander McRobbie Deck,death,4-3-0,4,3,0,4-3-0,4,3,0,0,1,66,10
2025-01-17_european-nationals#20,2025-01-17_european-nationals,20,"godzilla, king of the monsters",cha03gmm-001,Godzilla EU Nats,chaos,4-3-0,4,3,0,4-3-0,4,3,0,0,1,64,10
2025-01-17_european-nationals#21,2025-01-17_european-nationals,21,"godzilla, king of the monsters",cha03gmm-001,Kai Tyack Deck,chaos,4-3-0,4,3,0,4-3-0,4,3,0,0,1,65,10
2025-01-17_european-nationals#22,2025-01-17_european-nationals,22,"ymir // ymir, jaw titan",aot01-020,Ymir aggro,life,4-3-0,4,3,0,4-3-0,4,3,0,0,1,66,10
2025-01-17_european-nationals#23,2025-01-17_european-nationals,23,byakko,yyhdt-162,Big Cat Boii,earth,4-3-0,4,3,0,4-3-0,4,3,0,0,1,82,10
2025-01-17_european-nationals#24,2025-01-17_european-nationals,24,mimic (i),mha05-114,Kyle Roc Deck,chaos,3-1-3,3,1,3,3-1-3,3,1,3,0,1,66,10
2025-01-17_european-nationals#25,2025-01-17_european-nationals,25,"ymir // ymir, jaw titan",aot01-020,Ymir Nats,life,4-3-0,4,3,0,4-3-0,4,3,0,0,1,67,10
2025-01-17_european-nationals#26,2025-01-17_european-nationals,26,"hange zoë, four eyes",aot02-007,Harry McGhin Deck,death,4-3-0,4,3,0,4-3-0,4,3,0,0,1,70,10
2025-01-17_european-nationals#27,2025-01-17_european-nationals,27,krista lenz,aot01-013,Krista,order,3-2-2,3,2,2,3-2-2,3,2,2,0,1,66,10
2025-01-17_european-nationals#28,2025-01-17_european-nationals,28,recovery girl (i),mha03-241,Little old ladies underwater murder club,water,3-2-2,3,2,2,3-2-2,3,2,2,0,1,73,10
2025-01-17_european-nationals#29,2025-01-17_european-nationals,29,"bertolt hoover, living weapon // bertolt, colossus titan advancing",aot02-002,Cohen Nugent Deck,death,3-2-2,3,2,2,3-2-2,3,2,2,0,1,60,10
2025-01-17_european-nationals#30,2025-01-17_european-nationals,30,"kenny ackerman, the ripper",aot02-010,Deck for N,death,3-2-2,3,2,2,3-2-2,3,2,2,0,1,77,10
2025-01-17_european-nationals#31,2025-01-17_european-nationals,31,recovery girl (i),mha03-241,Heal-er Barely Know Her,life,3-3-1,3,3,1,3-3-1,3,3,1,0,1,74,10
2025-01-17_european-nationals#32,2025-01-17_european-nationals,32,"bertolt hoover, living weapon // bertolt, colossus titan advancing",aot02-002,Nats,death,3-3-1,3,3,1,3-3-1,3,3,1,0,1,67,10
2025-01-17_european-nationals#33,2025-01-17_european-nationals,33,"reiner braun, warrior // reiner, armored titan advancing",aot02-013,Brandon Hart Deck,fire,3-3-1,3,3,1,3-3-1,3,3,1,0,1,62,10
2025-01-17_european-nationals#34,2025-01-17_european-nationals,34,mt. lady (ii),mha07-064,I Still Love Mt Lady,earth,3-3-1,3,3,1,3-3-1,3,3,1,0,1,60,10
2025-01-17_european-nationals#35,2025-01-17_european-nationals,35,"hange zoë, four eyes",aot02-007,Smiling Hange,death,3-3-1,3,3,1,3-3-1,3,3,1,0,1,70,10
2025-01-17_european-nationals#36,2025-01-17_european-nationals,36,"jin kazama, lightning of fate",tk801-001,John Paul Golightly Deck,good,3-3-1,3,3,1,3-3-1,3,3,1,0,1,60,0
2025-01-17_european-nationals#37,2025-01-17_european-nationals,37,"godzilla, king of the monsters",cha03gmm-001,Godzilla Nats Deck,chaos,3-4-0,3,4,0,3-4-0,3,4,0,0,1,64,10
2025-01-17_european-nationals#38,2025-01-17_european-nationals,38,"bertolt hoover, living weapon // bertolt, colossus titan advancing",aot02-002,Berto boi,death,3-4-0,3,4,0,3-4-0,3,4,0,0,1,65,10
2025-01-17_european-nationals#39,2025-01-17_european-nationals,39,overhaul (i),mha05-019,Emanuele Severini Deck,life,3-4-0,3,4,0,3-4-0,3,4,0,0,1,64,10
2025-01-17_european-nationals#40,2025-01-17_european-nationals,40,"godzilla, king of the monsters",cha03gmm-001,Dan Austin Deck,chaos,3-4-0,3,4,0,3-4-0,3,4,0,0,1,67,10
2025-01-17_european-nationals#41,2025-01-17_european-nationals,41,himiko toga (iii),mha06-001,Matteo Babini Deck,chaos,3-4-0,3,4,0,3-4-0,3,4,0,0,1,61,10
2025-01-17_european-nationals#42,2025-01-17_european-nationals,42,byakko,yyhdt-162,Rocco Colagiovanni Deck,earth,3-4-0,3,4,0,3-4-0,3,4,0,0,1,85,10
2025-01-17_european-nationals#43,2025-01-17_european-nationals,43,katsuki bakugo (iv),mha06-100,Bakugo IV,air,3-4-0,3,4,0,3-4-0,3,4,0,0,1,67,0
2025-01-17_european-nationals#44,2025-01-17_european-nationals,44,"godzilla, king of the monsters",cha03gmm-001,Rhys Simpson Deck,earth,3-4-0,3,4,0,3-4-0,3,4,0,0,1,68,10
2025-01-17_european-nationals#45,2025-01-17_european-nationals,45,"godzilla, king of the monsters",cha03gmm-001,Godzilla because I'm Basic,chaos,2-3-2,2,3,2,2-3-2,2,3,2,0,1,61,10
2025-01-17_european-nationals#46,2025-01-17_european-nationals,46,momo yaoyorozu,mha07-055,Momo,life,2-3-2,2,3,2,2-3-2,2,3,2,0,1,66,10
2025-01-17_european-nationals#47,2025-01-17_european-nationals,47,"bertolt hoover // bertolt, colossus titan",aot01-005,Marcello Tessarin Deck,chaos,2-3-2,2,3,2,2-3-2,2,3,2,0,1,63,10
2025-01-17_european-nationals#48,2025-01-17_european-nationals,48,"erwin smith, 13th commander of the survey corps",aot01-009,Marcus Nugent Deck,order,2-3-2,2,3,2,2-3-2,2,3,2,0,1,71,10
2025-01-17_european-nationals#49,2025-01-17_european-nationals,49,"eren yeager, humanity's hope // eren, attack titan advancing",aot02-005,Matthew Burd Deck,order,2-4-1,2,4,1,2-4-1,2,4,1,0,1,74,10
2025-01-17_european-nationals#50,2025-01-17_european-nationals,50,woman,mha07-110,Woman,fire,2-4-1,2,4,1,2-4-1,2,4,1,0,1,64,0
2025-01-17_european-nationals#51,2025-01-17_european-nationals,51,"bertolt hoover // bertolt, colossus titan",aot01-005,Nationals Jan '25,chaos,2-4-1,2,4,1,2-4-1,2,4,1,0,1,66,10
2025-01-17_european-nationals#52,2025-01-17_european-nationals,52,"bertolt hoover // bertolt, colossus titan",aot01-005,Hoover Colossus Dyson,chaos,2-4-1,2,4,1,2-4-1,2,4,1,0,1,65,10
2025-01-17_european-nationals#53,2025-01-17_european-nationals,53,"sasha blouse, food fanatic",aot02-014,Potato Soup,chaos,2-5-0,2,5,0,2-5-0,2,5,0,0,1,70,10
2025-01-17_european-nationals#54,2025-01-17_european-nationals,54,"izuku midoriya, on the move // izuku midoriya, quirks unleashed",mha08-001,Michael Mcewan Deck,life,1-2-3,1,2,3,1-2-3,1,2,3,0,1,68,10
2025-01-17_european-nationals#55,2025-01-17_european-nationals,55,"historia reiss, secret identity",aot02-008,Historia The Tank,life,2-5-0,2,5,0,2-5-0,2,5,0,0,1,68,10
2025-01-17_european-nationals#56,2025-01-17_european-nationals,56,"sasha blouse, food fanatic",aot02-014,momentum fast,chaos,2-5-0,2,5,0,2-5-0,2,5,0,0,1,61,10
2025-01-17_european-nationals#57,2025-01-17_european-nationals,57,"sasha blouse, food fanatic",aot02-014,,life,2-5-0,2,5,0,2-5-0,2,5,0,0,1,75,0
2025-01-17_european-nationals#58,2025-01-17_european-nationals,58,devil jin,tk801-040,"Devil Jin Fire, 24-25 EU Nats",fire,1-4-2,1,4,2,1-4-2,1,4,2,0,1,61,10
2025-01-17_european-nationals#59,2025-01-17_european-nationals,59,"izuku midoriya, on the move // izuku midoriya, quirks unleashed",mha08-001,In A Flash!,life,1-1-2,1,1,2,1-1-2,1,1,2,0,1,68,10
2025-01-17_european-nationals#60,2025-01-17_european-nationals,60,himiko toga (iii),mha06-001,Alexandra Turek Deck,chaos,1-4-2,1,4,2,1-4-2,1,4,2,0,1,64,0
2025-01-17_european-nationals#61,2025-01-17_european-nationals,61,sir nighteye (i),mha05-082,Milliam,all,0-5-1 +1 bye,,,,0-5-1,0,5,1,0,1,64,10
2025-01-17_european-nationals#62,2025-01-17_european-nationals,62,"eren yeager, humanity's hope // eren, attack titan advancing",aot02-005,The Attack Titan,fire,1-3-0,1,3,0,1-3-0,1,3,0,0,1,69,10
2025-01-17_european-nationals#63,2025-01-17_european-nationals,63,"kenny ackerman, the ripper",aot02-010,Jamie Morgan Deck,death,1-4-0,1,4,0,1-4-0,1,4,0,0,1,60,10
2025-01-17_european-nationals#64,2025-01-17_european-nationals,64,woman,mha07-110,Woman's Murderous Holiday,evil,1-3-0,1,3,0,1-3-0,1,3,0,0,1,65,10
2025-01-17_european-nationals#65,2025-01-17_european-nationals,65,vash the stampede,ts01-001,Love and Peace,death,1-4-0,1,4,0,1-4-0,1,4,0,0,1,69,10
2025-01-17_european-nationals#66,2025-01-17_european-nationals,66,tiger (i),mha03-229,Attack of the 393ft cat,water,1-3-0,1,3,0,1-3-0,1,3,0,0,1,63,10
2025-01-17_european-nationals#67,2025-01-17_european-nationals,67,"connie springer, ideal soldier",aot02-004,card pool mess about,air,1-6-0,1,6,0,1-6-0,1,6,0,0,1,62,10
2025-01-17_european-nationals#68,2025-01-17_european-nationals,68,levi ackerman,aot01-014,Levi Deck Jan 25,death,0-6-1,0,6,1,0-6-1,0,6,1,0,1,66,0
2025-01-24_north-america-nationals#1,2025-01-24_north-america-nationals,1,krista lenz,aot01-013,I'm in your walls,chaos,7-0-2,7,0,2,11-0-2,11,0,2,1,1,65,10
2025-01-24_north-america-nationals#2,2025-01-24_north-america-nationals,2,recovery girl (i),mha03-241,this deck sucks,water,7-1-1,7,1,1,10-2-1,10,2,1,1,1,72,10
2025-01-24_north-america-nationals#3,2025-01-24_north-america-nationals,3,hawks (i),mha06-073,Frog Monarch,order,7-0-2,7,0,2,9-1-2,9,1,2,1,1,69,10
2025-01-24_north-america-nationals#4,2025-01-24_north-america-nationals,4,"bertolt hoover, living weapon // bertolt, colossus titan advancing",aot02-002,Mitchell Cimino Deck,fire,7-1-1,7,1,1,9-2-1,9,2,1,1,1,63,10
2025-01-24_north-america-nationals#5,2025-01-24_north-america-nationals,5,mirko,mha07-046,FunBunStunStun,death,7-1-1,7,1,1,8-2-1,8,2,1,1,1,66,10
2025-01-24_north-america-nationals#6,2025-01-24_north-america-nationals,6,mimic (i),mha05-114,Garrett Kurz Deck,chaos,7-2-0,7,2,0,8-3-0,8,3,0,1,1,60,10
2025-01-24_north-america-nationals#7,2025-01-24_north-america-nationals,7,pony tsunotori,mha07-098,Rampage Pony,earth,7-2-0,7,2,0,8-3-0,8,3,0,1,1,62,10
2025-01-24_north-america-nationals#8,2025-01-24_north-america-nationals,8,edgeshot (i),mha06-146,Edgeshot Nationals 24,void,7-2-0,7,2,0,8-3-0,8,3,0,1,1,62,10
2025-01-24_north-america-nationals#9,2025-01-24_north-america-nationals,9,mimic (i),mha05-114,Like My Father Before Me,chaos,7-0-2,7,0,2,7-1-2,7,1,2,1,1,69,10
2025-01-24_north-america-nationals#10,2025-01-24_north-america-nationals,10,mimic (i),mha05-114,Tony Hevia Deck,chaos,7-2-0,7,2,0,7-3-0,7,3,0,1,1,65,10
2025-01-24_north-america-nationals#11,2025-01-24_north-america-nationals,11,mimic (i),mha05-114,mimic rampage,chaos,7-2-0,7,2,0,7-3-0,7,3,0,1,1,60,10
2025-01-24_north-america-nationals#12,2025-01-24_north-america-nationals,12,"ymir // ymir, jaw titan",aot01-020,Ymir life,life,6-0-3,6,0,3,6-1-3,6,1,3,1,1,65,10
2025-01-24_north-america-nationals#13,2025-01-24_north-america-nationals,13,krista lenz,aot01-013,||historia||,chaos,7-2-0,7,2,0,7-3-0,7,3,0,1,1,66,10
2025-01-24_north-america-nationals#14,2025-01-24_north-america-nationals,14,mimic (i),mha05-114,Patrick Nationals,chaos,7-2-0,7,2,0,7-3-0,7,3,0,1,1,66,10
2025-01-24_north-america-nationals#15,2025-01-24_north-america-nationals,15,"ymir // ymir, jaw titan",aot01-020,Jacob Johnson Deck,life,7-2-0,7,2,0,7-3-0,7,3,0,1,1,67,10
2025-01-24_north-america-nationals#16,2025-01-24_north-america-nationals,16,mimic (i),mha05-114,Where is the Kaboom?,chaos,6-2-0 +1 bye,,,,6-3-0,6,3,0,1,1,64,10
2025-01-24_north-america-nationals#17,2025-01-24_north-america-nationals,17,"ymir // ymir, jaw titan",aot01-020,What really is 23?,life,6-1-2,6,1,2,6-1-2,6,1,2,0,1,70,10
2025-01-24_north-america-nationals#18,2025-01-24_north-america-nationals,18,"king ghidorah, emperor of the cosmos",cha03krm-001,Matthew Antonio Nationals,void,6-1-2,6,1,2,6-1-2,6,1,2,0,1,65,10
2025-01-24_north-america-nationals#19,2025-01-24_north-america-nationals,19,"bertolt hoover, living weapon // bertolt, colossus titan advancing",aot02-002,Bert the menace,death,6-1-2,6,1,2,6-1-2,6,1,2,0,1,64,10
2025-01-24_north-america-nationals#20,2025-01-24_north-america-nationals,20,mimic (i),mha05-114,Tanner Jamros Deck,chaos,6-2-1,6,2,1,6-2-1,6,2,1,0,1,64,10
2025-01-24_north-america-nationals#21,2025-01-24_north-america-nationals,21,krista lenz,aot01-013,Nats 2024 WAA III,chaos,6-2-1,6,2,1,6-2-1,6,2,1,0,1,67,10
2025-01-24_north-america-nationals#22,2025-01-24_north-america-nationals,22,"ymir // ymir, jaw titan",aot01-020,Bryan Raddatz Deck,life,6-2-1,6,2,1,6-2-1,6,2,1,0,1,67,10
2025-01-24_north-america-nationals#23,2025-01-24_north-america-nationals,23,"ymir // ymir, jaw titan",aot01-020,Andrew Marquez Deck,life,6-2-1,6,2,1,6-2-1,6,2,1,0,1,63,10
2025-01-24_north-america-nationals#24,2025-01-24_north-america-nationals,24,mimic (i),mha05-114,Nolan Briggs Deck,chaos,6-2-1,6,2,1,6-2-1,6,2,1,0,1,66,10
2025-01-24_north-america-nationals#25,2025-01-24_north-america-nationals,25,"ymir // ymir, jaw titan",aot01-020,Ymir Life,life,6-2-1,6,2,1,6-2-1,6,2,1,0,1,64,10
2025-01-24_north-america-nationals#26,2025-01-24_north-america-nationals,26,recovery girl (i),mha03-241,recovery girl life,life,6-3-0,6,3,0,6-3-0,6,3,0,0,1,75,10
2025-01-24_north-america-nationals#27,2025-01-24_north-america-nationals,27,recovery girl (i),mha03-241,soggy old lady,water,6-3-0,6,3,0,6-3-0,6,3,0,0,1,72,10
2025-01-24_north-america-nationals#28,2025-01-24_north-america-nationals,28,"godzilla, king of the monsters",cha03gmm-001,Thx Tim,chaos,6-3-0,6,3,0,6-3-0,6,3,0,0,1,60,10
2025-01-24_north-america-nationals#29,2025-01-24_north-america-nationals,29,"godzilla, king of the monsters",cha03gmm-001,Godzilla Nats,chaos,6-3-0,6,3,0,6-3-0,6,3,0,0,1,61,10
2025-01-24_north-america-nationals#30,2025-01-24_north-america-nationals,30,"godzilla, king of the monsters",cha03gmm-001,Chaos Godzilla Nats,chaos,6-3-0,6,3,0,6-3-0,6,3,0,0,1,67,10
2025-01-24_north-america-nationals#31,2025-01-24_north-america-nationals,31,"rodan, giant monster of the sky",cha03krm-003,Nats - Rodan,void,6-3-0,6,3,0,6-3-0,6,3,0,0,1,82,10
2025-01-24_north-america-nationals#32,2025-01-24_north-america-nationals,32,tamaki amajiki (i),mha05-091,Intertia,chaos,6-3-0,6,3,0,6-3-0,6,3,0,0,1,60,10
2025-01-24_north-america-nationals#33,2025-01-24_north-america-nationals,33,"bertolt hoover, living weapon // bertolt, colossus titan advancing",aot02-002,Young Jank,death,6-3-0,6,3,0,6-3-0,6,3,0,0,1,78,10
2025-01-24_north-america-nationals#34,2025-01-24_north-america-nationals,34,genkai,yyhdt-028,Genkai Nationals,good,6-3-0,6,3,0,6-3-0,6,3,0,0,1,60,10
2025-01-24_north-america-nationals#35,2025-01-24_north-america-nationals,35,"bertolt hoover, living weapon // bertolt, colossus titan advancing",aot02-002,"Bertolt Hoover, Living Weapon Nationals",death,6-3-0,6,3,0,6-3-0,6,3,0,0,1,63,10
2025-01-24_north-america-nationals#36,2025-01-24_north-america-nationals,36,byakko,yyhdt-162,Byakko Nats 2025,earth,6-3-0,6,3,0,6-3-0,6,3,0,0,1,68,10
2025-01-24_north-america-nationals#37,2025-01-24_north-america-nationals,37,koji koda (i),mha03-037,Koji Koda NA Nationals 2025,chaos,6-3-0,6,3,0,6-3-0,6,3,0,0,1,64,10
2025-01-24_north-america-nationals#38,2025-01-24_north-america-nationals,38,"bertolt hoover, living weapon // bertolt, colossus titan advancing",aot02-002,Nationals Bert Deck,death,6-3-0,6,3,0,6-3-0,6,3,0,0,1,60,0
2025-01-24_north-america-nationals#39,2025-01-24_north-america-nationals,39,"bertolt hoover, living weapon // bertolt, colossus titan advancing",aot02-002,Bertolt 2 Death,death,6-3-0,6,3,0,6-3-0,6,3,0,0,1,66,10
2025-01-24_north-america-nationals#40,2025-01-24_north-america-nationals,40,"rodan, giant monster of the sky",cha03krm-003,Run like the wind Ed-boy !!!,void,6-3-0,6,3,0,6-3-0,6,3,0,0,1,70,10
2025-01-24_north-america-nationals#41,2025-01-24_north-america-nationals,41,katsuki bakugo (iv),mha06-100,Darrick Jackson Deck,death,6-3-0,6,3,0,6-3-0,6,3,0,0,1,67,10
2025-01-24_north-america-nationals#42,2025-01-24_north-america-nationals,42,krista lenz,aot01-013,Tempest Magician FTK,chaos,6-3-0,6,3,0,6-3-0,6,3,0,0,1,66,10
2025-01-24_north-america-nationals#43,2025-01-24_north-america-nationals,43,pony tsunotori,mha07-098,One trick pony,air,6-3-0,6,3,0,6-3-0,6,3,0,0,1,68,10
2025-01-24_north-america-nationals#44,2025-01-24_north-america-nationals,44,"godzilla, king of the monsters",cha03gmm-001,Trenton Caudill Deck,chaos,6-3-0,6,3,0,6-3-0,6,3,0,0,1,60,10
2025-01-24_north-america-nationals#45,2025-01-24_north-america-nationals,45,ochaco uraraka (iv),mha06-019,Ochaco,water,6-3-0,6,3,0,6-3-0,6,3,0,0,1,60,10
2025-01-24_north-america-nationals#46,2025-01-24_north-america-nationals,46,mimic (i),mha05-114,Disarming Glance Supercombo Mimic,chaos,6-3-0,6,3,0,6-3-0,6,3,0,0,1,66,10
2025-01-24_north-america-nationals#47,2025-01-24_north-america-nationals,47,pony tsunotori,mha07-098,Nationals Pony | Air,air,6-3-0,6,3,0,6-3-0,6,3,0,0,1,67,10
2025-01-24_north-america-nationals#48,2025-01-24_north-america-nationals,48,"ymir // ymir, jaw titan",aot01-020,KC Johnson Deck,life,5-2-2,5,2,2,5-2-2,5,2,2,0,1,75,10
2025-01-24_north-america-nationals#49,2025-01-24_north-america-nationals,49,"rodan, giant monster of the sky",cha03krm-003,Nats All Rodan 2024-2025,all,5-2-2,5,2,2,5-2-2,5,2,2,0,1,76,10
2025-01-24_north-america-nationals#50,2025-01-24_north-america-nationals,50,mimic (i),mha05-114,Godzilla Plushie,chaos,5-2-2,5,2,2,5-2-2,5,2,2,0,1,65,10
2025-01-24_north-america-nationals#51,2025-01-24_north-america-nationals,51,endeavor (iii),mha06-055,Endeavor III Deck,order,5-2-2,5,2,2,5-2-2,5,2,2,0,1,60,10
2025-01-24_north-america-nationals#52,2025-01-24_north-america-nationals,52,"king ghidorah, emperor of the cosmos",cha03krm-001,ghidora dropkick,evil,5-2-2,5,2,2,5-2-2,5,2,2,0,1,81,10
2025-01-24_north-america-nationals#53,2025-01-24_north-america-nationals,53,mimic (i),mha05-114,Cole Hyatt Deck,chaos,5-3-1,5,3,1,5-3-1,5,3,1,0,1,60,10
2025-01-24_north-america-nationals#54,2025-01-24_north-america-nationals,54,"ymir // ymir, jaw titan",aot01-020,Ymir Nats,life,5-3-1,5,3,1,5-3-1,5,3,1,0,1,66,10
2025-01-24_north-america-nationals#55,2025-01-24_north-america-nationals,55,"ymir // ymir, jaw titan",aot01-020,Daniel Mosley Deck,life,5-3-1,5,3,1,5-3-1,5,3,1,0,1,66,10
2025-01-24_north-america-nationals#56,2025-01-24_north-america-nationals,56,"sasha blouse, food fanatic",aot02-014,Rocky Martinez Deck,chaos,5-3-1,5,3,1,5-3-1,5,3,1,0,1,63,10
2025-01-24_north-america-nationals#57,2025-01-24_north-america-nationals,57,"mechagodzilla, bionic menace",cha03krm-002,Order Bionic,order,5-3-1,5,3,1,5-3-1,5,3,1,0,1,74,10
2025-01-24_north-america-nationals#58,2025-01-24_north-america-nationals,58,"bertolt hoover // bertolt, colossus titan",aot01-005,Alexander Blackwell Deck,chaos,5-3-1,5,3,1,5-3-1,5,3,1,0,1,65,10
2025-01-24_north-america-nationals#59,2025-01-24_north-america-nationals,59,"rodan, giant monster of the sky",cha03krm-003,Nationals Rodan,all,5-3-1,5,3,1,5-3-1,5,3,1,0,1,69,10
2025-01-24_north-america-nationals#60,2025-01-24_north-america-nationals,60,mimic (i),mha05-114,Mimic nats,chaos,5-3-1,5,3,1,5-3-1,5,3,1,0,1,65,10
2025-01-24_north-america-nationals#61,2025-01-24_north-america-nationals,61,krista lenz,aot01-013,uhhhh hamburger,chaos,5-3-1,5,3,1,5-3-1,5,3,1,0,1,67,10
2025-01-24_north-america-nationals#62,2025-01-24_north-america-nationals,62,"godzilla, king of the monsters",cha03gmm-001,Godzilla King of Universus,chaos,5-3-1,5,3,1,5-3-1,5,3,1,0,1,60,10
2025-01-24_north-america-nationals#63,2025-01-24_north-america-nationals,63,"ymir // ymir, jaw titan",aot01-020,yp3,life,5-3-1,5,3,1,5-3-1,5,3,1,0,1,65,10
2025-01-24_north-america-nationals#64,2025-01-24_north-america-nationals,64,"godzilla, king of the monsters",cha03gmm-001,Nats Godzilla,chaos,5-4-0,5,4,0,5-4-0,5,4,0,0,1,60,10
2025-01-24_north-america-nationals#65,2025-01-24_north-america-nationals,65,krista lenz,aot01-013,EJ Lucia Deck,chaos,5-4-0,5,4,0,5-4-0,5,4,0,0,1,63,10
2025-01-24_north-america-nationals#66,2025-01-24_north-america-nationals,66,"bertolt hoover, living weapon // bertolt, colossus titan advancing",aot02-002,Gavin Hannan Deck,death,5-4-0,5,4,0,5-4-0,5,4,0,0,1,60,10
2025-01-24_north-america-nationals#67,2025-01-24_north-america-nationals,67,recovery girl (i),mha03-241,Recovery Girl - US Nationals,water,5-4-0,5,4,0,5-4-0,5,4,0,0,1,69,10
2025-01-24_north-america-nationals#68,2025-01-24_north-america-nationals,68,"godzilla, king of the monsters",cha03gmm-001,Sewer Slide Zilla,chaos,5-4-0,5,4,0,5-4-0,5,4,0,0,1,61,10
2025-01-24_north-america-nationals#69,2025-01-24_north-america-nationals,69,"ymir // ymir, jaw titan",aot01-020,Ymir Fire Ian D,fire,5-4-0,5,4,0,5-4-0,5,4,0,0,1,67,10
2025-01-24_north-america-nationals#70,2025-01-24_north-america-nationals,70,"hange zoë, four eyes",aot02-007,Caleb Larson Deck,death,5-4-0,5,4,0,5-4-0,5,4,0,0,1,63,10
2025-01-24_north-america-nationals#71,2025-01-24_north-america-nationals,71,"godzilla, king of the monsters",cha03gmm-001,Godilla Nats,chaos,5-4-0,5,4,0,5-4-0,5,4,0,0,1,70,10
2025-01-24_north-america-nationals#72,2025-01-24_north-america-nationals,72,kendo rappa (i),mha05-064,Jesse Valenzuela Deck,fire,5-4-0,5,4,0,5-4-0,5,4,0,0,1,73,10
2025-01-24_north-america-nationals#73,2025-01-24_north-america-nationals,73,"nott the brave, irritable goblin",crmn-002,Chaos Nott,chaos,5-4-0,5,4,0,5-4-0,5,4,0,0,1,60,10
2025-01-24_north-america-nationals#74,2025-01-24_north-america-nationals,74,"godzilla, king of the monsters",cha03gmm-001,Godzilla,chaos,5-4-0,5,4,0,5-4-0,5,4,0,0,1,66,10
2025-01-24_north-america-nationals#75,2025-01-24_north-america-nationals,75,"bertolt hoover, living weapon // bertolt, colossus titan advancing",aot02-002,Natty Bert,death,5-4-0,5,4,0,5-4-0,5,4,0,0,1,66,10
2025-01-24_north-america-nationals#76,2025-01-24_north-america-nationals,76,endeavor (iii),mha06-055,Best dad Endeavor,fire,5-4-0,5,4,0,5-4-0,5,4,0,0,1,60,10
2025-01-24_north-america-nationals#77,2025-01-24_north-america-nationals,77,"king ghidorah, emperor of the cosmos",cha03krm-001,Ghidorah (Evil),evil,4-2-3,4,2,3,4-2-3,4,2,3,0,1,73,10
2025-01-24_north-america-nationals#78,2025-01-24_north-america-nationals,78,paul phoenix,tk801-043,Paul ALL,all,5-4-0,5,4,0,5-4-0,5,4,0,0,1,64,10
2025-01-24_north-america-nationals#79,2025-01-24_north-america-nationals,79,"bertolt hoover // bertolt, colossus titan",aot01-005,Godzilla in a trenchcoat,chaos,5-4-0,5,4,0,5-4-0,5,4,0,0,1,65,10
2025-01-24_north-america-nationals#80,2025-01-24_north-america-nationals,80,"godzilla, king of the monsters",cha03gmm-001,King of the Monster,chaos,5-4-0,5,4,0,5-4-0,5,4,0,0,1,63,10
2025-01-24_north-america-nationals#81,2025-01-24_north-america-nationals,81,"zeke yeager // zeke, beast titan",aot02-015,Sam Friemoth Deck,life,4-2-3,4,2,3,4-2-3,4,2,3,0,1,60,10
2025-01-24_north-america-nationals#82,2025-01-24_north-america-nationals,82,"reiner braun // reiner, armored titan",aot01-017,Death Reiner Braun,death,5-4-0,5,4,0,5-4-0,5,4,0,0,1,68,10
2025-01-24_north-america-nationals#83,2025-01-24_north-america-nationals,83,"king ghidorah, emperor of the cosmos",cha03krm-001,Daniel Tickle - 2024 NA Nationals,evil,5-4-0,5,4,0,5-4-0,5,4,0,0,1,75,10
2025-01-24_north-america-nationals#84,2025-01-24_north-america-nationals,84,levi ackerman,aot01-014,Michael Conomos Deck,air,5-4-0,5,4,0,5-4-0,5,4,0,0,1,61,10
2025-01-24_north-america-nationals#85,2025-01-24_north-america-nationals,85,krista lenz,aot01-013,Bob's Deck,chaos,5-4-0,5,4,0,5-4-0,5,4,0,0,1,63,10
2025-01-24_north-america-nationals#86,2025-01-24_north-america-nationals,86,"izuku midoriya, on the move // izuku midoriya, quirks unleashed",mha08-001,Water Deku,water,5-4-0,5,4,0,5-4-0,5,4,0,0,1,75,10
2025-01-24_north-america-nationals#87,2025-01-24_north-america-nationals,87,armin arlert,aot01-002,krispy,order,5-4-0,5,4,0,5-4-0,5,4,0,0,1,65,10
2025-01-24_north-america-nationals#88,2025-01-24_north-america-nationals,88,katsuki bakugo (iv),mha06-100,Bakugo iv,air,5-4-0,5,4,0,5-4-0,5,4,0,0,1,60,10
2025-01-24_north-america-nationals#89,2025-01-24_north-america-nationals,89,himiko toga (iii),mha06-001,Toga 3 Nats 2024,chaos,4-2-3,4,2,3,4-2-3,4,2,3,0,1,71,10
2025-01-24_north-america-nationals#90,2025-01-24_north-america-nationals,90,krista lenz,aot01-013,Kiss the Ring,chaos,4-2-3,4,2,3,4-2-3,4,2,3,0,1,65,10
2025-01-24_north-america-nationals#91,2025-01-24_north-america-nationals,91,recovery girl (i),mha03-241,RG,life,4-3-2,4,3,2,4-3-2,4,3,2,0,1,115,10
2025-01-24_north-america-nationals#92,2025-01-24_north-america-nationals,92,minoru mineta (ii),mha02-094,Darius Trufant Deck,evil,4-3-2,4,3,2,4-3-2,4,3,2,0,1,75,10
2025-01-24_north-america-nationals#93,2025-01-24_north-america-nationals,93,chronostasis (i),mha05-109,Crystallize Time,all,4-3-2,4,3,2,4-3-2,4,3,2,0,1,63,10
2025-01-24_north-america-nationals#94,2025-01-24_north-america-nationals,94,"nott the brave, irritable goblin",crmn-002,Michael Fernandez Deck,chaos,4-3-2,4,3,2,4-3-2,4,3,2,0,1,74,10
2025-01-24_north-america-nationals#95,2025-01-24_north-america-nationals,95,elder toguro,yyhdt-019,Nationals '24,evil,4-3-2,4,3,2,4-3-2,4,3,2,0,1,65,10
2025-01-24_north-america-nationals#96,2025-01-24_north-america-nationals,96,"levi ackerman, humanity's strongest soldier",aot02-011,Juan Melendez Deck,air,4-3-2,4,3,2,4-3-2,4,3,2,0,1,67,10
2025-01-24_north-america-nationals#97,2025-01-24_north-america-nationals,97,katsuki bakugo (iv),mha06-100,Bakugo 4,death,4-3-2,4,3,2,4-3-2,4,3,2,0,1,67,10
2025-01-24_north-america-nationals#98,2025-01-24_north-america-nationals,98,byakko,yyhdt-162,Byakko Nats,earth,4-4-1,4,4,1,4-4-1,4,4,1,0,1,75,10
2025-01-24_north-america-nationals#99,2025-01-24_north-america-nationals,99,byakko,yyhdt-162,Nat cat,earth,4-4-1,4,4,1,4-4-1,4,4,1,0,1,74,0
2025-01-24_north-america-nationals#100,2025-01-24_north-america-nationals,100,"izuku midoriya, on the move // izuku midoriya, quirks unleashed",mha08-001,Michael Marshall Deck,life,4-4-1,4,4,1,4-4-1,4,4,1,0,1,64,10
2025-01-24_north-america-nationals#101,2025-01-24_north-america-nationals,101,"rodan, giant monster of the sky",cha03krm-003,All I got,void,4-4-1,4,4,1,4-4-1,4,4,1,0,1,77,10
2025-01-24_north-america-nationals#102,2025-01-24_north-america-nationals,102,"king ghidorah, emperor of the cosmos",cha03krm-001,alexa valencia Deck,evil,3-2-4,3,2,4,3-2-4,3,2,4,0,1,78,10
2025-01-24_north-america-nationals#103,2025-01-24_north-america-nationals,103,"hange zoë, four eyes",aot02-007,dst,death,4-4-1,4,4,1,4-4-1,4,4,1,0,1,72,10
2025-01-24_north-america-nationals#104,2025-01-24_north-america-nationals,104,"erwin smith, 13th commander of the survey corps",aot01-009,Erwin's Rage,death,4-4-1,4,4,1,4-4-1,4,4,1,0,1,80,10
2025-01-24_north-america-nationals#105,2025-01-24_north-america-nationals,105,"bertolt hoover, living weapon // bertolt, colossus titan advancing",aot02-002,Bert 2,death,4-4-1,4,4,1,4-4-1,4,4,1,0,1,60,10
2025-01-24_north-america-nationals#106,2025-01-24_north-america-nationals,106,"bertolt hoover, living weapon // bertolt, colossus titan advancing",aot02-002,Bert and Ernie :'D,death,4-4-1,4,4,1,4-4-1,4,4,1,0,1,65,10
2025-01-24_north-america-nationals#107,2025-01-24_north-america-nationals,107,edgeshot (i),mha06-146,Calvin Villa Deck,void,4-4-1,4,4,1,4-4-1,4,4,1,0,1,72,10
2025-01-24_north-america-nationals#108,2025-01-24_north-america-nationals,108,"rodan, giant monster of the sky",cha03krm-003,Rodan Deck,void,4-4-1,4,4,1,4-4-1,4,4,1,0,1,73,10
2025-01-24_north-america-nationals#109,2025-01-24_north-america-nationals,109,"ymir // ymir, jaw titan",aot01-020,Nats,life,4-4-1,4,4,1,4-4-1,4,4,1,0,1,68,10
2025-01-24_north-america-nationals#110,2025-01-24_north-america-nationals,110,"reiner braun, warrior // reiner, armored titan advancing",aot02-013,"Brady Kafka Reiner Braun, Warrior",fire,4-4-1,4,4,1,4-4-1,4,4,1,0,1,64,10
2025-01-24_north-america-nationals#111,2025-01-24_north-america-nationals,111,"bertolt hoover, living weapon // bertolt, colossus titan advancing",aot02-002,Matthew Cruickshank Deck,death,4-4-0,4,4,0,4-4-0,4,4,0,0,1,67,10
2025-01-24_north-america-nationals#112,2025-01-24_north-america-nationals,112,pony tsunotori,mha07-098,CK Pony Nats,earth,4-4-0,4,4,0,4-4-0,4,4,0,0,1,68,10
2025-01-24_north-america-nationals#113,2025-01-24_north-america-nationals,113,mimic (i),mha05-114,Godzilla in a Mask,chaos,4-3-0,4,3,0,4-3-0,4,3,0,0,1,70,10
2025-01-24_north-america-nationals#114,2025-01-24_north-america-nationals,114,"bertolt hoover, living weapon // bertolt, colossus titan advancing",aot02-002,Bright leader,death,4-5-0,4,5,0,4-5-0,4,5,0,0,1,63,10
2025-01-24_north-america-nationals#115,2025-01-24_north-america-nationals,115,himiko toga (iii),mha06-001,TOGA STUN Chaos AOT 2,chaos,4-5-0,4,5,0,4-5-0,4,5,0,0,1,67,10
2025-01-24_north-america-nationals#116,2025-01-24_north-america-nationals,116,"godzilla, king of the monsters",cha03gmm-001,Carson Panos Deck,chaos,4-5-0,4,5,0,4-5-0,4,5,0,0,1,82,10
2025-01-24_north-america-nationals#117,2025-01-24_north-america-nationals,117,"reiner braun, warrior // reiner, armored titan advancing",aot02-013,I miss you All Might 2,chaos,4-4-0,4,4,0,4-4-0,4,4,0,0,1,66,10
2025-01-24_north-america-nationals#118,2025-01-24_north-america-nationals,118,"hange zoë, four eyes",aot02-007,4 Eyes in Texas,death,4-5-0,4,5,0,4-5-0,4,5,0,0,1,65,10
2025-01-24_north-america-nationals#119,2025-01-24_north-america-nationals,119,"bertolt hoover // bertolt, colossus titan",aot01-005,Bertolt Texas Nats,chaos,4-5-0,4,5,0,4-5-0,4,5,0,0,1,64,10
2025-01-24_north-america-nationals#120,2025-01-24_north-america-nationals,120,katsuki bakugo (iv),mha06-100,Lena Rains Bakugo IV,void,4-5-0,4,5,0,4-5-0,4,5,0,0,1,62,0
2025-01-24_north-america-nationals#121,2025-01-24_north-america-nationals,121,"bertolt hoover // bertolt, colossus titan",aot01-005,Matthew Medrano Deck,chaos,4-5-0,4,5,0,4-5-0,4,5,0,0,1,62,10
2025-01-24_north-america-nationals#122,2025-01-24_north-america-nationals,122,"sasha blouse, food fanatic",aot02-014,Dayton Steger Deck,chaos,4-5-0,4,5,0,4-5-0,4,5,0,0,1,69,10
2025-01-24_north-america-nationals#123,2025-01-24_north-america-nationals,123,"izuku midoriya, on the move // izuku midoriya, quirks unleashed",mha08-001,Vigilante Deku [Life],life,4-5-0,4,5,0,4-5-0,4,5,0,0,1,65,10
2025-01-24_north-america-nationals#124,2025-01-24_north-america-nationals,124,"bertolt hoover, living weapon // bertolt, colossus titan advancing",aot02-002,Death becomes bert,death,4-3-0,4,3,0,4-3-0,4,3,0,0,1,65,10
2025-01-24_north-america-nationals#125,2025-01-24_north-america-nationals,125,mimic (i),mha05-114,Mimic nats,chaos,4-5-0,4,5,0,4-5-0,4,5,0,0,1,62,10
2025-01-24_north-america-nationals#126,2025-01-24_north-america-nationals,126,"bertolt hoover, living weapon // bertolt, colossus titan advancing",aot02-002,Aiden LeCuyer Deck,death,3-3-3,3,3,3,3-3-3,3,3,3,0,1,70,10
2025-01-24_north-america-nationals#127,2025-01-24_north-america-nationals,127,"izuku midoriya, on the move // izuku midoriya, quirks unleashed",mha08-001,Deku Nationals,void,3-2-3,3,2,3,3-2-3,3,2,3,0,1,90,10
2025-01-24_north-america-nationals#128,2025-01-24_north-america-nationals,128,hawks (i),mha06-073,Parker Farrand Deck,order,3-3-3,3,3,3,3-3-3,3,3,3,0,1,65,10
2025-01-24_north-america-nationals#129,2025-01-24_north-america-nationals,129,"reiner braun, warrior // reiner, armored titan advancing",aot02-013,Reiner (2) Chaos,chaos,4-5-0,4,5,0,4-5-0,4,5,0,0,1,75,10
2025-01-24_north-america-nationals#130,2025-01-24_north-america-nationals,130,shishiwakamaru,yyhdt-100,ShiShiWakaWreckU,chaos,4-5-0,4,5,0,4-5-0,4,5,0,0,1,66,10
2025-01-24_north-america-nationals#131,2025-01-24_north-america-nationals,131,ochaco uraraka (iv),mha06-019,Ochaco Nats,water,4-4-0,4,4,0,4-4-0,4,4,0,0,1,60,10
2025-01-24_north-america-nationals#132,2025-01-24_north-america-nationals,132,himiko toga (iii),mha06-001,Ethan Holmes Deck,chaos,4-5-0,4,5,0,4-5-0,4,5,0,0,1,60,10
2025-01-24_north-america-nationals#133,2025-01-24_north-america-nationals,133,"godzilla, king of the monsters",cha03gmm-001,"Godzilla, King of the Monsters Standard (Earth)",earth,3-2-3,3,2,3,3-2-3,3,2,3,0,1,64,10
2025-01-24_north-america-nationals#134,2025-01-24_north-america-nationals,134,himiko toga (iii),mha06-001,Elizabeth Valencia Deck,death,3-3-3,3,3,3,3-3-3,3,3,3,0,1,60,10
2025-01-24_north-america-nationals#135,2025-01-24_north-america-nationals,135,mirko,mha07-046,Carlos Flores Deck,death,4-5-0,4,5,0,4-5-0,4,5,0,0,1,61,10
2025-01-24_north-america-nationals#136,2025-01-24_north-america-nationals,136,jin,yyhdt-046,Nationals 2025 Jin Void,void,3-3-3,3,3,3,3-3-3,3,3,3,0,1,81,10
2025-01-24_north-america-nationals#137,2025-01-24_north-america-nationals,137,"king ghidorah, emperor of the cosmos",cha03krm-001,NA Nats 2024,evil,3-3-2,3,3,2,3-3-2,3,3,2,0,1,69,10
2025-01-24_north-america-nationals#138,2025-01-24_north-america-nationals,138,sir nighteye (i),mha05-082,Sir Nighteye,death,3-2-2,3,2,2,3-2-2,3,2,2,0,1,69,10
2025-01-24_north-america-nationals#139,2025-01-24_north-america-nationals,139,smiling titan,aot01-019,Smiles At Dallas,death,3-4-2,3,4,2,3-4-2,3,4,2,0,1,69,10
2025-01-24_north-america-nationals#140,2025-01-24_north-america-nationals,140,momo yaoyorozu,mha07-055,Nana's Nats deck,life,3-4-2,3,4,2,3-4-2,3,4,2,0,1,77,10
2025-01-24_north-america-nationals#141,2025-01-24_north-america-nationals,141,himiko toga (iii),mha06-001,Karl Huffman Deck,life,3-4-2,3,4,2,3-4-2,3,4,2,0,1,81,0
2025-01-24_north-america-nationals#142,2025-01-24_north-america-nationals,142,"king ghidorah, emperor of the cosmos",cha03krm-001,Dayton Tipton Deck,evil,3-5-1,3,5,1,3-5-1,3,5,1,0,1,60,10
2025-01-24_north-america-nationals#143,2025-01-24_north-america-nationals,143,"king ghidorah, emperor of the cosmos",cha03krm-001,Zane Hower Deck,evil,3-5-1,3,5,1,3-5-1,3,5,1,0,1,73,10
2025-01-24_north-america-nationals#144,2025-01-24_north-america-nationals,144,"bertolt hoover, living weapon // bertolt, colossus titan advancing",aot02-002,Mike Vena Deck,death,3-3-1,3,3,1,3-3-1,3,3,1,0,1,67,10
2025-01-24_north-america-nationals#145,2025-01-24_north-america-nationals,145,"vex’ahlia, resourceful hunter",crvm-002,vincent constancio Deck,air,3-5-1,3,5,1,3-5-1,3,5,1,0,1,60,10
2025-01-24_north-america-nationals#146,2025-01-24_north-america-nationals,146,genkai,yyhdt-028,Genkai Gang,good,3-5-1,3,5,1,3-5-1,3,5,1,0,1,68,10
2025-01-24_north-america-nationals#147,2025-01-24_north-america-nationals,147,"reiner braun, warrior // reiner, armored titan advancing",aot02-013,Reiner 2,chaos,3-4-1,3,4,1,3-4-1,3,4,1,0,1,69,0
2025-01-24_north-america-nationals#148,2025-01-24_north-america-nationals,148,himiko toga (iii),mha06-001,Himiko Toga 3,chaos,3-5-1,3,5,1,3-5-1,3,5,1,0,1,70,10
2025-01-24_north-america-nationals#149,2025-01-24_north-america-nationals,149,endeavor (iii),mha06-055,Chris Rains Deck,earth,3-5-1,3,5,1,3-5-1,3,5,1,0,1,64,10
2025-01-24_north-america-nationals#150,2025-01-24_north-america-nationals,150,endeavor (iii),mha06-055,Enzilla king of all heros,earth,3-3-1,3,3,1,3-3-1,3,3,1,0,1,60,10
2025-01-24_north-america-nationals#151,2025-01-24_north-america-nationals,151,"godzilla, king of the monsters",cha03gmm-001,funky zilla,chaos,3-4-1,3,4,1,3-4-1,3,4,1,0,1,63,10
2025-01-24_north-america-nationals#152,2025-01-24_north-america-nationals,152,recovery girl (i),mha03-241,Nationals Recovery Girl,water,3-3-1,3,3,1,3-3-1,3,3,1,0,1,70,10
2025-01-24_north-america-nationals#153,2025-01-24_north-america-nationals,153,krista lenz,aot01-013,Krista Nats,order,3-5-1,3,5,1,3-5-1,3,5,1,0,1,67,10
2025-01-24_north-america-nationals#154,2025-01-24_north-america-nationals,154,"godzilla, king of the monsters",cha03gmm-001,John Julian Deck,chaos,3-5-1,3,5,1,3-5-1,3,5,1,0,1,64,0
2025-01-24_north-america-nationals#155,2025-01-24_north-america-nationals,155,paul phoenix,tk801-043,Paul Pheonix,all,3-5-1,3,5,1,3-5-1,3,5,1,0,1,66,10
2025-01-24_north-america-nationals#156,2025-01-24_north-america-nationals,156,shoto todoroki (iv),mha06-127,Shoto 4 Death,death,3-5-1,3,5,1,3-5-1,3,5,1,0,1,64,10
2025-01-24_north-america-nationals#157,2025-01-24_north-america-nationals,157,"sasha blouse, food fanatic",aot02-014,'Tato Soup,chaos,3-5-1,3,5,1,3-5-1,3,5,1,0,1,66,10
2025-01-24_north-america-nationals#158,2025-01-24_north-america-nationals,158,ochaco uraraka (iv),mha06-019,Ochaco water,water,3-5-1,3,5,1,3-5-1,3,5,1,0,1,70,10
2025-01-24_north-america-nationals#159,2025-01-24_north-america-nationals,159,devil jin,tk801-040,Placid Abono Deck,chaos,3-4-0,3,4,0,3-4-0,3,4,0,0,1,65,10
2025-01-24_north-america-nationals#160,2025-01-24_north-america-nationals,160,"ymir // ymir, jaw titan",aot01-020,Ymir | Nationals,life,3-4-0,3,4,0,3-4-0,3,4,0,0,1,70,10
2025-01-24_north-america-nationals#161,2025-01-24_north-america-nationals,161,"godzilla, king of the monsters",cha03gmm-001,Godzilla K.O.M.,earth,3-6-0,3,6,0,3-6-0,3,6,0,0,1,61,10
2025-01-24_north-america-nationals#162,2025-01-24_north-america-nationals,162,krista lenz,aot01-013,Krista Nats,chaos,3-4-0,3,4,0,3-4-0,3,4,0,0,1,67,10
2025-01-24_north-america-nationals#163,2025-01-24_north-america-nationals,163,"jun kazama, light of hope",tk801-020,WOOOOO,water,3-6-0,3,6,0,3-6-0,3,6,0,0,1,61,10
2025-01-24_north-america-nationals#164,2025-01-24_north-america-nationals,164,"ymir // ymir, jaw titan",aot01-020,Bean Nats,life,3-4-0,3,4,0,3-4-0,3,4,0,0,1,70,10
2025-01-24_north-america-nationals#165,2025-01-24_north-america-nationals,165,pony tsunotori,mha07-098,Cayden Gilvin Deck,earth,3-6-0,3,6,0,3-6-0,3,6,0,0,1,63,10
2025-01-24_north-america-nationals#166,2025-01-24_north-america-nationals,166,"izuku midoriya, on the move // izuku midoriya, quirks unleashed",mha08-001,Kory Templet Deck,air,3-5-0,3,5,0,3-5-0,3,5,0,0,1,62,10
2025-01-24_north-america-nationals#167,2025-01-24_north-america-nationals,167,jin,yyhdt-046,Jin Nats,void,3-3-0,3,3,0,3-3-0,3,3,0,0,1,98,10
2025-01-24_north-america-nationals#168,2025-01-24_north-america-nationals,168,mimic (i),mha05-114,Dawson Jarel Deck,chaos,2-3-3,2,3,3,2-3-3,2,3,3,0,1,62,10
2025-01-24_north-america-nationals#169,2025-01-24_north-america-nationals,169,"rodan, giant monster of the sky",cha03krm-003,Nats Rodan,all,3-4-0,3,4,0,3-4-0,3,4,0,0,1,72,10
2025-01-24_north-america-nationals#170,2025-01-24_north-america-nationals,170,"ymir // ymir, jaw titan",aot01-020,Jerrid TX,life,3-3-0,3,3,0,3-3-0,3,3,0,0,1,71,10
2025-01-24_north-america-nationals#171,2025-01-24_north-america-nationals,171,mimic (i),mha05-114,Lil' Godzilla,chaos,3-4-0,3,4,0,3-4-0,3,4,0,0,1,68,10
2025-01-24_north-america-nationals#172,2025-01-24_north-america-nationals,172,mimic (i),mha05-114,Nats Mimic,chaos,3-2-0,3,2,0,3-2-0,3,2,0,0,1,65,10
2025-01-24_north-america-nationals#173,2025-01-24_north-america-nationals,173,"reiner braun, warrior // reiner, armored titan advancing",aot02-013,Bradley Smith Nats,fire,3-4-0,3,4,0,3-4-0,3,4,0,0,1,72,10
2025-01-24_north-america-nationals#174,2025-01-24_north-america-nationals,174,"ymir // ymir, jaw titan",aot01-020,"It's ""Eee-Meer"", Not ""Yuh-Meer""",life,2-4-3,2,4,3,2-4-3,2,4,3,0,1,67,10
2025-01-24_north-america-nationals#175,2025-01-24_north-america-nationals,175,himiko toga (iii),mha06-001,Toga piercing blood,death,2-4-3,2,4,3,2-4-3,2,4,3,0,1,73,10
2025-01-24_north-america-nationals#176,2025-01-24_north-america-nationals,176,"godzilla, king of the monsters",cha03gmm-001,Go Go Godzilla!,chaos,3-5-0,3,5,0,3-5-0,3,5,0,0,1,68,10
2025-01-24_north-america-nationals#177,2025-01-24_north-america-nationals,177,woman,mha07-110,Woman (Void),void,2-4-3,2,4,3,2-4-3,2,4,3,0,1,62,0
2025-01-24_north-america-nationals#178,2025-01-24_north-america-nationals,178,minoru mineta (ii),mha02-094,Sticky balls?!?!,water,1-3-5,1,3,5,1-3-5,1,3,5,0,1,69,10
2025-01-24_north-america-nationals#179,2025-01-24_north-america-nationals,179,"rodan, giant monster of the sky",cha03krm-003,Kenneth Standridge Deck,air,2-4-2,2,4,2,2-4-2,2,4,2,0,1,70,10
2025-01-24_north-america-nationals#180,2025-01-24_north-america-nationals,180,"godzilla, king of the monsters",cha03gmm-001,Ziller,chaos,2-5-2,2,5,2,2-5-2,2,5,2,0,1,68,10
2025-01-24_north-america-nationals#181,2025-01-24_north-america-nationals,181,mirio togata (i),mha05-001,Itsa me mirio,good,2-5-2,2,5,2,2-5-2,2,5,2,0,1,60,10
2025-01-24_north-america-nationals#182,2025-01-24_north-america-nationals,182,"king ghidorah, emperor of the cosmos",cha03krm-001,Phillip Holland Deck,evil,2-5-2,2,5,2,2-5-2,2,5,2,0,1,69,0
2025-01-24_north-america-nationals#183,2025-01-24_north-america-nationals,183,"izuku midoriya, on the move // izuku midoriya, quirks unleashed",mha08-001,Colin Cyrier Deck,life,2-1-2,2,1,2,2-1-2,2,1,2,0,1,66,10
2025-01-24_north-america-nationals#184,2025-01-24_north-america-nationals,184,himiko toga (iii),mha06-001,Chris Cisneros Deck,death,1-5-2 +1 bye,,,,1-5-2,1,5,2,0,1,65,10
2025-01-24_north-america-nationals#185,2025-01-24_north-america-nationals,185,mimic (i),mha05-114,i couldnt make up my mind on wat to take so i brought it all with me,chaos,2-2-1,2,2,1,2-2-1,2,2,1,0,1,66,10
2025-01-24_north-america-nationals#186,2025-01-24_north-america-nationals,186,mt. lady (ii),mha07-064,Hector Jimenez Deck,chaos,2-3-1,2,3,1,2-3-1,2,3,1,0,1,70,10
2025-01-24_north-america-nationals#187,2025-01-24_north-america-nationals,187,"sung jinwoo, e rank hunter",sl01-001,Lukas Simcox Deck,death,2-3-1,2,3,1,2-3-1,2,3,1,0,1,62,10
2025-01-24_north-america-nationals#188,2025-01-24_north-america-nationals,188,"king ghidorah, emperor of the cosmos",cha03krm-001,King Ghidorah,evil,2-4-1,2,4,1,2-4-1,2,4,1,0,1,70,10
2025-01-24_north-america-nationals#189,2025-01-24_north-america-nationals,189,"sasha blouse, food fanatic",aot02-014,Dominic Bowles Deck,chaos,2-3-1,2,3,1,2-3-1,2,3,1,0,1,65,10
2025-01-24_north-america-nationals#190,2025-01-24_north-america-nationals,190,overhaul (i),mha05-019,Overhaul Life,life,1-3-4,1,3,4,1-3-4,1,3,4,0,1,67,10
2025-01-24_north-america-nationals#191,2025-01-24_north-america-nationals,191,woman,mha07-110,Woman Punches Me,void,2-4-1,2,4,1,2-4-1,2,4,1,0,1,61,10
2025-01-24_north-america-nationals#192,2025-01-24_north-america-nationals,192,himiko toga (iii),mha06-001,Juan Gutierrez Deck,chaos,2-6-1,2,6,1,2-6-1,2,6,1,0,1,65,10
2025-01-24_north-america-nationals#193,2025-01-24_north-america-nationals,193,"reiner braun, warrior // reiner, armored titan advancing",aot02-013,Reiner 2,fire,2-4-1,2,4,1,2-4-1,2,4,1,0,1,80,10
2025-01-24_north-america-nationals#194,2025-01-24_north-america-nationals,194,pony tsunotori,mha07-098,Christian Van Sloun Deck,earth,2-2-0,2,2,0,2-2-0,2,2,0,0,1,67,10
2025-01-24_north-america-nationals#195,2025-01-24_north-america-nationals,195,mimic (i),mha05-114,David Solomon Deck,chaos,2-3-0,2,3,0,2-3-0,2,3,0,0,1,65,10
2025-01-24_north-america-nationals#196,2025-01-24_north-america-nationals,196,"godzilla, king of the monsters",cha03gmm-001,"Tiny Arms, Big Heart",chaos,2-3-0,2,3,0,2-3-0,2,3,0,0,1,60,10
2025-01-24_north-america-nationals#197,2025-01-24_north-america-nationals,197,"godzilla, king of the monsters",cha03gmm-001,G.Zilla,chaos,2-4-0,2,4,0,2-4-0,2,4,0,0,1,60,10
2025-01-24_north-america-nationals#198,2025-01-24_north-america-nationals,198,shoto todoroki (iv),mha06-127,Killing Intent,death,2-6-0,2,6,0,2-6-0,2,6,0,0,1,60,10
2025-01-24_north-america-nationals#199,2025-01-24_north-america-nationals,199,"godzilla, king of the monsters",cha03gmm-001,Zinzan Guinane Deck,chaos,2-5-0,2,5,0,2-5-0,2,5,0,0,1,65,10
2025-01-24_north-america-nationals#200,2025-01-24_north-america-nationals,200,pony tsunotori,mha07-098,Yameroooo yamerooooo,earth,2-3-0,2,3,0,2-3-0,2,3,0,0,1,66,10
2025-01-24_north-america-nationals#201,2025-01-24_north-america-nationals,201,"bertolt hoover, living weapon // bertolt, colossus titan advancing",aot02-002,Bert,death,2-5-0,2,5,0,2-5-0,2,5,0,0,1,60,10
2025-01-24_north-america-nationals#202,2025-01-24_north-america-nationals,202,himiko toga (iii),mha06-001,Toga 3 Regionals 2024,chaos,2-4-0,2,4,0,2-4-0,2,4,0,0,1,64,10
2025-01-24_north-america-nationals#203,2025-01-24_north-america-nationals,203,kendo rappa (i),mha05-064,Garrison Bunnell Deck,order,2-4-0,2,4,0,2-4-0,2,4,0,0,1,60,10
2025-01-24_north-america-nationals#204,2025-01-24_north-america-nationals,204,"bertolt hoover, living weapon // bertolt, colossus titan advancing",aot02-002,Bert 2,death,2-7-0,2,7,0,2-7-0,2,7,0,0,1,67,10
2025-01-24_north-america-nationals#205,2025-01-24_north-america-nationals,205,mimic (i),mha05-114,Mimimi,chaos,1-2-3,1,2,3,1-2-3,1,2,3,0,1,68,10
2025-01-24_north-america-nationals#206,2025-01-24_north-america-nationals,206,"sasha blouse, food fanatic",aot02-014,Drew Walker Deck,life,2-5-0,2,5,0,2-5-0,2,5,0,0,1,60,10
2025-01-24_north-america-nationals#207,2025-01-24_north-america-nationals,207,"bertolt hoover // bertolt, colossus titan",aot01-005,Bert 1 Chaos,chaos,2-4-0,2,4,0,2-4-0,2,4,0,0,1,73,10
2025-01-24_north-america-nationals#208,2025-01-24_north-america-nationals,208,elder toguro,yyhdt-019,Elder Toguro,death,2-6-0,2,6,0,2-6-0,2,6,0,0,1,70,10
2025-01-24_north-america-nationals#209,2025-01-24_north-america-nationals,209,"bertolt hoover // bertolt, colossus titan",aot01-005,Bertolt 1,chaos,2-4-0,2,4,0,2-4-0,2,4,0,0,1,60,10
2025-01-24_north-america-nationals#210,2025-01-24_north-america-nationals,210,"rodan, giant monster of the sky",cha03krm-003,,void,2-5-0,2,5,0,2-5-0,2,5,0,0,1,78,10
2025-01-24_north-america-nationals#211,2025-01-24_north-america-nationals,211,"jester lavorre, prankster priestess",crmn-001,Jester AoT2,chaos,1-1-2,1,1,2,1-1-2,1,1,2,0,1,69,10
2025-01-24_north-america-nationals#212,2025-01-24_north-america-nationals,212,"king ghidorah, emperor of the cosmos",cha03krm-001,Please don’t check the 2,evil,1-3-2,1,3,2,1-3-2,1,3,2,0,1,66,10
2025-01-24_north-america-nationals#213,2025-01-24_north-america-nationals,213,mirio togata (i),mha05-001,Flashray mirio,chaos,1-6-2,1,6,2,1-6-2,1,6,2,0,1,67,10
2025-01-24_north-america-nationals#214,2025-01-24_north-america-nationals,214,nezu (i),mha03-200,Danger Mouse's Last Ride,order,1-3-2,1,3,2,1-3-2,1,3,2,0,1,67,10
2025-01-24_north-america-nationals#215,2025-01-24_north-america-nationals,215,"bertolt hoover, living weapon // bertolt, colossus titan advancing",aot02-002,Bertolt,death,1-3-2,1,3,2,1-3-2,1,3,2,0,1,73,10
2025-01-24_north-america-nationals#216,2025-01-24_north-america-nationals,216,"erwin smith, 13th commander of the survey corps",aot01-009,Cody Tindell Deck,death,1-3-1,1,3,1,1-3-1,1,3,1,0,1,66,10
2025-01-24_north-america-nationals#217,2025-01-24_north-america-nationals,217,"jester lavorre, prankster priestess",crmn-001,Jester Control,chaos,1-2-1,1,2,1,1-2-1,1,2,1,0,1,74,10
2025-01-24_north-america-nationals#218,2025-01-24_north-america-nationals,218,mimic (i),mha05-114,Game is not fun anymore,chaos,1-3-1,1,3,1,1-3-1,1,3,1,0,1,65,10
2025-01-24_north-america-nationals#219,2025-01-24_north-america-nationals,219,hawks (i),mha06-073,Bird Merch,order,1-4-1,1,4,1,1-4-1,1,4,1,0,1,66,10
2025-01-24_north-america-nationals#220,2025-01-24_north-america-nationals,220,elder toguro,yyhdt-019,Elder Doopler,death,1-4-1,1,4,1,1-4-1,1,4,1,0,1,66,10
2025-01-24_north-america-nationals#221,2025-01-24_north-america-nationals,221,shoto todoroki (ii),mha02-055,Big Burn Explosion Ice,fire,1-7-1,1,7,1,1-7-1,1,7,1,0,1,72,0
2025-01-24_north-america-nationals#222,2025-01-24_north-america-nationals,222,"izuku midoriya, on the move // izuku midoriya, quirks unleashed",mha08-001,Deku OTW,life,1-5-1,1,5,1,1-5-1,1,5,1,0,1,77,10
2025-01-24_north-america-nationals#223,2025-01-24_north-america-nationals,223,mt. lady (ii),mha07-064,Mt. Lady 2 Nats,earth,1-3-0,1,3,0,1-3-0,1,3,0,0,1,68,10
2025-01-24_north-america-nationals#224,2025-01-24_north-america-nationals,224,mimic (i),mha05-114,Steven Crow Deck,chaos,1-3-0,1,3,0,1-3-0,1,3,0,0,1,64,10
2025-01-24_north-america-nationals#225,2025-01-24_north-america-nationals,225,"ymir // ymir, jaw titan",aot01-020,Blasteroid,life,1-3-0,1,3,0,1-3-0,1,3,0,0,1,70,10
2025-01-24_north-america-nationals#226,2025-01-24_north-america-nationals,226,tamaki amajiki (i),mha05-091,Amajiki nationals,chaos,1-3-0,1,3,0,1-3-0,1,3,0,0,1,72,10
2025-01-24_north-america-nationals#227,2025-01-24_north-america-nationals,227,"ymir // ymir, jaw titan",aot01-020,Ymir Life Nationals 2025,life,1-3-0,1,3,0,1-3-0,1,3,0,0,1,67,10
2025-01-24_north-america-nationals#228,2025-01-24_north-america-nationals,228,"sasha blouse, food fanatic",aot02-014,Sasha,chaos,1-4-0,1,4,0,1-4-0,1,4,0,0,1,68,10
2025-01-24_north-america-nationals#229,2025-01-24_north-america-nationals,229,"zeke yeager // zeke, beast titan",aot02-015,what are you doin step-titan,life,1-5-0,1,5,0,1-5-0,1,5,0,0,1,76,10
2025-01-24_north-america-nationals#230,2025-01-24_north-america-nationals,230,mimic (i),mha05-114,US Nationals Mimic,chaos,1-4-0,1,4,0,1-4-0,1,4,0,0,1,67,10
2025-01-24_north-america-nationals#231,2025-01-24_north-america-nationals,231,"izuku midoriya, on the move // izuku midoriya, quirks unleashed",mha08-001,Jacob Byrd Deck,life,1-7-0,1,7,0,1-7-0,1,7,0,0,1,62,10
2025-01-24_north-america-nationals#232,2025-01-24_north-america-nationals,232,himiko toga (iii),mha06-001,Kyle Key Toga 3 Life Nats,life,1-3-0,1,3,0,1-3-0,1,3,0,0,1,63,10
2025-01-24_north-america-nationals#233,2025-01-24_north-america-nationals,233,hawks (i),mha06-073,Hawks is Kinda Fly,order,1-3-0,1,3,0,1-3-0,1,3,0,0,1,66,10
2025-01-24_north-america-nationals#234,2025-01-24_north-america-nationals,234,"sasha blouse, food fanatic",aot02-014,Chaos Control,chaos,1-3-0,1,3,0,1-3-0,1,3,0,0,1,63,10
2025-01-24_north-america-nationals#235,2025-01-24_north-america-nationals,235,"bertolt hoover // bertolt, colossus titan",aot01-005,Guillermo Martinez Deck,chaos,1-5-0,1,5,0,1-5-0,1,5,0,0,1,67,10
2025-01-24_north-america-nationals#236,2025-01-24_north-america-nationals,236,pony tsunotori,mha07-098,Paladin Gervasi Deck,air,1-4-0,1,4,0,1-4-0,1,4,0,0,1,60,10
2025-01-24_north-america-nationals#237,2025-01-24_north-america-nationals,237,pony tsunotori,mha07-098,Pegasus,air,0-5-0 +1 bye,,,,0-5-0,0,5,0,0,1,69,10
2025-01-24_north-america-nationals#238,2025-01-24_north-america-nationals,238,"izuku midoriya, on the move // izuku midoriya, quirks unleashed",mha08-001,deku boi Air,air,1-4-0,1,4,0,1-4-0,1,4,0,0,1,61,10
2025-01-24_north-america-nationals#239,2025-01-24_north-america-nationals,239,byakko,yyhdt-162,Beeg Kat's Farewell,earth,1-7-0,1,7,0,1-7-0,1,7,0,0,1,87,10
2025-01-24_north-america-nationals#240,2025-01-24_north-america-nationals,240,pony tsunotori,mha07-098,Pony,earth,1-5-0,1,5,0,1-5-0,1,5,0,0,1,65,10
2025-01-24_north-america-nationals#241,2025-01-24_north-america-nationals,241,"bertolt hoover, living weapon // bertolt, colossus titan advancing",aot02-002,Mr. Meaty,death,1-1-0,1,1,0,1-1-0,1,1,0,0,1,67,10
2025-01-24_north-america-nationals#242,2025-01-24_north-america-nationals,242,"reiner braun, warrior // reiner, armored titan advancing",aot02-013,Reiner,chaos,1-6-0,1,6,0,1-6-0,1,6,0,0,1,62,10
2025-01-24_north-america-nationals#243,2025-01-24_north-america-nationals,243,devil jin,tk801-040,Aiden Valentin Deck,evil,0-6-0 +1 bye,,,,0-6-0,0,6,0,0,1,65,10
2025-01-24_north-america-nationals#244,2025-01-24_north-america-nationals,244,"godzilla, king of the monsters",cha03gmm-001,Jonathan Alvarez Deck,chaos,1-2-0,1,2,0,1-2-0,1,2,0,0,1,66,10
2025-01-24_north-america-nationals#245,2025-01-24_north-america-nationals,245,"reiner braun // reiner, armored titan",aot01-017,Parker Sanders Deck,death,0-2-2,0,2,2,0-2-2,0,2,2,0,1,65,10
2025-01-24_north-america-nationals#246,2025-01-24_north-america-nationals,246,byakko,yyhdt-162,Natalie Ryan Deck,earth,0-2-1,0,2,1,0-2-1,0,2,1,0,1,82,10
2025-01-24_north-america-nationals#247,2025-01-24_north-america-nationals,247,"sasha blouse, food fanatic",aot02-014,Nats 2024,chaos,0-5-1,0,5,1,0-5-1,0,5,1,0,1,64,10
2025-01-24_north-america-nationals#248,2025-01-24_north-america-nationals,248,edgeshot (i),mha06-146,Edgeshot nat's,void,0-2-1,0,2,1,0-2-1,0,2,1,0,1,75,10
2025-01-24_north-america-nationals#249,2025-01-24_north-america-nationals,249,"reiner braun, warrior // reiner, armored titan advancing",aot02-013,Reiner Nats,chaos,0-1-0,0,1,0,0-1-0,0,1,0,0,1,68,10
2025-01-24_north-america-nationals#250,2025-01-24_north-america-nationals,250,katsuki bakugo (iv),mha06-100,Collan McDuffee Deck,death,0-2-0,0,2,0,0-2-0,0,2,0,0,1,67,10
2025-01-24_north-america-nationals#251,2025-01-24_north-america-nationals,251,byakko,yyhdt-162,Loud Kitty,earth,0-3-0,0,3,0,0-3-0,0,3,0,0,1,83,10
2025-01-24_north-america-nationals#252,2025-01-24_north-america-nationals,252,"rodan, giant monster of the sky",cha03krm-003,Nightmare Rodan,void,0-5-0,0,5,0,0-5-0,0,5,0,0,1,87,0
2025-01-24_north-america-nationals#253,2025-01-24_north-america-nationals,253,mimic (i),mha05-114,Matthew Kirst Deck,chaos,0-4-0,0,4,0,0-4-0,0,4,0,0,1,61,10
2025-01-24_north-america-nationals#254,2025-01-24_north-america-nationals,254,"sam rutherford, resourceful engineer",stk0x-067,Shane Jestis Deck,void,0-3-0,0,3,0,0-3-0,0,3,0,0,1,61,0
2025-01-24_north-america-nationals#255,2025-01-24_north-america-nationals,255,himiko toga (iii),mha06-001,Thomas Lantz Deck,death,0-1-0,0,1,0,0-1-0,0,1,0,0,1,62,0
2025-01-24_north-america-nationals#256,2025-01-24_north-america-nationals,256,overhaul (i),mha05-019,Damien Alaniz Deck,life,0-3-0,0,3,0,0-3-0,0,3,0,0,1,60,10
2025-01-24_north-america-nationals#257,2025-01-24_north-america-nationals,257,"kenny ackerman, the ripper",aot02-010,Caleb Weinkauf Deck,chaos,0-6-0,0,6,0,0-6-0,0,6,0,0,1,60,0
2025-01-24_north-america-nationals#258,2025-01-24_north-america-nationals,258,devil jin,tk801-040,Devil Jin,chaos,0-4-0,0,4,0,0-4-0,0,4,0,0,1,70,10
2025-01-24_north-america-nationals#259,2025-01-24_north-america-nationals,259,himiko toga (iii),mha06-001,Raven Mannebach Deck,chaos,0-2-0,0,2,0,0-2-0,0,2,0,0,1,60,0
2025-01-24_north-america-nationals#260,2025-01-24_north-america-nationals,260,camie utsushimi (i),mha06-145,Javier Garcia Deck,death,0-3-0,0,3,0,0-3-0,0,3,0,0,1,62,10
2025-01-24_north-america-nationals#261,2025-01-24_north-america-nationals,261,dabi (iii),mha06-046,Jose Estrada Deck,evil,0-3-0,0,3,0,0-3-0,0,3,0,0,1,65,10
2025-02-14_worlds-festival-lcq#1,2025-02-14_worlds-festival-lcq,1,"ymir // ymir, jaw titan",aot01-020,Recup or scoop,life,6-0-1,6,0,1,6-0-1,6,0,1,0,1,60,10
2025-02-14_worlds-festival-lcq#2,2025-02-14_worlds-festival-lcq,2,elder toguro,yyhdt-019,Jacob J Deck,evil,5-0-2,5,0,2,5-0-2,5,0,2,0,1,67,10
2025-02-14_worlds-festival-lcq#3,2025-02-14_worlds-festival-lcq,3,devil jin,tk801-040,Everything is the devil to you mama!,chaos,5-1-1,5,1,1,5-1-1,5,1,1,0,1,63,10
2025-02-14_worlds-festival-lcq#4,2025-02-14_worlds-festival-lcq,4,"sasha blouse, food fanatic",aot02-014,Peyton K Deck,chaos,5-1-1,5,1,1,5-1-1,5,1,1,0,1,65,10
2025-02-14_worlds-festival-lcq#5,2025-02-14_worlds-festival-lcq,5,"king ghidorah, emperor of the cosmos",cha03krm-001,"King Ghidorah, Emperor",evil,5-1-1,5,1,1,5-1-1,5,1,1,0,1,66,10
2025-02-14_worlds-festival-lcq#6,2025-02-14_worlds-festival-lcq,6,pony tsunotori,mha07-098,Pony | Worlds,earth,5-1-1,5,1,1,5-1-1,5,1,1,0,1,66,10
2025-02-14_worlds-festival-lcq#7,2025-02-14_worlds-festival-lcq,7,"ymir // ymir, jaw titan",aot01-020,Ymir life,life,5-1-1,5,1,1,5-1-1,5,1,1,0,1,65,10
2025-02-14_worlds-festival-lcq#8,2025-02-14_worlds-festival-lcq,8,himiko toga (iii),mha06-001,TOGA STUN Chaos AOT 2,chaos,5-1-1,5,1,1,5-1-1,5,1,1,0,1,67,10
2025-02-14_worlds-festival-lcq#9,2025-02-14_worlds-festival-lcq,9,pony tsunotori,mha07-098,Pony,earth,5-1-1,5,1,1,5-1-1,5,1,1,0,1,60,10
2025-02-14_worlds-festival-lcq#10,2025-02-14_worlds-festival-lcq,10,pony tsunotori,mha07-098,Giddy Up Pony,earth,5-2-0,5,2,0,5-2-0,5,2,0,0,1,65,10
2025-02-14_worlds-festival-lcq#11,2025-02-14_worlds-festival-lcq,11,"godzilla, king of the monsters",cha03gmm-001,Gojira,chaos,5-2-0,5,2,0,5-2-0,5,2,0,0,1,69,10
2025-02-14_worlds-festival-lcq#12,2025-02-14_worlds-festival-lcq,12,"godzilla, king of the monsters",cha03gmm-001,Gameciel,chaos,5-2-0,5,2,0,5-2-0,5,2,0,0,1,60,10
2025-02-14_worlds-festival-lcq#13,2025-02-14_worlds-festival-lcq,13,vash the stampede,ts01-001,LCQ,death,5-2-0,5,2,0,5-2-0,5,2,0,0,1,64,10
2025-02-14_worlds-festival-lcq#14,2025-02-14_worlds-festival-lcq,14,pony tsunotori,mha07-098,Steven Snyder Deck,earth,5-2-0,5,2,0,5-2-0,5,2,0,0,1,65,10
2025-02-14_worlds-festival-lcq#15,2025-02-14_worlds-festival-lcq,15,"hange zoë, four eyes",aot02-007,Heck it we ball,death,4-2-1,4,2,1,4-2-1,4,2,1,0,1,71,10
2025-02-14_worlds-festival-lcq#16,2025-02-14_worlds-festival-lcq,16,"nott the brave, irritable goblin",crmn-002,This is far and away the worst deckbuilding software I have ever seen.,chaos,4-2-1,4,2,1,4-2-1,4,2,1,0,1,75,10
2025-02-14_worlds-festival-lcq#17,2025-02-14_worlds-festival-lcq,17,"king ghidorah, emperor of the cosmos",cha03krm-001,KG,evil,4-2-1,4,2,1,4-2-1,4,2,1,0,1,78,10
2025-02-14_worlds-festival-lcq#18,2025-02-14_worlds-festival-lcq,18,"sasha blouse, food fanatic",aot02-014,Sasha 2,chaos,4-2-1,4,2,1,4-2-1,4,2,1,0,1,68,10
2025-02-14_worlds-festival-lcq#19,2025-02-14_worlds-festival-lcq,19,"godzilla, king of the monsters",cha03gmm-001,2004,earth,4-2-1,4,2,1,4-2-1,4,2,1,0,1,63,10
2025-02-14_worlds-festival-lcq#20,2025-02-14_worlds-festival-lcq,20,"ymir // ymir, jaw titan",aot01-020,Go Kinda Brrr,life,4-2-1,4,2,1,4-2-1,4,2,1,0,1,64,10
2025-02-14_worlds-festival-lcq#21,2025-02-14_worlds-festival-lcq,21,"bertolt hoover // bertolt, colossus titan",aot01-005,Marley’s greatest weapon,chaos,4-3-0,4,3,0,4-3-0,4,3,0,0,1,66,10
2025-02-14_worlds-festival-lcq#22,2025-02-14_worlds-festival-lcq,22,"bertolt hoover, living weapon // bertolt, colossus titan advancing",aot02-002,Young Jank,death,4-3-0,4,3,0,4-3-0,4,3,0,0,1,72,10
2025-02-14_worlds-festival-lcq#23,2025-02-14_worlds-festival-lcq,23,"godzilla, king of the monsters",cha03gmm-001,Anna M Deck,chaos,4-3-0,4,3,0,4-3-0,4,3,0,0,1,61,10
2025-02-14_worlds-festival-lcq#24,2025-02-14_worlds-festival-lcq,24,"ymir // ymir, jaw titan",aot01-020,Fire Ymir,fire,4-3-0,4,3,0,4-3-0,4,3,0,0,1,71,10
2025-02-14_worlds-festival-lcq#25,2025-02-14_worlds-festival-lcq,25,"godzilla, king of the monsters",cha03gmm-001,Carson Panos Deck,chaos,4-3-0,4,3,0,4-3-0,4,3,0,0,1,82,10
2025-02-14_worlds-festival-lcq#26,2025-02-14_worlds-festival-lcq,26,pony tsunotori,mha07-098,im gonna throw my deck at you,earth,4-3-0,4,3,0,4-3-0,4,3,0,0,1,67,10
2025-02-14_worlds-festival-lcq#27,2025-02-14_worlds-festival-lcq,27,krista lenz,aot01-013,Krista Order,order,4-3-0,4,3,0,4-3-0,4,3,0,0,1,66,10
2025-02-14_worlds-festival-lcq#28,2025-02-14_worlds-festival-lcq,28,"godzilla, king of the monsters",cha03gmm-001,Chaos Gojira,chaos,4-3-0,4,3,0,4-3-0,4,3,0,0,1,64,10
2025-02-14_worlds-festival-lcq#29,2025-02-14_worlds-festival-lcq,29,"godzilla, king of the monsters",cha03gmm-001,Ashley F Deck,water,4-3-0,4,3,0,4-3-0,4,3,0,0,1,60,0
2025-02-14_worlds-festival-lcq#30,2025-02-14_worlds-festival-lcq,30,"bertolt hoover, living weapon // bertolt, colossus titan advancing",aot02-002,Bert,death,3-2-2,3,2,2,3-2-2,3,2,2,0,1,77,10
2025-02-14_worlds-festival-lcq#31,2025-02-14_worlds-festival-lcq,31,"bertolt hoover, living weapon // bertolt, colossus titan advancing",aot02-002,The Unibert,death,3-3-1,3,3,1,3-3-1,3,3,1,0,1,66,10
2025-02-14_worlds-festival-lcq#32,2025-02-14_worlds-festival-lcq,32,"rodan, giant monster of the sky",cha03krm-003,Void Rodan Merge,void,3-3-1,3,3,1,3-3-1,3,3,1,0,1,87,10
2025-02-14_worlds-festival-lcq#33,2025-02-14_worlds-festival-lcq,33,"hange zoë, four eyes",aot02-007,Mike Vena Deck,death,3-3-1,3,3,1,3-3-1,3,3,1,0,1,66,10
2025-02-14_worlds-festival-lcq#34,2025-02-14_worlds-festival-lcq,34,mina ashido (ii),mha02-037,HyperToad Deck,death,3-3-1,3,3,1,3-3-1,3,3,1,0,1,60,10
2025-02-14_worlds-festival-lcq#35,2025-02-14_worlds-festival-lcq,35,"sasha blouse, food fanatic",aot02-014,Yeet the Soul,chaos,3-4-0,3,4,0,3-4-0,3,4,0,0,1,66,10
2025-02-14_worlds-festival-lcq#36,2025-02-14_worlds-festival-lcq,36,levi ackerman,aot01-014,The Book of Levi,death,3-4-0,3,4,0,3-4-0,3,4,0,0,1,66,10
2025-02-14_worlds-festival-lcq#37,2025-02-14_worlds-festival-lcq,37,"kurama, youko unleashed",yyhdt-064,Kurama Worlds 2024,good,3-3-0,3,3,0,3-3-0,3,3,0,0,1,61,10
2025-02-14_worlds-festival-lcq#38,2025-02-14_worlds-festival-lcq,38,"godzilla, king of the monsters",cha03gmm-001,King of Tokyo,chaos,3-4-0,3,4,0,3-4-0,3,4,0,0,1,60,10
2025-02-14_worlds-festival-lcq#39,2025-02-14_worlds-festival-lcq,39,byakko,yyhdt-162,Byakko LCQ 2025,earth,3-3-0,3,3,0,3-3-0,3,3,0,0,1,68,10
2025-02-14_worlds-festival-lcq#40,2025-02-14_worlds-festival-lcq,40,endeavor (iii),mha06-055,On-Fire Garbage Can,fire,3-4-0,3,4,0,3-4-0,3,4,0,0,1,60,10
2025-02-14_worlds-festival-lcq#41,2025-02-14_worlds-festival-lcq,41,"izuku midoriya, on the move // izuku midoriya, quirks unleashed",mha08-001,Nice Defensive Foundations,void,3-4-0,3,4,0,3-4-0,3,4,0,0,1,65,10
2025-02-14_worlds-festival-lcq#42,2025-02-14_worlds-festival-lcq,42,overhaul (i),mha05-019,CMiller Deck,life,3-4-0,3,4,0,3-4-0,3,4,0,0,1,66,10
2025-02-14_worlds-festival-lcq#43,2025-02-14_worlds-festival-lcq,43,"ymir // ymir, jaw titan",aot01-020,JABBERJAW,life,3-2-0,3,2,0,3-2-0,3,2,0,0,1,60,10
2025-02-14_worlds-festival-lcq#44,2025-02-14_worlds-festival-lcq,44,fourth kind (i),mha02-200,Ty Deck,order,2-3-2,2,3,2,2-3-2,2,3,2,0,1,68,10
2025-02-14_worlds-festival-lcq#45,2025-02-14_worlds-festival-lcq,45,momo yaoyorozu,mha07-055,Nana's LCQ Deck,life,1-3-2 +1 bye,,,,1-3-2,1,3,2,0,1,65,10
2025-02-14_worlds-festival-lcq#46,2025-02-14_worlds-festival-lcq,46,"izuku midoriya, on the move // izuku midoriya, quirks unleashed",mha08-001,Void echo,void,2-4-1,2,4,1,2-4-1,2,4,1,0,1,64,10
2025-02-14_worlds-festival-lcq#47,2025-02-14_worlds-festival-lcq,47,"ymir // ymir, jaw titan",aot01-020,Dan A Deck,life,2-4-1,2,4,1,2-4-1,2,4,1,0,1,69,10
2025-02-14_worlds-festival-lcq#48,2025-02-14_worlds-festival-lcq,48,mei hatsume,mha07-086,A Date With Destiny and She Ordered the Lobster,evil,2-4-1,2,4,1,2-4-1,2,4,1,0,1,66,10
2025-02-14_worlds-festival-lcq#49,2025-02-14_worlds-festival-lcq,49,himiko toga (iii),mha06-001,LCQ,chaos,2-4-1,2,4,1,2-4-1,2,4,1,0,1,62,10
2025-02-14_worlds-festival-lcq#50,2025-02-14_worlds-festival-lcq,50,mikasa ackerman,aot01-016,travis washburn Deck,air,2-2-0,2,2,0,2-2-0,2,2,0,0,1,70,10
2025-02-14_worlds-festival-lcq#51,2025-02-14_worlds-festival-lcq,51,ochaco uraraka (iv),mha06-019,The Best Deck Ever,water,2-3-0,2,3,0,2-3-0,2,3,0,0,1,60,10
2025-02-14_worlds-festival-lcq#52,2025-02-14_worlds-festival-lcq,52,"ymir // ymir, jaw titan",aot01-020,Dylan Kauffmann Deck,life,2-3-0,2,3,0,2-3-0,2,3,0,0,1,65,10
2025-02-14_worlds-festival-lcq#53,2025-02-14_worlds-festival-lcq,53,himiko toga (iii),mha06-001,Matthew C Deck,chaos,2-3-0,2,3,0,2-3-0,2,3,0,0,1,64,10
2025-02-14_worlds-festival-lcq#54,2025-02-14_worlds-festival-lcq,54,"erwin smith, 13th commander of the survey corps",aot01-009,Erwin,death,2-3-0,2,3,0,2-3-0,2,3,0,0,1,70,10
2025-02-14_worlds-festival-lcq#55,2025-02-14_worlds-festival-lcq,55,edgeshot (i),mha06-146,This format is dumb,void,2-5-0,2,5,0,2-5-0,2,5,0,0,1,61,10
2025-02-14_worlds-festival-lcq#56,2025-02-14_worlds-festival-lcq,56,"rodan, giant monster of the sky",cha03krm-003,Run like the wind Ed-boy !!!,void,2-3-0,2,3,0,2-3-0,2,3,0,0,1,73,10
2025-02-14_worlds-festival-lcq#57,2025-02-14_worlds-festival-lcq,57,himiko toga (iii),mha06-001,Toga3,chaos,1-4-2,1,4,2,1-4-2,1,4,2,0,1,66,10
2025-02-14_worlds-festival-lcq#58,2025-02-14_worlds-festival-lcq,58,byakko,yyhdt-162,LCQ bradley smith,earth,1-2-1,1,2,1,1-2-1,1,2,1,0,1,70,10
2025-02-14_worlds-festival-lcq#59,2025-02-14_worlds-festival-lcq,59,tamaki amajiki (i),mha05-091,Michael B Deck,air,1-2-1,1,2,1,1-2-1,1,2,1,0,1,72,10
2025-02-14_worlds-festival-lcq#60,2025-02-14_worlds-festival-lcq,60,"erwin smith, 13th commander of the survey corps",aot01-009,Erwin Smith BDIF,death,1-5-1,1,5,1,1-5-1,1,5,1,0,1,71,0
2025-02-14_worlds-festival-lcq#61,2025-02-14_worlds-festival-lcq,61,"godzilla, king of the monsters",cha03gmm-001,Sewer Slide Zilla,chaos,1-2-1,1,2,1,1-2-1,1,2,1,0,1,60,10
2025-02-14_worlds-festival-lcq#62,2025-02-14_worlds-festival-lcq,62,krista lenz,aot01-013,Garett B Deck  - LCQ Worlds Feb 2025,chaos,1-2-1,1,2,1,1-2-1,1,2,1,0,1,78,10
2025-02-14_worlds-festival-lcq#63,2025-02-14_worlds-festival-lcq,63,"ymir // ymir, jaw titan",aot01-020,Melonsodayoshi Deck,life,1-3-1,1,3,1,1-3-1,1,3,1,0,1,72,10
2025-02-14_worlds-festival-lcq#64,2025-02-14_worlds-festival-lcq,64,krista lenz,aot01-013,Dayton S Deck,chaos,1-2-0,1,2,0,1-2-0,1,2,0,0,1,65,10
2025-02-14_worlds-festival-lcq#65,2025-02-14_worlds-festival-lcq,65,minoru mineta (ii),mha02-094,Mineta II - Death - Standard,death,1-3-0,1,3,0,1-3-0,1,3,0,0,1,69,10
2025-02-14_worlds-festival-lcq#66,2025-02-14_worlds-festival-lcq,66,cart titan,aot02-003,Rickshaw Rampage,chaos,1-2-0,1,2,0,1-2-0,1,2,0,0,1,62,10
2025-02-14_worlds-festival-lcq#67,2025-02-14_worlds-festival-lcq,67,"godzilla, king of the monsters",cha03gmm-001,Godzilla King of Universus,chaos,1-3-0,1,3,0,1-3-0,1,3,0,0,1,60,10
2025-02-14_worlds-festival-lcq#68,2025-02-14_worlds-festival-lcq,68,"reiner braun // reiner, armored titan",aot01-017,David S Deck ORL LCQ,death,1-3-0,1,3,0,1-3-0,1,3,0,0,1,67,10
2025-02-14_worlds-festival-lcq#69,2025-02-14_worlds-festival-lcq,69,genkai,yyhdt-028,Genkai Worlds,good,1-4-0,1,4,0,1-4-0,1,4,0,0,1,60,10
2025-02-14_worlds-festival-lcq#70,2025-02-14_worlds-festival-lcq,70,shoto todoroki (iv),mha06-127,shoto your enemies,fire,1-6-0,1,6,0,1-6-0,1,6,0,0,1,60,0
2025-02-14_worlds-festival-lcq#71,2025-02-14_worlds-festival-lcq,71,kurogiri (ii),mha04-055,What we do in the shadows,evil,1-3-0,1,3,0,1-3-0,1,3,0,0,1,66,10
2025-02-14_worlds-festival-lcq#72,2025-02-14_worlds-festival-lcq,72,"mechagodzilla, bionic menace",cha03krm-002,Bionic Menace Void Deck,void,1-3-0,1,3,0,1-3-0,1,3,0,0,1,79,10
2025-02-14_worlds-festival-lcq#73,2025-02-14_worlds-festival-lcq,73,"king ghidorah, emperor of the cosmos",cha03krm-001,Akira Kurusu Deck,evil,0-2-2,0,2,2,0-2-2,0,2,2,0,1,60,10
2025-02-14_worlds-festival-lcq#74,2025-02-14_worlds-festival-lcq,74,"d'vana tendi, mistress of the winter constellations",stk0x-046,Hayden S Deck,life,0-2-0,0,2,0,0-2-0,0,2,0,0,1,62,10
2025-02-14_worlds-festival-lcq#75,2025-02-14_worlds-festival-lcq,75,"bertolt hoover, living weapon // bertolt, colossus titan advancing",aot02-002,Leena riddle Deck,death,0-3-0,0,3,0,0-3-0,0,3,0,0,1,69,10
2025-02-14_worlds-festival-lcq#76,2025-02-14_worlds-festival-lcq,76,byakko,yyhdt-162,Xzeaiver M Deck,earth,0-2-0,0,2,0,0-2-0,0,2,0,0,1,75,10
2025-02-14_worlds-festival-lcq#77,2025-02-14_worlds-festival-lcq,77,ochaco uraraka (iv),mha06-019,One Last Ride,water,0-4-0,0,4,0,0-4-0,0,4,0,0,1,60,10
2025-02-14_worlds-festival-lcq#78,2025-02-14_worlds-festival-lcq,78,"erwin smith, 13th commander of the survey corps",aot01-009,Erwin1,death,0-2-0,0,2,0,0-2-0,0,2,0,0,1,66,10
2025-02-14_worlds-festival-lcq#79,2025-02-14_worlds-festival-lcq,79,overhaul (i),mha05-019,LCQ 2025,evil,0-2-0,0,2,0,0-2-0,0,2,0,0,1,67,10
2025-02-14_worlds-festival-lcq#80,2025-02-14_worlds-festival-lcq,80,"king ghidorah, emperor of the cosmos",cha03krm-001,Seth S Deck,evil,0-2-0,0,2,0,0-2-0,0,2,0,0,1,72,10
2025-02-15_2024-world-championship#1,2025-02-15_2024-world-championship,1,"hange zoë, four eyes",aot02-007,Monke Flip,death,4-1-2,4,1,2,9-1-2,9,1,2,1,1,74,10
2025-02-15_2024-world-championship#2,2025-02-15_2024-world-championship,2,krista lenz,aot01-013,Travis T Deck,order,3-2-2,3,2,2,7-3-2,7,3,2,1,1,65,10
2025-02-15_2024-world-championship#3,2025-02-15_2024-world-championship,3,"king ghidorah, emperor of the cosmos",cha03krm-001,Trenton C Deck,evil,4-1-2,4,1,2,7-2-2,7,2,2,1,1,72,10
2025-02-15_2024-world-championship#4,2025-02-15_2024-world-championship,4,pony tsunotori,mha07-098,Alex G Deck,earth,4-2-1,4,2,1,7-3-1,7,3,1,1,1,66,10
2025-02-15_2024-world-championship#5,2025-02-15_2024-world-championship,5,"ymir // ymir, jaw titan",aot01-020,Nereid's Ascension,life,4-0-3,4,0,3,6-1-3,6,1,3,1,1,66,10
2025-02-15_2024-world-championship#6,2025-02-15_2024-world-championship,6,pony tsunotori,mha07-098,Pony Tsunotori [Earth],earth,4-2-1,4,2,1,6-3-1,6,3,1,1,1,65,10
2025-02-15_2024-world-championship#7,2025-02-15_2024-world-championship,7,"izuku midoriya, on the move // izuku midoriya, quirks unleashed",mha08-001,Worlds deck,good,3-1-3,3,1,3,5-2-3,5,2,3,1,1,73,10
2025-02-15_2024-world-championship#8,2025-02-15_2024-world-championship,8,"ymir // ymir, jaw titan",aot01-020,It's time to put on a show!,life,3-1-3,3,1,3,5-2-3,5,2,3,1,1,65,10
2025-02-15_2024-world-championship#9,2025-02-15_2024-world-championship,9,"rodan, giant monster of the sky",cha03krm-003,Worlds 2024 void rodan,void,4-0-3,4,0,3,5-1-3,5,1,3,1,1,85,10
2025-02-15_2024-world-championship#10,2025-02-15_2024-world-championship,10,pony tsunotori,mha07-098,Worlds 24/25 Deck,earth,4-1-2,4,1,2,5-2-2,5,2,2,1,1,64,10
2025-02-15_2024-world-championship#11,2025-02-15_2024-world-championship,11,jean kirstein,aot01-012,Apple Bottom,chaos,4-1-2,4,1,2,5-2-2,5,2,2,1,1,67,10
2025-02-15_2024-world-championship#12,2025-02-15_2024-world-championship,12,byakko,yyhdt-162,25 Worlds Byakko1Earth,earth,3-1-3,3,1,3,4-2-3,4,2,3,1,1,75,10
2025-02-15_2024-world-championship#13,2025-02-15_2024-world-championship,13,"izuku midoriya, on the move // izuku midoriya, quirks unleashed",mha08-001,Izuku OTM,good,4-3-0,4,3,0,5-4-0,5,4,0,1,1,73,10
2025-02-15_2024-world-championship#14,2025-02-15_2024-world-championship,14,"king ghidorah, emperor of the cosmos",cha03krm-001,Ben L Deck,void,3-2-2,3,2,2,4-3-2,4,3,2,1,1,74,10
2025-02-15_2024-world-championship#15,2025-02-15_2024-world-championship,15,"rodan, giant monster of the sky",cha03krm-003,Garrett K Deck,air,3-2-2,3,2,2,4-3-2,4,3,2,1,1,60,10
2025-02-15_2024-world-championship#16,2025-02-15_2024-world-championship,16,pony tsunotori,mha07-098,Liam C Deck,earth,3-3-1,3,3,1,4-4-1,4,4,1,1,1,64,10
2025-02-15_2024-world-championship#17,2025-02-15_2024-world-championship,17,pony tsunotori,mha07-098,Pony | Worlds,earth,4-0-3,4,0,3,4-1-3,4,1,3,1,1,66,10
2025-02-15_2024-world-championship#18,2025-02-15_2024-world-championship,18,"king ghidorah, emperor of the cosmos",cha03krm-001,"King Ghidorah, Emperor",evil,4-0-3,4,0,3,4-1-3,4,1,3,1,1,66,10
2025-02-15_2024-world-championship#19,2025-02-15_2024-world-championship,19,"hange zoë, four eyes",aot02-007,Jinkies! I’ve dropped my backup pair of glasses!,death,4-1-2,4,1,2,4-2-2,4,2,2,1,1,71,10
2025-02-15_2024-world-championship#20,2025-02-15_2024-world-championship,20,"hange zoë, four eyes",aot02-007,Vengeance for Sawney and Beane,death,4-1-2,4,1,2,4-2-2,4,2,2,1,1,71,10
2025-02-15_2024-world-championship#21,2025-02-15_2024-world-championship,21,mirko,mha07-046,BunBunNoFun,death,4-2-1,4,2,1,4-3-1,4,3,1,1,1,63,10
2025-02-15_2024-world-championship#22,2025-02-15_2024-world-championship,22,"king ghidorah, emperor of the cosmos",cha03krm-001,Evil Ghidorah,evil,4-2-1,4,2,1,4-3-1,4,3,1,1,1,78,10
2025-02-15_2024-world-championship#23,2025-02-15_2024-world-championship,23,"godzilla, king of the monsters",cha03gmm-001,World zilla,chaos,4-2-1,4,2,1,4-3-1,4,3,1,1,1,64,10
2025-02-15_2024-world-championship#24,2025-02-15_2024-world-championship,24,byakko,yyhdt-162,Byak ka ka ka,earth,4-3-0,4,3,0,4-4-0,4,4,0,1,1,61,10
2025-02-15_2024-world-championship#25,2025-02-15_2024-world-championship,25,elder toguro,yyhdt-019,Jacob J Deck,evil,3-1-3,3,1,3,3-2-3,3,2,3,1,1,68,10
2025-02-15_2024-world-championship#26,2025-02-15_2024-world-championship,26,minoru mineta (ii),mha02-094,#1 Mienta,water,4-3-0,4,3,0,4-4-0,4,4,0,1,1,89,10
2025-02-15_2024-world-championship#27,2025-02-15_2024-world-championship,27,byakko,yyhdt-162,̶N̶o̶m̶u̶ Byakko,earth,3-1-3,3,1,3,3-2-3,3,2,3,1,1,66,10
2025-02-15_2024-world-championship#28,2025-02-15_2024-world-championship,28,"ymir // ymir, jaw titan",aot01-020,Recup or scoop,life,3-2-2,3,2,2,3-3-2,3,3,2,1,1,60,10
2025-02-15_2024-world-championship#29,2025-02-15_2024-world-championship,29,"izuku midoriya, on the move // izuku midoriya, quirks unleashed",mha08-001,Thantek Deck,good,3-2-2,3,2,2,3-3-2,3,3,2,1,1,73,10
2025-02-15_2024-world-championship#30,2025-02-15_2024-world-championship,30,"godzilla, king of the monsters",cha03gmm-001,The worst part about worlds was building my deck on this builder,chaos,3-2-2,3,2,2,3-3-2,3,3,2,1,1,65,10
2025-02-15_2024-world-championship#31,2025-02-15_2024-world-championship,31,jin,yyhdt-046,Jin World’s deck,void,3-2-2,3,2,2,3-3-2,3,3,2,1,1,101,10
2025-02-15_2024-world-championship#32,2025-02-15_2024-world-championship,32,"reiner braun // reiner, armored titan",aot01-017,Greg M World's Deck 2025,death,3-3-1,3,3,1,3-4-1,3,4,1,1,1,66,10
2025-02-15_2024-world-championship#33,2025-02-15_2024-world-championship,33,"ymir // ymir, jaw titan",aot01-020,Ymir Worlds,life,3-3-1,3,3,1,3-3-1,3,3,1,0,1,66,10
2025-02-15_2024-world-championship#34,2025-02-15_2024-world-championship,34,mimic (i),mha05-114,Like My Father Before Me,chaos,3-3-1,3,3,1,3-3-1,3,3,1,0,1,71,10
2025-02-15_2024-world-championship#35,2025-02-15_2024-world-championship,35,"king ghidorah, emperor of the cosmos",cha03krm-001,Torin Milliken Deck,evil,3-3-1,3,3,1,3-3-1,3,3,1,0,1,70,10
2025-02-15_2024-world-championship#36,2025-02-15_2024-world-championship,36,hawks (i),mha06-073,The Room Where It Happened,order,3-3-1,3,3,1,3-3-1,3,3,1,0,1,69,10
2025-02-15_2024-world-championship#37,2025-02-15_2024-world-championship,37,"ymir // ymir, jaw titan",aot01-020,Ymir life,life,3-3-1,3,3,1,3-3-1,3,3,1,0,1,65,10
2025-02-15_2024-world-championship#38,2025-02-15_2024-world-championship,38,"godzilla, king of the monsters",cha03gmm-001,Zilla vs Worlds,chaos,3-4-0,3,4,0,3-4-0,3,4,0,0,1,68,10
2025-02-15_2024-world-championship#39,2025-02-15_2024-world-championship,39,devil jin,tk801-040,Everything is the devil to you mama!,chaos,3-4-0,3,4,0,3-4-0,3,4,0,0,1,63,10
2025-02-15_2024-world-championship#40,2025-02-15_2024-world-championship,40,"king ghidorah, emperor of the cosmos",cha03krm-001,Cole H Deck,evil,3-4-0,3,4,0,3-4-0,3,4,0,0,1,71,10
2025-02-15_2024-world-championship#41,2025-02-15_2024-world-championship,41,endeavor (iii),mha06-055,Endeavor III Deck,order,3-4-0,3,4,0,3-4-0,3,4,0,0,1,60,10
2025-02-15_2024-world-championship#42,2025-02-15_2024-world-championship,42,himiko toga (iii),mha06-001,TOGA STUN Chaos AOT 2,chaos,3-4-0,3,4,0,3-4-0,3,4,0,0,1,67,10
2025-02-15_2024-world-championship#43,2025-02-15_2024-world-championship,43,krista lenz,aot01-013,William Anderson III Deck worlds,order,3-4-0,3,4,0,3-4-0,3,4,0,0,1,69,10
2025-02-15_2024-world-championship#44,2025-02-15_2024-world-championship,44,"godzilla, king of the monsters",cha03gmm-001,WORLDS,chaos,3-4-0,3,4,0,3-4-0,3,4,0,0,1,62,10
2025-02-15_2024-world-championship#45,2025-02-15_2024-world-championship,45,"spike, bounty hunter",cb02-001,The Worlds Bounty Hunter,water,2-3-2,2,3,2,2-3-2,2,3,2,0,1,64,10
2025-02-15_2024-world-championship#46,2025-02-15_2024-world-championship,46,"hange zoë, four eyes",aot02-007,I give up I'm just playing a pile of cool cards,death,2-4-1,2,4,1,2-4-1,2,4,1,0,1,68,10
2025-02-15_2024-world-championship#47,2025-02-15_2024-world-championship,47,"ymir // ymir, jaw titan",aot01-020,TC D Deck,life,2-4-1,2,4,1,2-4-1,2,4,1,0,1,66,10
2025-02-15_2024-world-championship#48,2025-02-15_2024-world-championship,48,"sasha blouse, food fanatic",aot02-014,Peyton K Deck,chaos,2-4-1,2,4,1,2-4-1,2,4,1,0,1,65,10
2025-02-15_2024-world-championship#49,2025-02-15_2024-world-championship,49,"mechagodzilla, bionic menace",cha03krm-002,Void Bionic Worlds,void,2-4-1,2,4,1,2-4-1,2,4,1,0,1,75,10
2025-02-15_2024-world-championship#50,2025-02-15_2024-world-championship,50,edgeshot (i),mha06-146,Edgeshot Worlds 24,void,2-4-1,2,4,1,2-4-1,2,4,1,0,1,60,10
2025-02-15_2024-world-championship#51,2025-02-15_2024-world-championship,51,pony tsunotori,mha07-098,Earth Pony World,earth,2-4-0,2,4,0,2-4-0,2,4,0,0,1,69,10
2025-02-15_2024-world-championship#52,2025-02-15_2024-world-championship,52,"hange zoë, four eyes",aot02-007,Hange Deck,death,2-5-0,2,5,0,2-5-0,2,5,0,0,1,66,10
2025-02-15_2024-world-championship#53,2025-02-15_2024-world-championship,53,"izuku midoriya, on the move // izuku midoriya, quirks unleashed",mha08-001,cory n Deck,good,2-5-0,2,5,0,2-5-0,2,5,0,0,1,66,10
2025-02-15_2024-world-championship#54,2025-02-15_2024-world-championship,54,"ymir // ymir, jaw titan",aot01-020,Deck,life,1-5-0 +1 bye,,,,1-5-0,1,5,0,0,1,66,10
2025-02-15_2024-world-championship#55,2025-02-15_2024-world-championship,55,minoru mineta (ii),mha02-094,#2 Mineta,water,1-4-2,1,4,2,1-4-2,1,4,2,0,1,88,10
2025-02-15_2024-world-championship#56,2025-02-15_2024-world-championship,56,"godzilla, king of the monsters",cha03gmm-001,My Lizard,chaos,1-4-2,1,4,2,1-4-2,1,4,2,0,1,63,10
2025-02-15_2024-world-championship#57,2025-02-15_2024-world-championship,57,toru hagakure (ii),mha07-191,hagakure water,water,1-4-1,1,4,1,1-4-1,1,4,1,0,1,66,10
2025-02-15_2024-world-championship#58,2025-02-15_2024-world-championship,58,"historia reiss, secret identity",aot02-008,Tomberry Deck,life,0-5-1 +1 bye,,,,0-5-1,0,5,1,0,1,64,10
2025-02-15_2024-world-championship#59,2025-02-15_2024-world-championship,59,"eren yeager // eren, attack titan",aot01-008,Yeager Bomb,death,1-3-1,1,3,1,1-3-1,1,3,1,0,1,60,10
2025-02-15_2024-world-championship#60,2025-02-15_2024-world-championship,60,"mechagodzilla, bionic menace",cha03krm-002,Nicholas Ragan  Deck,void,1-3-1,1,3,1,1-3-1,1,3,1,0,1,79,10
2025-02-15_2024-world-championship#61,2025-02-15_2024-world-championship,61,"bertolt hoover // bertolt, colossus titan",aot01-005,Bert1 Pile,chaos,1-4-0,1,4,0,1-4-0,1,4,0,0,1,66,10
2025-02-15_2024-world-championship#62,2025-02-15_2024-world-championship,62,pony tsunotori,mha07-098,Rampage Pony,earth,1-6-0,1,6,0,1-6-0,1,6,0,0,1,62,10
2025-02-15_2024-world-championship#63,2025-02-15_2024-world-championship,63,jin,yyhdt-046,Colby C Deck,void,0-4-0,0,4,0,0-4-0,0,4,0,0,1,69,10
2025-02-15_2024-world-championship#64,2025-02-15_2024-world-championship,64,byakko,yyhdt-162,Big Kitty,earth,0-4-0,0,4,0,0-4-0,0,4,0,0,1,67,10
2025-03-15_denver-regional#1,2025-03-15_denver-regional,1,"rodan, giant monster of the sky",cha03krm-003,rodan running it back,void,5-0-2,5,0,2,8-0-2,8,0,2,1,1,82,10
2025-03-15_denver-regional#2,2025-03-15_denver-regional,2,mitchell cimino,promo2025-053,Mitchell is walking that dog,order,5-1-1,5,1,1,7-2-1,7,2,1,1,1,61,10
2025-03-15_denver-regional#3,2025-03-15_denver-regional,3,nick ragan,promo2025-052,Denver,all,5-0-2,5,0,2,6-1-2,6,1,2,1,1,100,10
2025-03-15_denver-regional#4,2025-03-15_denver-regional,4,"hange zoë, four eyes",aot02-007,Cayden G Deck,death,5-1-1,5,1,1,6-2-1,6,2,1,1,1,60,10
2025-03-15_denver-regional#5,2025-03-15_denver-regional,5,"taryon darrington, naive creator",cr02-017,Tarry On,order,5-0-2,5,0,2,5-1-2,5,1,2,1,1,72,10
2025-03-15_denver-regional#6,2025-03-15_denver-regional,6,nick ragan,promo2025-052,Inconsistent Pile,all,5-1-1,5,1,1,5-2-1,5,2,1,1,1,124,10
2025-03-15_denver-regional#7,2025-03-15_denver-regional,7,"taryon darrington, naive creator",cr02-017,POP/STARS,life,5-1-1,5,1,1,5-2-1,5,2,1,1,1,74,10
2025-03-15_denver-regional#8,2025-03-15_denver-regional,8,nick ragan,promo2025-052,I don't give a ton of speed unless I hit True 100,all,5-2-0,5,2,0,5-3-0,5,3,0,1,1,116,10
2025-03-15_denver-regional#9,2025-03-15_denver-regional,9,smiling titan,aot01-019,john a Deck,life,5-2-0,5,2,0,5-2-0,5,2,0,0,1,60,10
2025-03-15_denver-regional#10,2025-03-15_denver-regional,10,"godzilla, king of the monsters",cha03gmm-001,Go Jee Ruh (Denver),earth,5-2-0,5,2,0,5-2-0,5,2,0,0,1,60,10
2025-03-15_denver-regional#11,2025-03-15_denver-regional,11,devil jin,tk801-040,Ricky Wicky like your favorite DJ,chaos,5-2-0,5,2,0,5-2-0,5,2,0,0,1,60,10
2025-03-15_denver-regional#12,2025-03-15_denver-regional,12,"ymir // ymir, jaw titan",aot01-020,Life Ymir,life,5-2-0,5,2,0,5-2-0,5,2,0,0,1,66,10
2025-03-15_denver-regional#13,2025-03-15_denver-regional,13,"izuku midoriya, on the move // izuku midoriya, quirks unleashed",mha08-001,One Punch Man,good,4-1-2,4,1,2,4-1-2,4,1,2,0,1,74,10
2025-03-15_denver-regional#14,2025-03-15_denver-regional,14,"godzilla, king of the monsters",cha03gmm-001,Godzilla Denver Takeover,chaos,4-1-2,4,1,2,4-1-2,4,1,2,0,1,65,10
2025-03-15_denver-regional#15,2025-03-15_denver-regional,15,"godzilla, king of the monsters",cha03gmm-001,Bill Evans - Godzilla Chaos,chaos,4-1-2,4,1,2,4-1-2,4,1,2,0,1,60,10
2025-03-15_denver-regional#16,2025-03-15_denver-regional,16,"taryon darrington, naive creator",cr02-017,Mark T Deck,order,4-2-1,4,2,1,4-2-1,4,2,1,0,1,89,10
2025-03-15_denver-regional#17,2025-03-15_denver-regional,17,"taryon darrington, naive creator",cr02-017,BARLOW Deck,order,4-2-1,4,2,1,4-2-1,4,2,1,0,1,72,10
2025-03-15_denver-regional#18,2025-03-15_denver-regional,18,elder toguro,yyhdt-019,Elder Toguro wall,evil,4-2-1,4,2,1,4-2-1,4,2,1,0,1,66,10
2025-03-15_denver-regional#19,2025-03-15_denver-regional,19,"izuku midoriya, on the move // izuku midoriya, quirks unleashed",mha08-001,James H Deck,good,4-2-1,4,2,1,4-2-1,4,2,1,0,1,83,10
2025-03-15_denver-regional#20,2025-03-15_denver-regional,20,devil jin,tk801-040,The Devil Wears Prada,chaos,4-2-1,4,2,1,4-2-1,4,2,1,0,1,61,10
2025-03-15_denver-regional#21,2025-03-15_denver-regional,21,jean kirstein,aot01-012,"Jean Kirstein, Denver 2025",chaos,4-3-0,4,3,0,4-3-0,4,3,0,0,1,68,10
2025-03-15_denver-regional#22,2025-03-15_denver-regional,22,"ymir // ymir, jaw titan",aot01-020,TC D Deck,life,4-3-0,4,3,0,4-3-0,4,3,0,0,1,61,10
2025-03-15_denver-regional#23,2025-03-15_denver-regional,23,"ymir // ymir, jaw titan",aot01-020,CaptainSkeeze Deck,life,4-3-0,4,3,0,4-3-0,4,3,0,0,1,62,10
2025-03-15_denver-regional#24,2025-03-15_denver-regional,24,nick ragan,promo2025-052,Dogmanboss,all,4-3-0,4,3,0,4-3-0,4,3,0,0,1,116,10
2025-03-15_denver-regional#25,2025-03-15_denver-regional,25,"nott the brave, chaotic meddler",cr02-012,Denver Deck,void,3-1-3,3,1,3,3-1-3,3,1,3,0,1,75,10
2025-03-15_denver-regional#26,2025-03-15_denver-regional,26,"godzilla, king of the monsters",cha03gmm-001,Anna M Deck,earth,4-3-0,4,3,0,4-3-0,4,3,0,0,1,68,0
2025-03-15_denver-regional#27,2025-03-15_denver-regional,27,nick ragan,promo2025-052,Nick Denver,all,4-3-0,4,3,0,4-3-0,4,3,0,0,1,116,10
2025-03-15_denver-regional#28,2025-03-15_denver-regional,28,"percival de rolo iii, vengeful sharpshooter",cr02-013,Percy Death,death,4-3-0,4,3,0,4-3-0,4,3,0,0,1,69,10
2025-03-15_denver-regional#29,2025-03-15_denver-regional,29,"godzilla, king of the monsters",cha03gmm-001,Smashing through Denver,earth,3-1-3,3,1,3,3-1-3,3,1,3,0,1,60,10
2025-03-15_denver-regional#30,2025-03-15_denver-regional,30,"vax’ildan, dagger master",cr02-018,Death Casino?,void,4-3-0,4,3,0,4-3-0,4,3,0,0,1,70,10
2025-03-15_denver-regional#31,2025-03-15_denver-regional,31,"allura vysoren, arcanist of tal'dorei",cr02-001,Ezra M Deck,void,4-3-0,4,3,0,4-3-0,4,3,0,0,1,70,10
2025-03-15_denver-regional#32,2025-03-15_denver-regional,32,"rodan, giant monster of the sky",cha03krm-003,Dillon B Deck,void,3-2-2,3,2,2,3-2-2,3,2,2,0,1,78,10
2025-03-15_denver-regional#33,2025-03-15_denver-regional,33,byakko,yyhdt-162,"Earth, Wind and Fire",earth,3-2-2,3,2,2,3-2-2,3,2,2,0,1,70,10
2025-03-15_denver-regional#34,2025-03-15_denver-regional,34,"king ghidorah, emperor of the cosmos",cha03krm-001,KG Denver,evil,2-2-2 +1 bye,,,,2-2-2,2,2,2,0,1,77,10
2025-03-15_denver-regional#35,2025-03-15_denver-regional,35,"pike trickfoot, ferocious priestess",cr02-014,Pike - Denver,life,3-2-2,3,2,2,3-2-2,3,2,2,0,1,66,10
2025-03-15_denver-regional#36,2025-03-15_denver-regional,36,"king ghidorah, emperor of the cosmos",cha03krm-001,Evil King Gihdorah v20,evil,3-3-1,3,3,1,3-3-1,3,3,1,0,1,75,10
2025-03-15_denver-regional#37,2025-03-15_denver-regional,37,mitchell cimino,promo2025-053,Roberto V Deck,order,3-3-1,3,3,1,3-3-1,3,3,1,0,1,60,10
2025-03-15_denver-regional#38,2025-03-15_denver-regional,38,"scanlan shorthalt, devious troubadour",cr02-016,Jacob J Deck,earth,3-3-1,3,3,1,3-3-1,3,3,1,0,1,75,10
2025-03-15_denver-regional#39,2025-03-15_denver-regional,39,"king ghidorah, emperor of the cosmos",cha03krm-001,Trenton C Deck,evil,3-3-1,3,3,1,3-3-1,3,3,1,0,1,73,10
2025-03-15_denver-regional#40,2025-03-15_denver-regional,40,byakko,yyhdt-162,Brent Midling Deck,earth,3-3-1,3,3,1,3-3-1,3,3,1,0,1,87,10
2025-03-15_denver-regional#41,2025-03-15_denver-regional,41,mitchell cimino,promo2025-053,Guillermo M Deck,chaos,3-3-1,3,3,1,3-3-1,3,3,1,0,1,70,10
2025-03-15_denver-regional#42,2025-03-15_denver-regional,42,"rodan, giant monster of the sky",cha03krm-003,Rodan Denver Regional Decklist,void,3-3-1,3,3,1,3-3-1,3,3,1,0,1,70,10
2025-03-15_denver-regional#43,2025-03-15_denver-regional,43,"grog strongjaw, mighty half-giant",cr02-007,Christopher Nixon Deck,death,3-4-0,3,4,0,3-4-0,3,4,0,0,1,72,10
2025-03-15_denver-regional#44,2025-03-15_denver-regional,44,"vax’ildan, dagger master",cr02-018,Denver daggers,death,3-2-0,3,2,0,3-2-0,3,2,0,0,1,65,10
2025-03-15_denver-regional#45,2025-03-15_denver-regional,45,"reiner braun, warrior // reiner, armored titan advancing",aot02-013,Reiner Brawn Warrior Denver Champion,chaos,3-4-0,3,4,0,3-4-0,3,4,0,0,1,68,10
2025-03-15_denver-regional#46,2025-03-15_denver-regional,46,jean kirstein,aot01-012,"Jean and the Terrible, Horrible, No Good, Very Bad Day",chaos,2-2-3,2,2,3,2-2-3,2,2,3,0,1,69,10
2025-03-15_denver-regional#47,2025-03-15_denver-regional,47,mirko,mha07-046,Mirko II Death 3/15/25,death,3-4-0,3,4,0,3-4-0,3,4,0,0,1,68,10
2025-03-15_denver-regional#48,2025-03-15_denver-regional,48,hange zoë,aot01-010,Hange Zoe 1 Regionals,life,3-4-0,3,4,0,3-4-0,3,4,0,0,1,78,10
2025-03-15_denver-regional#49,2025-03-15_denver-regional,49,"nott the brave, chaotic meddler",cr02-012,NOTT 2,void,2-4-0 +1 bye,,,,2-4-0,2,4,0,0,1,107,10
2025-03-15_denver-regional#50,2025-03-15_denver-regional,50,edgeshot (i),mha06-146,Void Edgeshot,void,3-4-0,3,4,0,3-4-0,3,4,0,0,1,61,10
2025-03-15_denver-regional#51,2025-03-15_denver-regional,51,byakko,yyhdt-162,Ashton J Deck,earth,3-4-0,3,4,0,3-4-0,3,4,0,0,1,62,10
2025-03-15_denver-regional#52,2025-03-15_denver-regional,52,mikasa ackerman,aot01-016,Brandon b Deck,air,3-4-0,3,4,0,3-4-0,3,4,0,0,1,70,10
2025-03-15_denver-regional#53,2025-03-15_denver-regional,53,mirko,mha07-046,Hunter S Denver Regionals. (Mirko.ii),death,2-3-2,2,3,2,2-3-2,2,3,2,0,1,66,10
2025-03-15_denver-regional#54,2025-03-15_denver-regional,54,ryukyu,mha07-102,Dragon Lady,earth,2-3-2,2,3,2,2-3-2,2,3,2,0,1,63,10
2025-03-15_denver-regional#55,2025-03-15_denver-regional,55,"godzilla, king of the monsters",cha03gmm-001,Logan Evans - Godzilla Chaos - Deck,chaos,2-2-1,2,2,1,2-2-1,2,2,1,0,1,60,0
2025-03-15_denver-regional#56,2025-03-15_denver-regional,56,"ymir // ymir, jaw titan",aot01-020,HEX Ymir,life,2-4-1,2,4,1,2-4-1,2,4,1,0,1,64,10
2025-03-15_denver-regional#57,2025-03-15_denver-regional,57,"caduceus clay, insightful caretaker",cr02-003,Caduceus Clay Denver List,life,2-2-1,2,2,1,2-2-1,2,2,1,0,1,64,10
2025-03-15_denver-regional#58,2025-03-15_denver-regional,58,"king ghidorah, emperor of the cosmos",cha03krm-001,Dayton Deck,evil,2-4-1,2,4,1,2-4-1,2,4,1,0,1,65,10
2025-03-15_denver-regional#59,2025-03-15_denver-regional,59,shoto todoroki (iv),mha06-127,hool,death,2-4-1,2,4,1,2-4-1,2,4,1,0,1,60,10
2025-03-15_denver-regional#60,2025-03-15_denver-regional,60,"grog strongjaw, mighty half-giant",cr02-007,The Raging Demon,earth,2-3-0,2,3,0,2-3-0,2,3,0,0,1,60,10
2025-03-15_denver-regional#61,2025-03-15_denver-regional,61,"beauregard lionett, expositor",cr02-002,Jumbo Beau,water,2-5-0,2,5,0,2-5-0,2,5,0,0,1,70,10
2025-03-15_denver-regional#62,2025-03-15_denver-regional,62,"reiner braun // reiner, armored titan",aot01-017,Lyle W Deck,death,2-4-0,2,4,0,2-4-0,2,4,0,0,1,65,10
2025-03-15_denver-regional#63,2025-03-15_denver-regional,63,himiko toga (iii),mha06-001,Denver,chaos,2-5-0,2,5,0,2-5-0,2,5,0,0,1,62,10
2025-03-15_denver-regional#64,2025-03-15_denver-regional,64,"king ghidorah, emperor of the cosmos",cha03krm-001,"King Ghidorah, Emperor",evil,1-3-2,1,3,2,1-3-2,1,3,2,0,1,69,10
2025-03-15_denver-regional#65,2025-03-15_denver-regional,65,"hange zoë, four eyes",aot02-007,Hange's Casino,death,1-4-2,1,4,2,1-4-2,1,4,2,0,1,65,10
2025-03-15_denver-regional#66,2025-03-15_denver-regional,66,"king ghidorah, emperor of the cosmos",cha03krm-001,I'm Going To WIN,void,1-2-2,1,2,2,1-2-2,1,2,2,0,1,76,10
2025-03-15_denver-regional#67,2025-03-15_denver-regional,67,"grog strongjaw, mighty half-giant",cr02-007,Grog-Denver,earth,1-3-1,1,3,1,1-3-1,1,3,1,0,1,69,10
2025-03-15_denver-regional#68,2025-03-15_denver-regional,68,mitchell cimino,promo2025-053,Mitchell Denver 2025,chaos,1-4-1,1,4,1,1-4-1,1,4,1,0,1,65,10
2025-03-15_denver-regional#69,2025-03-15_denver-regional,69,"grog strongjaw, mighty half-giant",cr02-007,Grog,death,1-2-1,1,2,1,1-2-1,1,2,1,0,1,62,10
2025-03-15_denver-regional#70,2025-03-15_denver-regional,70,shoto todoroki (iv),mha06-127,SHOTO Denver,death,1-4-0,1,4,0,1-4-0,1,4,0,0,1,63,10
2025-03-15_denver-regional#71,2025-03-15_denver-regional,71,"caduceus clay, insightful caretaker",cr02-003,Wolfey Deck,life,1-6-0,1,6,0,1-6-0,1,6,0,0,1,70,10
2025-03-15_denver-regional#72,2025-03-15_denver-regional,72,"mollymauk tealeaf, carnival hooligan",cr02-011,EJ L Deck,order,1-3-0,1,3,0,1-3-0,1,3,0,0,1,67,10
2025-03-15_denver-regional#73,2025-03-15_denver-regional,73,ochaco uraraka (iv),mha06-019,Hoolonmike Deck,earth,1-3-0,1,3,0,1-3-0,1,3,0,0,1,69,10
2025-03-15_denver-regional#74,2025-03-15_denver-regional,74,"scanlan shorthalt, devious troubadour",cr02-016,OCEAN’S ELEVEN,chaos,1-3-0,1,3,0,1-3-0,1,3,0,0,1,60,10
2025-03-15_denver-regional#75,2025-03-15_denver-regional,75,"jester lavorre, prankster priestess",crmn-001,Jester Upgrade - My First Deck,chaos,0-4-0 +1 bye,,,,0-4-0,0,4,0,0,1,69,10
2025-03-15_denver-regional#76,2025-03-15_denver-regional,76,"mechagodzilla, bionic menace",cha03krm-002,AJ S Deck,order,1-3-0,1,3,0,1-3-0,1,3,0,0,1,76,10
2025-03-15_denver-regional#77,2025-03-15_denver-regional,77,"ymir // ymir, jaw titan",aot01-020,Liz A Deck,life,0-6-0 +1 bye,,,,0-6-0,0,6,0,0,1,64,10
2025-03-15_denver-regional#78,2025-03-15_denver-regional,78,camie utsushimi (i),mha06-145,Camie Burn,death,1-3-0,1,3,0,1-3-0,1,3,0,0,1,60,10
2025-03-15_denver-regional#79,2025-03-15_denver-regional,79,"reiner braun // reiner, armored titan",aot01-017,Ben M Deck,death,1-3-0,1,3,0,1-3-0,1,3,0,0,1,64,10
2025-03-15_denver-regional#80,2025-03-15_denver-regional,80,"king ghidorah, emperor of the cosmos",cha03krm-001,comrade_furious Deck,void,0-3-0 +1 bye,,,,0-3-0,0,3,0,0,1,69,0
2025-03-15_denver-regional#81,2025-03-15_denver-regional,81,"sam rutherford, devron racer",stk0x-068,Grand Octet,order,0-3-1,0,3,1,0-3-1,0,3,1,0,1,68,10
2025-03-15_denver-regional#82,2025-03-15_denver-regional,82,"grog strongjaw, mighty half-giant",cr02-007,Placid A Deck,earth,0-4-0,0,4,0,0-4-0,0,4,0,0,1,66,10
2025-03-15_denver-regional#83,2025-03-15_denver-regional,83,"pike trickfoot, ferocious priestess",cr02-014,steph :) Deck,life,0-4-0,0,4,0,0-4-0,0,4,0,0,1,67,10
2025-04-19_chelmsford-regional#1,2025-04-19_chelmsford-regional,1,"ymir // ymir, jaw titan",aot01-020,Life gain go brrrrrr,life,4-0-2,4,0,2,7-0-2,7,0,2,1,1,64,10
2025-04-19_chelmsford-regional#2,2025-04-19_chelmsford-regional,2,devil jin,tk801-040,Liam C Deck,chaos,4-0-2,4,0,2,6-1-2,6,1,2,1,1,63,10
2025-04-19_chelmsford-regional#3,2025-04-19_chelmsford-regional,3,"hange zoë, four eyes",aot02-007,"Hange,pickpocket",death,5-1-0,5,1,0,6-2-0,6,2,0,1,1,64,10
2025-04-19_chelmsford-regional#4,2025-04-19_chelmsford-regional,4,"reiner braun // reiner, armored titan",aot01-017,Nathan James Deck,death,4-0-2,4,0,2,5-1-2,5,1,2,1,1,69,10
2025-04-19_chelmsford-regional#5,2025-04-19_chelmsford-regional,5,"rodan, giant monster of the sky",cha03krm-003,Rodaddy,void,4-1-1,4,1,1,4-2-1,4,2,1,1,1,83,10
2025-04-19_chelmsford-regional#6,2025-04-19_chelmsford-regional,6,"rodan, giant monster of the sky",cha03krm-003,Luke Q Deck,void,4-1-1,4,1,1,4-2-1,4,2,1,1,1,99,10
2025-04-19_chelmsford-regional#7,2025-04-19_chelmsford-regional,7,nick ragan,promo2025-052,Nick All,all,4-1-1,4,1,1,4-2-1,4,2,1,1,1,108,10
2025-04-19_chelmsford-regional#8,2025-04-19_chelmsford-regional,8,mitchell cimino,promo2025-053,Matthew B Deck,order,4-1-1,4,1,1,4-2-1,4,2,1,1,1,62,10
2025-04-19_chelmsford-regional#9,2025-04-19_chelmsford-regional,9,devil jin,tk801-040,Kristian S Deck,chaos,4-2-0,4,2,0,4-2-0,4,2,0,0,1,65,10
2025-04-19_chelmsford-regional#10,2025-04-19_chelmsford-regional,10,"king ghidorah, emperor of the cosmos",cha03krm-001,Adam B Deck,evil,4-2-0,4,2,0,4-2-0,4,2,0,0,1,65,10
2025-04-19_chelmsford-regional#11,2025-04-19_chelmsford-regional,11,elder toguro,yyhdt-019,Greg M Deck,death,4-2-0,4,2,0,4-2-0,4,2,0,0,1,78,10
2025-04-19_chelmsford-regional#12,2025-04-19_chelmsford-regional,12,devil jin,tk801-040,Cart Titan,chaos,4-2-0,4,2,0,4-2-0,4,2,0,0,1,61,10
2025-04-19_chelmsford-regional#13,2025-04-19_chelmsford-regional,13,devil jin,tk801-040,RLE 1,chaos,3-1-2,3,1,2,3-1-2,3,1,2,0,1,64,10
2025-04-19_chelmsford-regional#14,2025-04-19_chelmsford-regional,14,toru hagakure (ii),mha07-191,Toru Its 2 airy down there,air,3-1-2,3,1,2,3-1-2,3,1,2,0,1,71,10
2025-04-19_chelmsford-regional#15,2025-04-19_chelmsford-regional,15,big mouth titan,aot01-006,Harry M Deck,fire,3-1-2,3,1,2,3-1-2,3,1,2,0,1,65,10
2025-04-19_chelmsford-regional#16,2025-04-19_chelmsford-regional,16,"taryon darrington, naive creator",cr02-017,Gary Barlow,order,3-1-2,3,1,2,3-1-2,3,1,2,0,1,73,10
2025-04-19_chelmsford-regional#17,2025-04-19_chelmsford-regional,17,devil jin,tk801-040,The magic mushrooms,chaos,3-1-2,3,1,2,3-1-2,3,1,2,0,1,61,10
2025-04-19_chelmsford-regional#18,2025-04-19_chelmsford-regional,18,"rodan, giant monster of the sky",cha03krm-003,Void Rodan,void,3-2-1,3,2,1,3-2-1,3,2,1,0,1,82,10
2025-04-19_chelmsford-regional#19,2025-04-19_chelmsford-regional,19,"rodan, giant monster of the sky",cha03krm-003,It's Morphin Time...Pterodactyl,void,3-2-1,3,2,1,3-2-1,3,2,1,0,1,85,10
2025-04-19_chelmsford-regional#20,2025-04-19_chelmsford-regional,20,"taryon darrington, naive creator",cr02-017,"""Loyalty like that, you can't put a price on it. But, if I had to, I'd say their friendship is worth about 210,000 gold. Which, even to me, is a relatively large amount of money.""",life,3-2-1,3,2,1,3-2-1,3,2,1,0,1,74,10
2025-04-19_chelmsford-regional#21,2025-04-19_chelmsford-regional,21,byakko,yyhdt-162,Earth Byakko,earth,3-2-1,3,2,1,3-2-1,3,2,1,0,1,76,10
2025-04-19_chelmsford-regional#22,2025-04-19_chelmsford-regional,22,mitchell cimino,promo2025-053,Michael r Deck,order,3-2-1,3,2,1,3-2-1,3,2,1,0,1,64,10
2025-04-19_chelmsford-regional#23,2025-04-19_chelmsford-regional,23,byakko,yyhdt-162,Regional Byakko,earth,3-2-1,3,2,1,3-2-1,3,2,1,0,1,67,10
2025-04-19_chelmsford-regional#24,2025-04-19_chelmsford-regional,24,devil jin,tk801-040,Shirtless guy with horns,chaos,2-2-1 +1 bye,,,,2-2-1,2,2,1,0,1,66,10
2025-04-19_chelmsford-regional#25,2025-04-19_chelmsford-regional,25,devil jin,tk801-040,Tax fraud,chaos,3-3-0,3,3,0,3-3-0,3,3,0,0,1,61,0
2025-04-19_chelmsford-regional#26,2025-04-19_chelmsford-regional,26,byakko,yyhdt-162,Jamie M Deck,earth,3-3-0,3,3,0,3-3-0,3,3,0,0,1,71,10
2025-04-19_chelmsford-regional#27,2025-04-19_chelmsford-regional,27,krista lenz,aot01-013,Krista,order,3-3-0,3,3,0,3-3-0,3,3,0,0,1,68,10
2025-04-19_chelmsford-regional#28,2025-04-19_chelmsford-regional,28,"ymir // ymir, jaw titan",aot01-020,AOT YMIR LIFE V6,life,3-3-0,3,3,0,3-3-0,3,3,0,0,1,68,10
2025-04-19_chelmsford-regional#29,2025-04-19_chelmsford-regional,29,"scanlan shorthalt, devious troubadour",cr02-016,Kyle R Deck,order,3-3-0,3,3,0,3-3-0,3,3,0,0,1,62,10
2025-04-19_chelmsford-regional#30,2025-04-19_chelmsford-regional,30,"reiner braun, warrior // reiner, armored titan advancing",aot02-013,Brandon Hart Deck,fire,2-1-3,2,1,3,2-1-3,2,1,3,0,1,78,10
2025-04-19_chelmsford-regional#31,2025-04-19_chelmsford-regional,31,himiko toga (iii),mha06-001,Jimmy M Deck,chaos,3-3-0,3,3,0,3-3-0,3,3,0,0,1,76,10
2025-04-19_chelmsford-regional#32,2025-04-19_chelmsford-regional,32,"izuku midoriya, on the move // izuku midoriya, quirks unleashed",mha08-001,Catch These Hands,life,3-3-0,3,3,0,3-3-0,3,3,0,0,1,70,10
2025-04-19_chelmsford-regional#33,2025-04-19_chelmsford-regional,33,overhaul (i),mha05-019,A real gentleman's classic,earth,3-3-0,3,3,0,3-3-0,3,3,0,0,1,71,10
2025-04-19_chelmsford-regional#34,2025-04-19_chelmsford-regional,34,mitchell cimino,promo2025-053,Dan A Deck,order,2-1-3,2,1,3,2-1-3,2,1,3,0,1,64,10
2025-04-19_chelmsford-regional#35,2025-04-19_chelmsford-regional,35,mitchell cimino,promo2025-053,"Dr said no stress this weekend, this deck builder on the phone didn't help. Hire Matt",chaos,2-2-2,2,2,2,2-2-2,2,2,2,0,1,67,10
2025-04-19_chelmsford-regional#36,2025-04-19_chelmsford-regional,36,"grog strongjaw, mighty half-giant",cr02-007,Grog,earth,2-2-2,2,2,2,2-2-2,2,2,2,0,1,68,10
2025-04-19_chelmsford-regional#37,2025-04-19_chelmsford-regional,37,tsuyu asui (iii),mha06-136,Slime is Dangerous,water,2-3-1,2,3,1,2-3-1,2,3,1,0,1,64,10
2025-04-19_chelmsford-regional#38,2025-04-19_chelmsford-regional,38,"grog strongjaw, mighty half-giant",cr02-007,Andrew D Deck,earth,2-3-1,2,3,1,2-3-1,2,3,1,0,1,60,10
2025-04-19_chelmsford-regional#39,2025-04-19_chelmsford-regional,39,"yasha nydoorin, orphanmaker",cr02-020,Yasar A Deck,void,2-3-1,2,3,1,2-3-1,2,3,1,0,1,71,10
2025-04-19_chelmsford-regional#40,2025-04-19_chelmsford-regional,40,"grog strongjaw, mighty half-giant",cr02-007,Furious George,earth,2-3-1,2,3,1,2-3-1,2,3,1,0,1,67,10
2025-04-19_chelmsford-regional#41,2025-04-19_chelmsford-regional,41,"rodan, giant monster of the sky",cha03krm-003,Rodan,void,2-4-0,2,4,0,2-4-0,2,4,0,0,1,75,10
2025-04-19_chelmsford-regional#42,2025-04-19_chelmsford-regional,42,"vax’ildan, dagger master",cr02-018,Dagger Vax,air,2-4-0,2,4,0,2-4-0,2,4,0,0,1,60,10
2025-04-19_chelmsford-regional#43,2025-04-19_chelmsford-regional,43,sir nighteye (i),mha05-082,Sir Nighteye (Order),order,1-4-0 +1 bye,,,,1-4-0,1,4,0,0,1,66,10
2025-04-19_chelmsford-regional#44,2025-04-19_chelmsford-regional,44,"grog strongjaw, mighty half-giant",cr02-007,Not Kratos,earth,2-4-0,2,4,0,2-4-0,2,4,0,0,1,60,10
2025-04-19_chelmsford-regional#45,2025-04-19_chelmsford-regional,45,"kenny ackerman, the ripper",aot02-010,Chicken Ripper,chaos,2-4-0,2,4,0,2-4-0,2,4,0,0,1,66,10
2025-04-19_chelmsford-regional#46,2025-04-19_chelmsford-regional,46,himiko toga (iii),mha06-001,Alexandra Turek Deck,chaos,2-4-0,2,4,0,2-4-0,2,4,0,0,1,63,0
2025-04-19_chelmsford-regional#47,2025-04-19_chelmsford-regional,47,"grog strongjaw, mighty half-giant",cr02-007,I Have an Intelligence of 6,death,1-2-3,1,2,3,1-2-3,1,2,3,0,1,65,10
2025-04-19_chelmsford-regional#48,2025-04-19_chelmsford-regional,48,levi ackerman,aot01-014,Levi Ackerman - Shadow Monarch,death,1-2-3,1,2,3,1-2-3,1,2,3,0,1,66,10
2025-04-19_chelmsford-regional#49,2025-04-19_chelmsford-regional,49,mirko,mha07-046,Dimitris P Deck,air,1-2-3,1,2,3,1-2-3,1,2,3,0,1,68,0
2025-04-19_chelmsford-regional#50,2025-04-19_chelmsford-regional,50,suzuki,yyhdt-109,Clowning Around,all,2-4-0,2,4,0,2-4-0,2,4,0,0,1,68,10
2025-04-19_chelmsford-regional#51,2025-04-19_chelmsford-regional,51,nicholas d. wolfwood,ts01-002,Lone Nightquill Deck,death,1-4-0 +1 bye,,,,1-4-0,1,4,0,0,1,82,0
2025-04-19_chelmsford-regional#52,2025-04-19_chelmsford-regional,52,elder toguro,yyhdt-019,Crystalix Deck,life,1-2-3,1,2,3,1-2-3,1,2,3,0,1,67,10
2025-04-19_chelmsford-regional#53,2025-04-19_chelmsford-regional,53,"pumat sol, magical proprietor",cr02-015,Im Blue,chaos,1-4-1,1,4,1,1-4-1,1,4,1,0,1,79,10
2025-04-19_chelmsford-regional#54,2025-04-19_chelmsford-regional,54,"caleb widogast, fiery transmuter",cr02-004,Matt N Deck,chaos,0-4-1 +1 bye,,,,0-4-1,0,4,1,0,1,73,0
2025-04-19_chelmsford-regional#55,2025-04-19_chelmsford-regional,55,"izuku midoriya, on the move // izuku midoriya, quirks unleashed",mha08-001,Aled W Deck,life,1-4-1,1,4,1,1-4-1,1,4,1,0,1,71,10
2025-04-19_chelmsford-regional#56,2025-04-19_chelmsford-regional,56,himiko toga (iii),mha06-001,KYLE H Deck,death,1-5-0,1,5,0,1-5-0,1,5,0,0,1,64,0
2025-04-19_chelmsford-regional#57,2025-04-19_chelmsford-regional,57,"sung jinwoo, e rank hunter",sl01-001,ALISTAIR D Deck,death,1-5-0,1,5,0,1-5-0,1,5,0,0,1,67,0
2025-04-19_chelmsford-regional#58,2025-04-19_chelmsford-regional,58,elder toguro,yyhdt-019,,evil,0-5-0 +1 bye,,,,0-5-0,0,5,0,0,1,91,0
2025-04-19_chelmsford-regional#59,2025-04-19_chelmsford-regional,59,"mollymauk tealeaf, carnival hooligan",cr02-011,“I am your God”,death,0-5-0 +1 bye,,,,0-5-0,0,5,0,0,1,72,10
2025-05-17_albuquerque-regional#1,2025-05-17_albuquerque-regional,1,"king ghidorah, emperor of the cosmos",cha03krm-001,You Don’t Wanna Know,evil,5-1-1,5,1,1,8-1-1,8,1,1,1,1,82,10
2025-05-17_albuquerque-regional#2,2025-05-17_albuquerque-regional,2,"rodan, giant monster of the sky",cha03krm-003,Travis T Deck,void,5-1-1,5,1,1,7-2-1,7,2,1,1,1,78,10
2025-05-17_albuquerque-regional#3,2025-05-17_albuquerque-regional,3,"godzilla, king of the monsters",cha03gmm-001,Gameciel,chaos,5-0-2,5,0,2,6-1-2,6,1,2,1,1,60,10
2025-05-17_albuquerque-regional#4,2025-05-17_albuquerque-regional,4,nick ragan,promo2025-052,If you check bad it's just your fault!,air,5-1-1,5,1,1,6-2-1,6,2,1,1,1,116,10
2025-05-17_albuquerque-regional#5,2025-05-17_albuquerque-regional,5,nick ragan,promo2025-052,Air Nick v2,air,6-0-1,6,0,1,6-1-1,6,1,1,1,1,116,10
2025-05-17_albuquerque-regional#6,2025-05-17_albuquerque-regional,6,"reiner braun, warrior // reiner, armored titan advancing",aot02-013,Kameron Caldwell Deck,chaos,5-1-1,5,1,1,5-2-1,5,2,1,1,1,69,10
2025-05-17_albuquerque-regional#7,2025-05-17_albuquerque-regional,7,nick ragan,promo2025-052,Carson P Deck,air,5-1-1,5,1,1,5-2-1,5,2,1,1,1,125,10
2025-05-17_albuquerque-regional#8,2025-05-17_albuquerque-regional,8,devil jin,tk801-040,Devil Jin,chaos,5-1-1,5,1,1,5-2-1,5,2,1,1,1,63,10
2025-05-17_albuquerque-regional#9,2025-05-17_albuquerque-regional,9,"godzilla, king of the monsters",cha03gmm-001,Godzilla Shifting Kaiju,chaos,5-2-0,5,2,0,5-2-0,5,2,0,0,1,70,0
2025-05-17_albuquerque-regional#10,2025-05-17_albuquerque-regional,10,nick ragan,promo2025-052,Nick ragan,all,5-2-0,5,2,0,5-2-0,5,2,0,0,1,109,10
2025-05-17_albuquerque-regional#11,2025-05-17_albuquerque-regional,11,ochaco uraraka (iv),mha06-019,Dayton Steger Deck,water,5-2-0,5,2,0,5-2-0,5,2,0,0,1,66,10
2025-05-17_albuquerque-regional#12,2025-05-17_albuquerque-regional,12,"d'vana tendi, eager science officer",stk0x-045,Cayden G Deck,life,5-2-0,5,2,0,5-2-0,5,2,0,0,1,60,10
2025-05-17_albuquerque-regional#13,2025-05-17_albuquerque-regional,13,nick ragan,promo2025-052,Alb,air,5-2-0,5,2,0,5-2-0,5,2,0,0,1,109,10
2025-05-17_albuquerque-regional#14,2025-05-17_albuquerque-regional,14,"izuku midoriya, on the move // izuku midoriya, quirks unleashed",mha08-001,Deku the GOAT,air,4-1-2,4,1,2,4-1-2,4,1,2,0,1,67,10
2025-05-17_albuquerque-regional#15,2025-05-17_albuquerque-regional,15,elder toguro,yyhdt-019,Samuel Taguro,evil,4-2-1,4,2,1,4-2-1,4,2,1,0,1,73,10
2025-05-17_albuquerque-regional#16,2025-05-17_albuquerque-regional,16,"king ghidorah, emperor of the cosmos",cha03krm-001,Matthew A Regional Deck,void,4-2-1,4,2,1,4-2-1,4,2,1,0,1,68,10
2025-05-17_albuquerque-regional#17,2025-05-17_albuquerque-regional,17,nick ragan,promo2025-052,ABQ,all,4-2-1,4,2,1,4-2-1,4,2,1,0,1,113,10
2025-05-17_albuquerque-regional#18,2025-05-17_albuquerque-regional,18,"king ghidorah, emperor of the cosmos",cha03krm-001,Void KG,void,4-2-1,4,2,1,4-2-1,4,2,1,0,1,75,10
2025-05-17_albuquerque-regional#19,2025-05-17_albuquerque-regional,19,"king ghidorah, emperor of the cosmos",cha03krm-001,KBD,evil,4-2-1,4,2,1,4-2-1,4,2,1,0,1,73,10
2025-05-17_albuquerque-regional#20,2025-05-17_albuquerque-regional,20,"godzilla, king of the monsters",cha03gmm-001,Godzilla 🤷🏾‍♂️,chaos,4-2-1,4,2,1,4-2-1,4,2,1,0,1,60,10
2025-05-17_albuquerque-regional#21,2025-05-17_albuquerque-regional,21,mirko,mha07-046,Frankensino,fire,4-2-1,4,2,1,4-2-1,4,2,1,0,1,66,10
2025-05-17_albuquerque-regional#22,2025-05-17_albuquerque-regional,22,"hange zoë, four eyes",aot02-007,Jett K Deck,death,4-2-1,4,2,1,4-2-1,4,2,1,0,1,65,10
2025-05-17_albuquerque-regional#23,2025-05-17_albuquerque-regional,23,"erwin smith, 13th commander of the survey corps",aot01-009,Jacob J Deck,death,4-2-1,4,2,1,4-2-1,4,2,1,0,1,72,10
2025-05-17_albuquerque-regional#24,2025-05-17_albuquerque-regional,24,smiling titan,aot01-019,Justin Burch Deck,death,4-2-1,4,2,1,4-2-1,4,2,1,0,1,69,10
2025-05-17_albuquerque-regional#25,2025-05-17_albuquerque-regional,25,"reiner braun // reiner, armored titan",aot01-017,Jack Large Deck,death,4-2-1,4,2,1,4-2-1,4,2,1,0,1,72,10
2025-05-17_albuquerque-regional#26,2025-05-17_albuquerque-regional,26,pony tsunotori,mha07-098,Pink Pony Girl,earth,4-2-1,4,2,1,4-2-1,4,2,1,0,1,65,10
2025-05-17_albuquerque-regional#27,2025-05-17_albuquerque-regional,27,"rodan, giant monster of the sky",cha03krm-003,I got the cards so imma use em,void,4-3-0,4,3,0,4-3-0,4,3,0,0,1,82,10
2025-05-17_albuquerque-regional#28,2025-05-17_albuquerque-regional,28,"taryon darrington, naive creator",cr02-017,DRUM GO DUM,life,4-3-0,4,3,0,4-3-0,4,3,0,0,1,74,10
2025-05-17_albuquerque-regional#29,2025-05-17_albuquerque-regional,29,nick ragan,promo2025-052,Alb Regional,all,4-3-0,4,3,0,4-3-0,4,3,0,0,1,104,10
2025-05-17_albuquerque-regional#30,2025-05-17_albuquerque-regional,30,"izuku midoriya, on the move // izuku midoriya, quirks unleashed",mha08-001,Logyn S Deck,good,4-3-0,4,3,0,4-3-0,4,3,0,0,1,75,10
2025-05-17_albuquerque-regional#31,2025-05-17_albuquerque-regional,31,"godzilla, king of the monsters",cha03gmm-001,Godzilla,chaos,4-3-0,4,3,0,4-3-0,4,3,0,0,1,65,10
2025-05-17_albuquerque-regional#32,2025-05-17_albuquerque-regional,32,nick ragan,promo2025-052,ABQ,air,4-3-0,4,3,0,4-3-0,4,3,0,0,1,116,10
2025-05-17_albuquerque-regional#33,2025-05-17_albuquerque-regional,33,"izuku midoriya, on the move // izuku midoriya, quirks unleashed",mha08-001,Mitchell on Air,air,4-3-0,4,3,0,4-3-0,4,3,0,0,1,66,10
2025-05-17_albuquerque-regional#34,2025-05-17_albuquerque-regional,34,"izuku midoriya, on the move // izuku midoriya, quirks unleashed",mha08-001,Garett B Deck,air,4-3-0,4,3,0,4-3-0,4,3,0,0,1,68,10
2025-05-17_albuquerque-regional#35,2025-05-17_albuquerque-regional,35,mt. lady (ii),mha07-064,Mt. Lady 2 New Mexico,earth,4-3-0,4,3,0,4-3-0,4,3,0,0,1,69,10
2025-05-17_albuquerque-regional#36,2025-05-17_albuquerque-regional,36,nick ragan,promo2025-052,Cristos  Deck,air,3-2-2,3,2,2,3-2-2,3,2,2,0,1,127,10
2025-05-17_albuquerque-regional#37,2025-05-17_albuquerque-regional,37,"king ghidorah, emperor of the cosmos",cha03krm-001,KG NM,evil,3-2-2,3,2,2,3-2-2,3,2,2,0,1,77,10
2025-05-17_albuquerque-regional#38,2025-05-17_albuquerque-regional,38,"reiner braun // reiner, armored titan",aot01-017,Look Mom no Lands,death,3-3-1,3,3,1,3-3-1,3,3,1,0,1,69,10
2025-05-17_albuquerque-regional#39,2025-05-17_albuquerque-regional,39,devil jin,tk801-040,Devil Jin ABQ,chaos,3-3-1,3,3,1,3-3-1,3,3,1,0,1,60,10
2025-05-17_albuquerque-regional#40,2025-05-17_albuquerque-regional,40,"reiner braun // reiner, armored titan",aot01-017,Carlos F Deck regional,death,3-3-1,3,3,1,3-3-1,3,3,1,0,1,64,10
2025-05-17_albuquerque-regional#41,2025-05-17_albuquerque-regional,41,"godzilla, king of the monsters",cha03gmm-001,The New Mexico Zilla,chaos,3-3-1,3,3,1,3-3-1,3,3,1,0,1,60,10
2025-05-17_albuquerque-regional#42,2025-05-17_albuquerque-regional,42,"annie leonhart // annie, female titan",aot01-001,Annie C,chaos,3-3-1,3,3,1,3-3-1,3,3,1,0,1,72,10
2025-05-17_albuquerque-regional#43,2025-05-17_albuquerque-regional,43,pony tsunotori,mha07-098,Rampage Pony,earth,3-3-1,3,3,1,3-3-1,3,3,1,0,1,63,10
2025-05-17_albuquerque-regional#44,2025-05-17_albuquerque-regional,44,"rodan, giant monster of the sky",cha03krm-003,Rodan Albuquerque Regionals,void,3-4-0,3,4,0,3-4-0,3,4,0,0,1,88,10
2025-05-17_albuquerque-regional#45,2025-05-17_albuquerque-regional,45,nick ragan,promo2025-052,Air Nick Ragan,air,3-4-0,3,4,0,3-4-0,3,4,0,0,1,116,10
2025-05-17_albuquerque-regional#46,2025-05-17_albuquerque-regional,46,pony tsunotori,mha07-098,Jonathon B Deck,air,3-4-0,3,4,0,3-4-0,3,4,0,0,1,68,10
2025-05-17_albuquerque-regional#47,2025-05-17_albuquerque-regional,47,edgeshot (i),mha06-146,Edgeshot Worlds 24,void,3-4-0,3,4,0,3-4-0,3,4,0,0,1,60,10
2025-05-17_albuquerque-regional#48,2025-05-17_albuquerque-regional,48,smiling titan,aot01-019,Samuel O Deck,death,3-3-0,3,3,0,3-3-0,3,3,0,0,1,69,10
2025-05-17_albuquerque-regional#49,2025-05-17_albuquerque-regional,49,devil jin,tk801-040,Jordanimo Deck,chaos,3-4-0,3,4,0,3-4-0,3,4,0,0,1,70,10
2025-05-17_albuquerque-regional#50,2025-05-17_albuquerque-regional,50,"rodan, giant monster of the sky",cha03krm-003,Void Rodan V5.2,void,3-4-0,3,4,0,3-4-0,3,4,0,0,1,85,10
2025-05-17_albuquerque-regional#51,2025-05-17_albuquerque-regional,51,pony tsunotori,mha07-098,Pony Tsunotori [Albuquerque],earth,3-4-0,3,4,0,3-4-0,3,4,0,0,1,60,10
2025-05-17_albuquerque-regional#52,2025-05-17_albuquerque-regional,52,"izuku midoriya, on the move // izuku midoriya, quirks unleashed",mha08-001,Deku ABQ,good,2-2-3,2,2,3,2-2-3,2,2,3,0,1,69,10
2025-05-17_albuquerque-regional#53,2025-05-17_albuquerque-regional,53,pony tsunotori,mha07-098,Edgar's Pony,earth,3-4-0,3,4,0,3-4-0,3,4,0,0,1,60,10
2025-05-17_albuquerque-regional#54,2025-05-17_albuquerque-regional,54,"godzilla, king of the monsters",cha03gmm-001,Bill Evans - Godzilla Chaos,chaos,3-4-0,3,4,0,3-4-0,3,4,0,0,1,60,10
2025-05-17_albuquerque-regional#55,2025-05-17_albuquerque-regional,55,"king ghidorah, emperor of the cosmos",cha03krm-001,Ryan F Deck,void,2-3-2,2,3,2,2-3-2,2,3,2,0,1,71,10
2025-05-17_albuquerque-regional#56,2025-05-17_albuquerque-regional,56,"rodan, giant monster of the sky",cha03krm-003,Rodussy,void,2-3-2,2,3,2,2-3-2,2,3,2,0,1,78,10
2025-05-17_albuquerque-regional#57,2025-05-17_albuquerque-regional,57,elder toguro,yyhdt-019,This one’s for Kyle,death,2-3-1,2,3,1,2-3-1,2,3,1,0,1,70,10
2025-05-17_albuquerque-regional#58,2025-05-17_albuquerque-regional,58,"hange zoë, four eyes",aot02-007,Angela W Deck,death,2-4-1,2,4,1,2-4-1,2,4,1,0,1,70,10
2025-05-17_albuquerque-regional#59,2025-05-17_albuquerque-regional,59,"reiner braun, warrior // reiner, armored titan advancing",aot02-013,Jam Deck,fire,2-4-1,2,4,1,2-4-1,2,4,1,0,1,71,10
2025-05-17_albuquerque-regional#60,2025-05-17_albuquerque-regional,60,"grog strongjaw, mighty half-giant",cr02-007,Buddies!!!,earth,2-4-1,2,4,1,2-4-1,2,4,1,0,1,60,10
2025-05-17_albuquerque-regional#61,2025-05-17_albuquerque-regional,61,"reiner braun, warrior // reiner, armored titan advancing",aot02-013,Reiner Brawn Warrior (Chaos),chaos,2-4-1,2,4,1,2-4-1,2,4,1,0,1,74,10
2025-05-17_albuquerque-regional#62,2025-05-17_albuquerque-regional,62,genkai,yyhdt-028,Genkai all,all,2-4-1,2,4,1,2-4-1,2,4,1,0,1,62,10
2025-05-17_albuquerque-regional#63,2025-05-17_albuquerque-regional,63,hawks (i),mha06-073,“You don’t get to tell me that I was unlucky” - Jin Bubaigawara,order,2-4-0,2,4,0,2-4-0,2,4,0,0,1,67,10
2025-05-17_albuquerque-regional#64,2025-05-17_albuquerque-regional,64,krista lenz,aot01-013,Krista Lenz Albaquerque?,order,2-4-0,2,4,0,2-4-0,2,4,0,0,1,62,10
2025-05-17_albuquerque-regional#65,2025-05-17_albuquerque-regional,65,"erwin smith, 13th commander of the survey corps",aot01-009,Erwin NM,order,2-5-0,2,5,0,2-5-0,2,5,0,0,1,67,10
2025-05-17_albuquerque-regional#66,2025-05-17_albuquerque-regional,66,"godzilla, king of the monsters",cha03gmm-001,Logan Evans - Godzilla Chaos - Deck,chaos,2-3-0,2,3,0,2-3-0,2,3,0,0,1,60,0
2025-05-17_albuquerque-regional#67,2025-05-17_albuquerque-regional,67,"vax’ildan, dagger master",cr02-018,Air Vax 2,air,2-5-0,2,5,0,2-5-0,2,5,0,0,1,65,10
2025-05-17_albuquerque-regional#68,2025-05-17_albuquerque-regional,68,devil jin,tk801-040,Myles M Deck,chaos,1-5-0 +1 bye,,,,1-5-0,1,5,0,0,1,63,10
2025-05-17_albuquerque-regional#69,2025-05-17_albuquerque-regional,69,jin,yyhdt-046,Wrong Jin,void,1-4-2,1,4,2,1-4-2,1,4,2,0,1,65,10
2025-05-17_albuquerque-regional#70,2025-05-17_albuquerque-regional,70,"pike trickfoot, ferocious priestess",cr02-014,Joshua V Deck,life,0-4-2 +1 bye,,,,0-4-2,0,4,2,0,1,64,10
2025-05-17_albuquerque-regional#71,2025-05-17_albuquerque-regional,71,"jean kirstein, dependable competitor",aot02-009,Armani R Deck,fire,1-3-1,1,3,1,1-3-1,1,3,1,0,1,63,0
2025-05-17_albuquerque-regional#72,2025-05-17_albuquerque-regional,72,himiko toga (iii),mha06-001,Albuquerque,chaos,1-5-1,1,5,1,1-5-1,1,5,1,0,1,62,0
2025-05-17_albuquerque-regional#73,2025-05-17_albuquerque-regional,73,"king ghidorah, emperor of the cosmos",cha03krm-001,Ashton J Deck,evil,1-3-0,1,3,0,1-3-0,1,3,0,0,1,71,10
2025-05-17_albuquerque-regional#74,2025-05-17_albuquerque-regional,74,hannes,aot01-011,Hannes Albuquerque Regional 2025,order,1-3-0,1,3,0,1-3-0,1,3,0,0,1,60,10
2025-05-17_albuquerque-regional#75,2025-05-17_albuquerque-regional,75,endeavor (iii),mha06-055,Ethan B Deck,fire,1-4-0,1,4,0,1-4-0,1,4,0,0,1,60,0
2025-05-17_albuquerque-regional#76,2025-05-17_albuquerque-regional,76,"reiner braun, warrior // reiner, armored titan advancing",aot02-013,"Reiner Braun, Warrior",chaos,1-3-0,1,3,0,1-3-0,1,3,0,0,1,60,0
2025-05-17_albuquerque-regional#77,2025-05-17_albuquerque-regional,77,"taryon darrington, naive creator",cr02-017,Taryon (ABQ),order,1-4-0,1,4,0,1-4-0,1,4,0,0,1,70,10
2025-05-17_albuquerque-regional#78,2025-05-17_albuquerque-regional,78,"yusuke, team leader",yyhdt-136,Fun at ABQ,good,1-3-0,1,3,0,1-3-0,1,3,0,0,1,70,10
2025-05-17_albuquerque-regional#79,2025-05-17_albuquerque-regional,79,"godzilla, king of the monsters",cha03gmm-001,mohawkmike Deck,earth,0-6-0 +1 bye,,,,0-6-0,0,6,0,0,1,60,0
2025-05-17_albuquerque-regional#80,2025-05-17_albuquerque-regional,80,"king ghidorah, emperor of the cosmos",cha03krm-001,King G - Death,death,0-3-0 +1 bye,,,,0-3-0,0,3,0,0,1,68,10
2025-05-17_albuquerque-regional#81,2025-05-17_albuquerque-regional,81,"godzilla, king of the monsters",cha03gmm-001,Anna M Deck,earth,0-1-2,0,1,2,0-1-2,0,1,2,0,1,68,0
2025-05-17_albuquerque-regional#82,2025-05-17_albuquerque-regional,82,"ymir // ymir, jaw titan",aot01-020,BROBERG Deck,life,0-2-1,0,2,1,0-2-1,0,2,1,0,1,60,10
2025-05-17_albuquerque-regional#83,2025-05-17_albuquerque-regional,83,"taryon darrington, naive creator",cr02-017,Kevin C Deck,life,0-3-1,0,3,1,0-3-1,0,3,1,0,1,68,0
2025-05-17_albuquerque-regional#84,2025-05-17_albuquerque-regional,84,"grog strongjaw, mighty half-giant",cr02-007,Grog Takes You To ABBQ,earth,0-2-0,0,2,0,0-2-0,0,2,0,0,1,66,10
2025-05-17_albuquerque-regional#85,2025-05-17_albuquerque-regional,85,"reiner braun, warrior // reiner, armored titan advancing",aot02-013,Reiner does Albuquerque,fire,0-4-0,0,4,0,0-4-0,0,4,0,0,1,70,10
2025-05-17_albuquerque-regional#86,2025-05-17_albuquerque-regional,86,nick ragan,promo2025-052,Nick NM,all,0-3-0,0,3,0,0-3-0,0,3,0,0,1,111,10
2025-05-31_melbourne-regional#1,2025-05-31_melbourne-regional,1,"pieck finger, panzer unit cartman // cart titan, finale",aot03-011,"Go, Do a Crime",death,4-0-2,4,0,2,7-0-2,7,0,2,1,1,70,10
2025-05-31_melbourne-regional#2,2025-05-31_melbourne-regional,2,katsuki bakugo (iv),mha06-100,Phoenix Deck,death,4-2-0,4,2,0,6-3-0,6,3,0,1,1,65,10
2025-05-31_melbourne-regional#3,2025-05-31_melbourne-regional,3,pony tsunotori,mha07-098,Alex G (Kumiho) Deck,earth,4-1-1,4,1,1,5-2-1,5,2,1,1,1,62,10
2025-05-31_melbourne-regional#4,2025-05-31_melbourne-regional,4,"pieck finger, panzer unit cartman // cart titan, finale",aot03-011,Aidan G Deck,order,4-1-1,4,1,1,5-2-1,5,2,1,1,1,71,10
2025-05-31_melbourne-regional#5,2025-05-31_melbourne-regional,5,byakko,yyhdt-162,Sam T Deck,earth,5-0-1,5,0,1,5-1-1,5,1,1,1,1,108,10
2025-05-31_melbourne-regional#6,2025-05-31_melbourne-regional,6,"pieck finger, panzer unit cartman // cart titan, finale",aot03-011,Pieck finger,death,4-1-1,4,1,1,4-2-1,4,2,1,1,1,70,10
2025-05-31_melbourne-regional#7,2025-05-31_melbourne-regional,7,"reiner braun, warrior // reiner, armored titan advancing",aot02-013,"Quirked up Reiner list, with the sauce",chaos,4-1-1,4,1,1,4-2-1,4,2,1,1,1,77,10
2025-05-31_melbourne-regional#8,2025-05-31_melbourne-regional,8,nick ragan,promo2025-052,Reed  Deck,air,4-2-0,4,2,0,4-3-0,4,3,0,1,1,86,10
2025-05-31_melbourne-regional#9,2025-05-31_melbourne-regional,9,byakko,yyhdt-162,Storlax Deck,earth,4-2-0,4,2,0,4-2-0,4,2,0,0,1,82,10
2025-05-31_melbourne-regional#10,2025-05-31_melbourne-regional,10,devil jin,tk801-040,D-Evil Jin,evil,4-2-0,4,2,0,4-2-0,4,2,0,0,1,64,10
2025-05-31_melbourne-regional#11,2025-05-31_melbourne-regional,11,"godzilla, king of the monsters",cha03gmm-001,Low-Zilla,chaos,3-0-3,3,0,3,3-0-3,3,0,3,0,1,63,10
2025-05-31_melbourne-regional#12,2025-05-31_melbourne-regional,12,"pieck finger, panzer unit cartman // cart titan, finale",aot03-011,Send Horse Piecks,death,4-2-0,4,2,0,4-2-0,4,2,0,0,1,70,10
2025-05-31_melbourne-regional#13,2025-05-31_melbourne-regional,13,hange zoë,aot01-010,Hange Life,life,3-2-1,3,2,1,3-2-1,3,2,1,0,1,62,10
2025-05-31_melbourne-regional#14,2025-05-31_melbourne-regional,14,hange zoë,aot01-010,Hange 1,life,3-2-1,3,2,1,3-2-1,3,2,1,0,1,77,10
2025-05-31_melbourne-regional#15,2025-05-31_melbourne-regional,15,"spike, bounty hunter",cb02-001,Te Koha S Deck,water,3-2-1,3,2,1,3-2-1,3,2,1,0,1,75,10
2025-05-31_melbourne-regional#16,2025-05-31_melbourne-regional,16,"eren yeager, usurper // attack titan, finale",aot03-004,Devil Jin Deck,fire,3-2-1,3,2,1,3-2-1,3,2,1,0,1,61,10
2025-05-31_melbourne-regional#17,2025-05-31_melbourne-regional,17,"godzilla, king of the monsters",cha03gmm-001,Connor R Deck,chaos,3-3-0,3,3,0,3-3-0,3,3,0,0,1,69,10
2025-05-31_melbourne-regional#18,2025-05-31_melbourne-regional,18,"pieck finger, panzer unit cartman // cart titan, finale",aot03-011,25 Melbourne Regional Pieck1Death,death,3-3-0,3,3,0,3-3-0,3,3,0,0,1,67,10
2025-05-31_melbourne-regional#19,2025-05-31_melbourne-regional,19,"pieck finger, panzer unit cartman // cart titan, finale",aot03-011,Mesugaki,death,3-3-0,3,3,0,3-3-0,3,3,0,0,1,71,10
2025-05-31_melbourne-regional#20,2025-05-31_melbourne-regional,20,devil jin,tk801-040,Free J,chaos,3-3-0,3,3,0,3-3-0,3,3,0,0,1,66,10
2025-05-31_melbourne-regional#21,2025-05-31_melbourne-regional,21,himiko toga (iii),mha06-001,Cube's Toga III Deck,chaos,3-3-0,3,3,0,3-3-0,3,3,0,0,1,64,0
2025-05-31_melbourne-regional#22,2025-05-31_melbourne-regional,22,"armin arlert, power of the colossus // colossus titan, finale",aot03-002,Do a flip,fire,2-3-0 +1 bye,,,,2-3-0,2,3,0,0,1,62,10
2025-05-31_melbourne-regional#23,2025-05-31_melbourne-regional,23,"godzilla, king of the monsters",cha03gmm-001,Godzilla 05/25,water,3-3-0,3,3,0,3-3-0,3,3,0,0,1,68,10
2025-05-31_melbourne-regional#24,2025-05-31_melbourne-regional,24,"nott the brave, chaotic meddler",cr02-012,Nott today Satan,chaos,3-3-0,3,3,0,3-3-0,3,3,0,0,1,60,10
2025-05-31_melbourne-regional#25,2025-05-31_melbourne-regional,25,"vax’ildan, dagger master",cr02-018,Maddy P Deck,death,2-3-0 +1 bye,,,,2-3-0,2,3,0,0,1,61,0
2025-05-31_melbourne-regional#26,2025-05-31_melbourne-regional,26,beast titan,aot01-004,Josh T Deck,death,2-3-1,2,3,1,2-3-1,2,3,1,0,1,70,10
2025-05-31_melbourne-regional#27,2025-05-31_melbourne-regional,27,"grog strongjaw, mighty half-giant",cr02-007,Mark P Deck,earth,2-3-1,2,3,1,2-3-1,2,3,1,0,1,71,10
2025-05-31_melbourne-regional#28,2025-05-31_melbourne-regional,28,"godzilla, king of the monsters",cha03gmm-001,earth Godzilla,earth,2-3-1,2,3,1,2-3-1,2,3,1,0,1,66,10
2025-05-31_melbourne-regional#29,2025-05-31_melbourne-regional,29,"godzilla, king of the monsters",cha03gmm-001,godzilla,chaos,2-4-0,2,4,0,2-4-0,2,4,0,0,1,70,10
2025-05-31_melbourne-regional#30,2025-05-31_melbourne-regional,30,"nott the brave, chaotic meddler",cr02-012,Jye W Deck,chaos,2-4-0,2,4,0,2-4-0,2,4,0,0,1,69,10
2025-05-31_melbourne-regional#31,2025-05-31_melbourne-regional,31,"erwin smith, 13th commander of the survey corps",aot01-009,Kai Deck,death,2-4-0,2,4,0,2-4-0,2,4,0,0,1,74,10
2025-05-31_melbourne-regional#32,2025-05-31_melbourne-regional,32,spinner (i),mha04-082,Spinner Order,order,1-2-3,1,2,3,1-2-3,1,2,3,0,1,66,10
2025-05-31_melbourne-regional#33,2025-05-31_melbourne-regional,33,mikasa ackerman,aot01-016,Trash,air,2-4-0,2,4,0,2-4-0,2,4,0,0,1,65,10
2025-05-31_melbourne-regional#34,2025-05-31_melbourne-regional,34,"annie leonhart, awakened // female titan, finale",aot03-001,Tristan A Deck,chaos,2-4-0,2,4,0,2-4-0,2,4,0,0,1,68,0
2025-05-31_melbourne-regional#35,2025-05-31_melbourne-regional,35,"yasha nydoorin, orphanmaker",cr02-020,Grum regional yasha,void,1-4-0 +1 bye,,,,1-4-0,1,4,0,0,1,74,10
2025-05-31_melbourne-regional#36,2025-05-31_melbourne-regional,36,himiko toga (iii),mha06-001,Toga 3,chaos,1-5-0,1,5,0,1-5-0,1,5,0,0,1,63,10
2025-05-31_melbourne-regional#37,2025-05-31_melbourne-regional,37,"zeke yeager // zeke, beast titan",aot02-015,Zekie Boi Deck,life,0-5-0 +1 bye,,,,0-5-0,0,5,0,0,1,78,0
2025-05-31_melbourne-regional#38,2025-05-31_melbourne-regional,38,kinoko komori,mha07-082,Throwing Shrooms! V3,water,0-5-0 +1 bye,,,,0-5-0,0,5,0,0,1,78,10
2025-05-31_melbourne-regional#39,2025-05-31_melbourne-regional,39,"caleb widogast, fiery transmuter",cr02-004,Steve Deck,chaos,0-5-0,0,5,0,0-5-0,0,5,0,0,1,71,10
2025-07-19_louisville-regional#1,2025-07-19_louisville-regional,1,"zeke yeager, warchief",aot03-015,Louisville slugger,life,6-1-1,6,1,1,10-1-1,10,1,1,1,1,70,10
2025-07-19_louisville-regional#2,2025-07-19_louisville-regional,2,"zeke yeager, warchief",aot03-015,Cayden G Deck,chaos,6-2-0,6,2,0,9-3-0,9,3,0,1,1,60,10
2025-07-19_louisville-regional#3,2025-07-19_louisville-regional,3,"zeke yeager // zeke, beast titan",aot02-015,Zekeing it,life,6-1-1,6,1,1,8-2-1,8,2,1,1,1,60,10
2025-07-19_louisville-regional#4,2025-07-19_louisville-regional,4,"porco galliard // jaw titan, crushing biter",aot03-012,john,fire,6-1-1,6,1,1,8-2-1,8,2,1,1,1,60,10
2025-07-19_louisville-regional#5,2025-07-19_louisville-regional,5,hange zoë,aot01-010,Justin Burch Deck,fire,6-0-2,6,0,2,7-1-2,7,1,2,1,1,61,10
2025-07-19_louisville-regional#6,2025-07-19_louisville-regional,6,"izuku midoriya, on the move // izuku midoriya, quirks unleashed",mha08-001,"“Squire, attend me!” “R-ready sir!”",water,6-0-2,6,0,2,7-1-2,7,1,2,1,1,69,10
2025-07-19_louisville-regional#7,2025-07-19_louisville-regional,7,"godzilla, king of the monsters",cha03gmm-001,Skreeeeoooonk,earth,6-0-2,6,0,2,7-1-2,7,1,2,1,1,66,10
2025-07-19_louisville-regional#8,2025-07-19_louisville-regional,8,mimic (i),mha05-114,Garrett K Deck,earth,6-2-0,6,2,0,7-3-0,7,3,0,1,1,61,10
2025-07-19_louisville-regional#9,2025-07-19_louisville-regional,9,krista lenz,aot01-013,Bob's Deck,chaos,6-0-2,6,0,2,6-1-2,6,1,2,1,1,60,10
2025-07-19_louisville-regional#10,2025-07-19_louisville-regional,10,hange zoë,aot01-010,I don't know what I am doing.,life,6-1-1,6,1,1,6-2-1,6,2,1,1,1,60,10
2025-07-19_louisville-regional#11,2025-07-19_louisville-regional,11,pony tsunotori,mha07-098,Riv Deck,earth,6-1-1,6,1,1,6-2-1,6,2,1,1,1,61,10
2025-07-19_louisville-regional#12,2025-07-19_louisville-regional,12,"godzilla, king of the monsters",cha03gmm-001,Gojira,chaos,6-1-1,6,1,1,6-2-1,6,2,1,1,1,70,10
2025-07-19_louisville-regional#13,2025-07-19_louisville-regional,13,"mikasa ackerman, hizuru’s hope",aot03-010,3kasa,death,6-2-0,6,2,0,6-3-0,6,3,0,1,1,68,10
2025-07-19_louisville-regional#14,2025-07-19_louisville-regional,14,"pieck finger, panzer unit cartman // cart titan, finale",aot03-011,"Si (como afirma el griego en el Cratilo) el nombre es arquetipo de la cosa en las letras de 'rosa' está la rosa y todo el Nilo en la palabra 'Nilo'.  Y, hecho de consonantes y vocales, habrá un terrible Nombre, que la esencia cifre de Dios y que la Omnipotencia guarde en letras y sílabas cabales.  Adán y las estrellas lo supieron en el Jardín. La herrumbre del pecado (dicen los cabalistas) lo ha borrado y las generaciones lo perdieron.  Los artificios y el candor del hombre no tienen fin. Sabemos que hubo un día en que el pueblo de Dios buscaba el Nombre en las vigilias de la judería.  No a la manera de otras que una vaga sombra insinúan en la vaga historia, aún está verde y viva la memoria de Judá León, que era rabino en Praga.  Sediento de saber lo que Dios sabe, Judá León se dio a permutaciones de letras y a complejas variaciones y al fin pronunció el Nombre que es la Clave,  la Puerta, el Eco, el Huésped y el Palacio, sobre un muñeco que con torpes manos labró, para enseñarle los arcanos de las Letras, del Tiempo y del Espacio.  El simulacro alzó los soñolientos párpados y vio formas y colores que no entendió, perdidos en rumores y ensayó temerosos movimientos.  Gradualmente se vio (como nosotros) aprisionado en esta red sonora de Antes, Después, Ayer, Mientras, Ahora, Derecha, Izquierda, Yo, Tú, Aquellos, Otros.  (El cabalista que ofició de numen a la vasta criatura apodó Golem; estas verdades las refiere Scholem en un docto lugar de su volumen.)  El rabí le explicaba el universo ""esto es mi pie; esto el tuyo, esto la soga."" y logró, al cabo de años, que el perverso barriera bien o mal la sinagoga.  Tal vez hubo un error en la grafía o en la articulación del Sacro Nombre; a pesar de tan alta hechicería, no aprendió a hablar el aprendiz de hombre.  Sus ojos, menos de hombre que de perro y harto menos de perro que de cosa, seguían al rabí por la dudosa penumbra de las piezas del encierro.  Algo anormal y tosco hubo en el Golem, ya que a su paso el gato del rabino se escondía. (Ese gato no está en Scholem pero, a través del tiempo, lo adivino.)  Elevando a su Dios manos filiales, las devociones de su Dios copiaba o, estúpido y sonriente, se ahuecaba en cóncavas zalemas orientales.  El rabí lo miraba con ternura y con algún horror. '¿Cómo' (se dijo) 'pude engendrar este penoso hijo y la inacción dejé, que es la cordura?'  '¿Por qué di en agregar a la infinita serie un símbolo más? ¿Por qué a la vana madeja que en lo eterno se devana, di otra causa, otro efecto y otra cuita?'  En la hora de angustia y de luz vaga, en su Golem los ojos detenía. ¿Quién nos dirá las cosas que sentía Dios, al mirar a su rabino en Praga?",death,6-2-0,6,2,0,6-3-0,6,3,0,1,1,69,10
2025-07-19_louisville-regional#15,2025-07-19_louisville-regional,15,hange zoë,aot01-010,Louisville hange,fire,6-2-0,6,2,0,6-3-0,6,3,0,1,1,60,10
2025-07-19_louisville-regional#16,2025-07-19_louisville-regional,16,"king ghidorah, emperor of the cosmos",cha03krm-001,Hunter S Deck,evil,6-2-0,6,2,0,6-3-0,6,3,0,1,1,77,10
2025-07-19_louisville-regional#17,2025-07-19_louisville-regional,17,"nott the brave, irritable goblin",crmn-002,"Yours Truly, Kitty Phantom Thief!",void,5-1-2,5,1,2,5-1-2,5,1,2,0,1,61,10
2025-07-19_louisville-regional#18,2025-07-19_louisville-regional,18,hange zoë,aot01-010,Sawney and Bean,life,5-1-2,5,1,2,5-1-2,5,1,2,0,1,64,10
2025-07-19_louisville-regional#19,2025-07-19_louisville-regional,19,"zeke yeager // zeke, beast titan",aot02-015,euhhhhhh im the beast titan....,life,5-2-1,5,2,1,5-2-1,5,2,1,0,1,63,10
2025-07-19_louisville-regional#20,2025-07-19_louisville-regional,20,hange zoë,aot01-010,Big Smack,life,5-2-1,5,2,1,5-2-1,5,2,1,0,1,61,10
2025-07-19_louisville-regional#21,2025-07-19_louisville-regional,21,"zeke yeager, warchief",aot03-015,Cohen N Deck,chaos,5-2-1,5,2,1,5-2-1,5,2,1,0,1,66,10
2025-07-19_louisville-regional#22,2025-07-19_louisville-regional,22,"rodan, giant monster of the sky",cha03krm-003,Rodan Louis,void,5-2-1,5,2,1,5-2-1,5,2,1,0,1,73,10
2025-07-19_louisville-regional#23,2025-07-19_louisville-regional,23,"rodan, giant monster of the sky",cha03krm-003,Carson P Deck,void,5-2-1,5,2,1,5-2-1,5,2,1,0,1,103,10
2025-07-19_louisville-regional#24,2025-07-19_louisville-regional,24,"rodan, giant monster of the sky",cha03krm-003,Void Rodan Louisville Regional,void,5-2-1,5,2,1,5-2-1,5,2,1,0,1,68,10
2025-07-19_louisville-regional#25,2025-07-19_louisville-regional,25,"king ghidorah, emperor of the cosmos",cha03krm-001,Matthew A Deck,void,5-2-1,5,2,1,5-2-1,5,2,1,0,1,73,10
2025-07-19_louisville-regional#26,2025-07-19_louisville-regional,26,"bertolt hoover, living weapon // bertolt, colossus titan advancing",aot02-002,Bert to a crisp,death,5-2-1,5,2,1,5-2-1,5,2,1,0,1,60,10
2025-07-19_louisville-regional#27,2025-07-19_louisville-regional,27,hange zoë,aot01-010,Hange,life,5-2-1,5,2,1,5-2-1,5,2,1,0,1,61,10
2025-07-19_louisville-regional#28,2025-07-19_louisville-regional,28,"mikasa ackerman, hizuru’s hope",aot03-010,Tomberry's LC,death,5-2-1,5,2,1,5-2-1,5,2,1,0,1,72,10
2025-07-19_louisville-regional#29,2025-07-19_louisville-regional,29,"pieck finger, panzer unit cartman // cart titan, finale",aot03-011,Andrew Porat's Deck (Played By David Tombs),death,5-3-0,5,3,0,5-3-0,5,3,0,0,1,62,10
2025-07-19_louisville-regional#30,2025-07-19_louisville-regional,30,"king ghidorah, emperor of the cosmos",cha03krm-001,Ben L Deck,void,5-3-0,5,3,0,5-3-0,5,3,0,0,1,73,10
2025-07-19_louisville-regional#31,2025-07-19_louisville-regional,31,hange zoë,aot01-010,Hange :),fire,5-3-0,5,3,0,5-3-0,5,3,0,0,1,60,10
2025-07-19_louisville-regional#32,2025-07-19_louisville-regional,32,"godzilla, king of the monsters",cha03gmm-001,"The Takeover, The Breaks Over",chaos,5-3-0,5,3,0,5-3-0,5,3,0,0,1,60,10
2025-07-19_louisville-regional#33,2025-07-19_louisville-regional,33,"jamie siu, peacekeeping breakdancer",sf60x-023,Ethan H Deck,air,5-3-0,5,3,0,5-3-0,5,3,0,0,1,60,10
2025-07-19_louisville-regional#34,2025-07-19_louisville-regional,34,"porco galliard // jaw titan, crushing biter",aot03-012,Fire Porco,fire,5-3-0,5,3,0,5-3-0,5,3,0,0,1,60,10
2025-07-19_louisville-regional#35,2025-07-19_louisville-regional,35,tamaki amajiki (i),mha05-091,Jacob J Deck,water,5-3-0,5,3,0,5-3-0,5,3,0,0,1,68,10
2025-07-19_louisville-regional#36,2025-07-19_louisville-regional,36,"rodan, giant monster of the sky",cha03krm-003,Jett K Deck,void,5-3-0,5,3,0,5-3-0,5,3,0,0,1,82,10
2025-07-19_louisville-regional#37,2025-07-19_louisville-regional,37,"grog strongjaw, mighty half-giant",cr02-007,Grog,earth,5-3-0,5,3,0,5-3-0,5,3,0,0,1,60,10
2025-07-19_louisville-regional#38,2025-07-19_louisville-regional,38,"godzilla, king of the monsters",cha03gmm-001,NA KY Regional '25 Chaos Godzilla,chaos,5-3-0,5,3,0,5-3-0,5,3,0,0,1,70,10
2025-07-19_louisville-regional#39,2025-07-19_louisville-regional,39,"godzilla, king of the monsters",cha03gmm-001,Godzilla,chaos,5-3-0,5,3,0,5-3-0,5,3,0,0,1,66,10
2025-07-19_louisville-regional#40,2025-07-19_louisville-regional,40,"izuku midoriya, on the move // izuku midoriya, quirks unleashed",mha08-001,deku,water,5-3-0,5,3,0,5-3-0,5,3,0,0,1,81,10
2025-07-19_louisville-regional#41,2025-07-19_louisville-regional,41,"jamie siu, peacekeeping breakdancer",sf60x-023,Louisville Jamie,water,5-3-0,5,3,0,5-3-0,5,3,0,0,1,73,10
2025-07-19_louisville-regional#42,2025-07-19_louisville-regional,42,"rodan, giant monster of the sky",cha03krm-003,I got the cards so imma use em,void,5-3-0,5,3,0,5-3-0,5,3,0,0,1,68,10
2025-07-19_louisville-regional#43,2025-07-19_louisville-regional,43,sir nighteye (i),mha05-082,Nighteye Cyclelock,death,5-3-0,5,3,0,5-3-0,5,3,0,0,1,76,10
2025-07-19_louisville-regional#44,2025-07-19_louisville-regional,44,"jamie siu, peacekeeping breakdancer",sf60x-023,Windy James,air,5-3-0,5,3,0,5-3-0,5,3,0,0,1,64,10
2025-07-19_louisville-regional#45,2025-07-19_louisville-regional,45,"rodan, giant monster of the sky",cha03krm-003,Regional at Best🫠,void,5-3-0,5,3,0,5-3-0,5,3,0,0,1,75,10
2025-07-19_louisville-regional#46,2025-07-19_louisville-regional,46,edgeshot (i),mha06-146,Edgeshot Worlds 24,void,5-3-0,5,3,0,5-3-0,5,3,0,0,1,64,10
2025-07-19_louisville-regional#47,2025-07-19_louisville-regional,47,"godzilla, king of the monsters",cha03gmm-001,Copy Godzilla,water,4-2-2,4,2,2,4-2-2,4,2,2,0,1,64,10
2025-07-19_louisville-regional#48,2025-07-19_louisville-regional,48,"izuku midoriya, on the move // izuku midoriya, quirks unleashed",mha08-001,Chris Minor Deck,air,4-2-2,4,2,2,4-2-2,4,2,2,0,1,72,10
2025-07-19_louisville-regional#49,2025-07-19_louisville-regional,49,hange zoë,aot01-010,Hange Louisville Regional 2025,life,4-2-2,4,2,2,4-2-2,4,2,2,0,1,76,10
2025-07-19_louisville-regional#50,2025-07-19_louisville-regional,50,"rodan, giant monster of the sky",cha03krm-003,Louisville Deck,void,4-3-1,4,3,1,4-3-1,4,3,1,0,1,78,10
2025-07-19_louisville-regional#51,2025-07-19_louisville-regional,51,"godzilla, king of the monsters",cha03gmm-001,King of the Monster,chaos,4-3-1,4,3,1,4-3-1,4,3,1,0,1,62,10
2025-07-19_louisville-regional#52,2025-07-19_louisville-regional,52,"godzilla, king of the monsters",cha03gmm-001,Mario D Deck,chaos,4-3-1,4,3,1,4-3-1,4,3,1,0,1,65,10
2025-07-19_louisville-regional#53,2025-07-19_louisville-regional,53,"godzilla, king of the monsters",cha03gmm-001,Copy Goji,chaos,4-3-1,4,3,1,4-3-1,4,3,1,0,1,62,10
2025-07-19_louisville-regional#54,2025-07-19_louisville-regional,54,"godzilla, king of the monsters",cha03gmm-001,Zilla,chaos,4-3-1,4,3,1,4-3-1,4,3,1,0,1,66,10
2025-07-19_louisville-regional#55,2025-07-19_louisville-regional,55,"annie leonhart, awakened // female titan, finale",aot03-001,UGN Thinks This Deck Was Illegal So I Had To Write It Out 3 Times,chaos,4-3-1,4,3,1,4-3-1,4,3,1,0,1,65,10
2025-07-19_louisville-regional#56,2025-07-19_louisville-regional,56,mitchell cimino,promo2025-053,Michael in the Streets,chaos,4-3-1,4,3,1,4-3-1,4,3,1,0,1,63,10
2025-07-19_louisville-regional#57,2025-07-19_louisville-regional,57,devil jin,tk801-040,"My opps all got jobs at mcdonalds. Not as a cashier, not as a fry cook, but as the ice cream machine",chaos,4-3-1,4,3,1,4-3-1,4,3,1,0,1,64,10
2025-07-19_louisville-regional#58,2025-07-19_louisville-regional,58,"king ghidorah, emperor of the cosmos",cha03krm-001,Evil King Gihdorah v26,evil,4-3-1,4,3,1,4-3-1,4,3,1,0,1,76,10
2025-07-19_louisville-regional#59,2025-07-19_louisville-regional,59,"godzilla, king of the monsters",cha03gmm-001,Louisville 2025,chaos,4-3-1,4,3,1,4-3-1,4,3,1,0,1,61,10
2025-07-19_louisville-regional#60,2025-07-19_louisville-regional,60,"rodan, giant monster of the sky",cha03krm-003,Tyler  H Deck,air,4-3-1,4,3,1,4-3-1,4,3,1,0,1,79,10
2025-07-19_louisville-regional#61,2025-07-19_louisville-regional,61,pony tsunotori,mha07-098,Podium or Glue Factory,fire,4-3-1,4,3,1,4-3-1,4,3,1,0,1,65,10
2025-07-19_louisville-regional#62,2025-07-19_louisville-regional,62,hange zoë,aot01-010,Hange Zoe 1 Life Louisville,life,4-3-1,4,3,1,4-3-1,4,3,1,0,1,78,10
2025-07-19_louisville-regional#63,2025-07-19_louisville-regional,63,"jamie siu, peacekeeping breakdancer",sf60x-023,Ben H Deck,water,4-3-1,4,3,1,4-3-1,4,3,1,0,1,63,10
2025-07-19_louisville-regional#64,2025-07-19_louisville-regional,64,"zeke yeager, warchief",aot03-015,Marcus N Deck,chaos,4-3-1,4,3,1,4-3-1,4,3,1,0,1,65,10
2025-07-19_louisville-regional#65,2025-07-19_louisville-regional,65,"pumat sol, magical proprietor",cr02-015,Order Pumat,order,4-3-1,4,3,1,4-3-1,4,3,1,0,1,67,10
2025-07-19_louisville-regional#66,2025-07-19_louisville-regional,66,"annie leonhart, awakened // female titan, finale",aot03-001,Togepi,chaos,4-3-1,4,3,1,4-3-1,4,3,1,0,1,65,10
2025-07-19_louisville-regional#67,2025-07-19_louisville-regional,67,"jamie siu, peacekeeping breakdancer",sf60x-023,Cameron U Deck,water,4-3-1,4,3,1,4-3-1,4,3,1,0,1,69,10
2025-07-19_louisville-regional#68,2025-07-19_louisville-regional,68,"godzilla, king of the monsters",cha03gmm-001,Garrison B Deck,chaos,4-4-0,4,4,0,4-4-0,4,4,0,0,1,60,10
2025-07-19_louisville-regional#69,2025-07-19_louisville-regional,69,"hange zoë, four eyes",aot02-007,Hange Kentucky Regional,death,3-2-3,3,2,3,3-2-3,3,2,3,0,1,93,10
2025-07-19_louisville-regional#70,2025-07-19_louisville-regional,70,"pieck finger, panzer unit cartman // cart titan, finale",aot03-011,ʲᵃᶜᵏⁱᵉ ᵇᵒⁱ Deck,order,4-4-0,4,4,0,4-4-0,4,4,0,0,1,71,10
2025-07-19_louisville-regional#71,2025-07-19_louisville-regional,71,hange zoë,aot01-010,Rocky M Deck,fire,4-4-0,4,4,0,4-4-0,4,4,0,0,1,64,10
2025-07-19_louisville-regional#72,2025-07-19_louisville-regional,72,beast titan,aot01-004,Beast Titan-Kentucky 2025,death,4-4-0,4,4,0,4-4-0,4,4,0,0,1,65,10
2025-07-19_louisville-regional#73,2025-07-19_louisville-regional,73,mt. lady (ii),mha07-064,Nana's Mt Lady 2,earth,4-4-0,4,4,0,4-4-0,4,4,0,0,1,65,10
2025-07-19_louisville-regional#74,2025-07-19_louisville-regional,74,inasa yoarashi (i),mha06-147,Louisville is alittle Windy,water,4-4-0,4,4,0,4-4-0,4,4,0,0,1,70,10
2025-07-19_louisville-regional#75,2025-07-19_louisville-regional,75,"taryon darrington, naive creator",cr02-017,RazzleScrazzle,life,3-2-3,3,2,3,3-2-3,3,2,3,0,1,70,10
2025-07-19_louisville-regional#76,2025-07-19_louisville-regional,76,"annie leonhart, awakened // female titan, finale",aot03-001,Some Silly Shit,chaos,4-4-0,4,4,0,4-4-0,4,4,0,0,1,60,10
2025-07-19_louisville-regional#77,2025-07-19_louisville-regional,77,"porco galliard // jaw titan, crushing biter",aot03-012,Cory H Deck,fire,4-4-0,4,4,0,4-4-0,4,4,0,0,1,64,10
2025-07-19_louisville-regional#78,2025-07-19_louisville-regional,78,hange zoë,aot01-010,Parker S Deck,life,4-4-0,4,4,0,4-4-0,4,4,0,0,1,66,10
2025-07-19_louisville-regional#79,2025-07-19_louisville-regional,79,"porco galliard // jaw titan, crushing biter",aot03-012,"Porco Hawk, Pro Skater",fire,4-4-0,4,4,0,4-4-0,4,4,0,0,1,62,10
2025-07-19_louisville-regional#80,2025-07-19_louisville-regional,80,"reiner braun, marley’s shield // armored titan, finale",aot03-013,Rowan H Deck,chaos,4-4-0,4,4,0,4-4-0,4,4,0,0,1,72,10
2025-07-19_louisville-regional#81,2025-07-19_louisville-regional,81,"annie leonhart, awakened // female titan, finale",aot03-001,Robert M Annie Deck,chaos,3-2-3,3,2,3,3-2-3,3,2,3,0,1,70,10
2025-07-19_louisville-regional#82,2025-07-19_louisville-regional,82,"jamie siu, peacekeeping breakdancer",sf60x-023,Jamie,water,4-4-0,4,4,0,4-4-0,4,4,0,0,1,63,10
2025-07-19_louisville-regional#83,2025-07-19_louisville-regional,83,mt. lady (ii),mha07-064,Mt. Lady 2,earth,4-4-0,4,4,0,4-4-0,4,4,0,0,1,69,10
2025-07-19_louisville-regional#84,2025-07-19_louisville-regional,84,"pieck finger, panzer unit cartman // cart titan, finale",aot03-011,Pieck Finger Regionals,death,3-2-3,3,2,3,3-2-3,3,2,3,0,1,69,10
2025-07-19_louisville-regional#85,2025-07-19_louisville-regional,85,"rodan, giant monster of the sky",cha03krm-003,Void Rodaniel,void,3-3-2,3,3,2,3-3-2,3,3,2,0,1,84,10
2025-07-19_louisville-regional#86,2025-07-19_louisville-regional,86,suzuki,yyhdt-109,I Want to Play a Fun Deck... Like Suzuki,all,3-3-2,3,3,2,3-3-2,3,3,2,0,1,62,10
2025-07-19_louisville-regional#87,2025-07-19_louisville-regional,87,"porco galliard // jaw titan, crushing biter",aot03-012,Louisville Regional,fire,3-4-1,3,4,1,3-4-1,3,4,1,0,1,65,10
2025-07-19_louisville-regional#88,2025-07-19_louisville-regional,88,"rodan, giant monster of the sky",cha03krm-003,5grain  Deck,void,3-4-1,3,4,1,3-4-1,3,4,1,0,1,70,10
2025-07-19_louisville-regional#89,2025-07-19_louisville-regional,89,katsuki bakugo (iv),mha06-100,Bakugo Regional Deck,death,3-4-1,3,4,1,3-4-1,3,4,1,0,1,66,10
2025-07-19_louisville-regional#90,2025-07-19_louisville-regional,90,"reiner braun, warrior // reiner, armored titan advancing",aot02-013,Reiner KY,chaos,3-4-1,3,4,1,3-4-1,3,4,1,0,1,74,10
2025-07-19_louisville-regional#91,2025-07-19_louisville-regional,91,"rodan, giant monster of the sky",cha03krm-003,Parker F Deck,void,3-4-1,3,4,1,3-4-1,3,4,1,0,1,77,10
2025-07-19_louisville-regional#92,2025-07-19_louisville-regional,92,"rodan, giant monster of the sky",cha03krm-003,Actual Byrd,air,3-4-1,3,4,1,3-4-1,3,4,1,0,1,62,10
2025-07-19_louisville-regional#93,2025-07-19_louisville-regional,93,devil jin,tk801-040,D-Jack Devil Jin,chaos,3-4-1,3,4,1,3-4-1,3,4,1,0,1,60,10
2025-07-19_louisville-regional#94,2025-07-19_louisville-regional,94,"ryu, world warrior",sf60x-001,Talan Hicks - Ryu Void. Louisville Regional.,void,3-4-1,3,4,1,3-4-1,3,4,1,0,1,72,10
2025-07-19_louisville-regional#95,2025-07-19_louisville-regional,95,"rodan, giant monster of the sky",cha03krm-003,Run like the wind Ed-boy !!!,void,3-4-1,3,4,1,3-4-1,3,4,1,0,1,73,10
2025-07-19_louisville-regional#96,2025-07-19_louisville-regional,96,"bertolt hoover, living weapon // bertolt, colossus titan advancing",aot02-002,Big Bertha,death,3-4-1,3,4,1,3-4-1,3,4,1,0,1,73,10
2025-07-19_louisville-regional#97,2025-07-19_louisville-regional,97,mirko,mha07-046,Mirko II - Louisville 7/25,air,3-4-1,3,4,1,3-4-1,3,4,1,0,1,60,10
2025-07-19_louisville-regional#98,2025-07-19_louisville-regional,98,pony tsunotori,mha07-098,Pony V9.2.3 (extended cut) (studio version) part 9-12,air,3-5-0,3,5,0,3-5-0,3,5,0,0,1,69,10
2025-07-19_louisville-regional#99,2025-07-19_louisville-regional,99,tamaki amajiki (i),mha05-091,Amajiki | Chaos | Louisville,chaos,3-4-0,3,4,0,3-4-0,3,4,0,0,1,66,10
2025-07-19_louisville-regional#100,2025-07-19_louisville-regional,100,"porco galliard // jaw titan, crushing biter",aot03-012,Jonathon B Deck,fire,3-3-0,3,3,0,3-3-0,3,3,0,0,1,60,10
2025-07-19_louisville-regional#101,2025-07-19_louisville-regional,101,"pieck finger, panzer unit cartman // cart titan, finale",aot03-011,your my boy drew,death,3-4-0,3,4,0,3-4-0,3,4,0,0,1,62,10
2025-07-19_louisville-regional#102,2025-07-19_louisville-regional,102,devil jin,tk801-040,iws3 for days,chaos,3-3-0,3,3,0,3-3-0,3,3,0,0,1,65,10
2025-07-19_louisville-regional#103,2025-07-19_louisville-regional,103,"porco galliard // jaw titan, crushing biter",aot03-012,Porco Lousiville,fire,3-4-0,3,4,0,3-4-0,3,4,0,0,1,60,10
2025-07-19_louisville-regional#104,2025-07-19_louisville-regional,104,"porco galliard // jaw titan, crushing biter",aot03-012,Teaming With The Porco,fire,3-4-0,3,4,0,3-4-0,3,4,0,0,1,60,10
2025-07-19_louisville-regional#105,2025-07-19_louisville-regional,105,"jamie siu, peacekeeping breakdancer",sf60x-023,"And lastly the wind bag, we went through so much to get this",air,3-3-0,3,3,0,3-3-0,3,3,0,0,1,65,10
2025-07-19_louisville-regional#106,2025-07-19_louisville-regional,106,byakko,yyhdt-162,Byakko Regional,earth,3-5-0,3,5,0,3-5-0,3,5,0,0,1,75,10
2025-07-19_louisville-regional#107,2025-07-19_louisville-regional,107,"jamie siu, peacekeeping breakdancer",sf60x-023,Jamie Rampage,water,3-4-0,3,4,0,3-4-0,3,4,0,0,1,60,10
2025-07-19_louisville-regional#108,2025-07-19_louisville-regional,108,"godzilla, king of the monsters",cha03gmm-001,Interrupted Kaiju Slumber,chaos,3-5-0,3,5,0,3-5-0,3,5,0,0,1,60,10
2025-07-19_louisville-regional#109,2025-07-19_louisville-regional,109,"vax’ildan, dagger master",cr02-018,Vax dagger master,death,3-5-0,3,5,0,3-5-0,3,5,0,0,1,60,10
2025-07-19_louisville-regional#110,2025-07-19_louisville-regional,110,"jamie siu, peacekeeping breakdancer",sf60x-023,I pivoted at the very last second and my teammates helped me make this. I hate everything. Why do I do this to myself? Why do we all think this is normal? Which one of us normalized this behavior? Please Stop.,water,3-3-0,3,3,0,3-3-0,3,3,0,0,1,71,10
2025-07-19_louisville-regional#111,2025-07-19_louisville-regional,111,himiko toga (iii),mha06-001,TOGA STUN Chaos AOT 2,chaos,2-3-3,2,3,3,2-3-3,2,3,3,0,1,67,10
2025-07-19_louisville-regional#112,2025-07-19_louisville-regional,112,"rodan, giant monster of the sky",cha03krm-003,I hate this bird,void,2-5-0 +1 bye,,,,2-5-0,2,5,0,0,1,71,10
2025-07-19_louisville-regional#113,2025-07-19_louisville-regional,113,"erwin smith, 13th commander of the survey corps",aot01-009,Brady k Erwin Smith,death,2-3-3,2,3,3,2-3-3,2,3,3,0,1,66,10
2025-07-19_louisville-regional#114,2025-07-19_louisville-regional,114,"godzilla, king of the monsters",cha03gmm-001,Cory D Deck,chaos,3-5-0,3,5,0,3-5-0,3,5,0,0,1,70,10
2025-07-19_louisville-regional#115,2025-07-19_louisville-regional,115,himiko toga (iii),mha06-001,Toga3,chaos,3-3-0,3,3,0,3-3-0,3,3,0,0,1,63,10
2025-07-19_louisville-regional#116,2025-07-19_louisville-regional,116,"rodan, giant monster of the sky",cha03krm-003,Rodan Merge_Rev. 7,void,2-4-2,2,4,2,2-4-2,2,4,2,0,1,83,10
2025-07-19_louisville-regional#117,2025-07-19_louisville-regional,117,hange zoë,aot01-010,Hange Zoe Louisville,life,2-2-2,2,2,2,2-2-2,2,2,2,0,1,64,10
2025-07-19_louisville-regional#118,2025-07-19_louisville-regional,118,jean kirstein,aot01-012,Jean Louisville 2025,air,2-4-2,2,4,2,2-4-2,2,4,2,0,1,78,10
2025-07-19_louisville-regional#119,2025-07-19_louisville-regional,119,katsuki bakugo (iv),mha06-100,Death B4 Dishonor,death,2-4-2,2,4,2,2-4-2,2,4,2,0,1,60,10
2025-07-19_louisville-regional#120,2025-07-19_louisville-regional,120,"jester lavorre, prankster priestess",crmn-001,Jester Chaos,chaos,2-4-2,2,4,2,2-4-2,2,4,2,0,1,70,10
2025-07-19_louisville-regional#121,2025-07-19_louisville-regional,121,jean kirstein,aot01-012,best jeanist,chaos,2-2-1,2,2,1,2-2-1,2,2,1,0,1,69,10
2025-07-19_louisville-regional#122,2025-07-19_louisville-regional,122,"armin arlert, power of the colossus // colossus titan, finale",aot03-002,Most Krispy,order,2-2-1,2,2,1,2-2-1,2,2,1,0,1,65,10
2025-07-19_louisville-regional#123,2025-07-19_louisville-regional,123,overhaul (i),mha05-019,Overhaul,evil,2-5-1,2,5,1,2-5-1,2,5,1,0,1,60,10
2025-07-19_louisville-regional#124,2025-07-19_louisville-regional,124,"godzilla, king of the monsters",cha03gmm-001,Just another Godzilla,chaos,2-5-1,2,5,1,2-5-1,2,5,1,0,1,61,10
2025-07-19_louisville-regional#125,2025-07-19_louisville-regional,125,"nott the brave, chaotic meddler",cr02-012,Ian M Deck,chaos,2-5-1,2,5,1,2-5-1,2,5,1,0,1,73,10
2025-07-19_louisville-regional#126,2025-07-19_louisville-regional,126,"porco galliard // jaw titan, crushing biter",aot03-012,Kickflips for Andrew,fire,2-3-1,2,3,1,2-3-1,2,3,1,0,1,61,10
2025-07-19_louisville-regional#127,2025-07-19_louisville-regional,127,byakko,yyhdt-162,ByakkoForce1,air,2-5-1,2,5,1,2-5-1,2,5,1,0,1,76,0
2025-07-19_louisville-regional#128,2025-07-19_louisville-regional,128,"reiner braun, warrior // reiner, armored titan advancing",aot02-013,Stuart S Deck,chaos,2-4-0,2,4,0,2-4-0,2,4,0,0,1,75,10
2025-07-19_louisville-regional#129,2025-07-19_louisville-regional,129,"eren yeager // eren, attack titan",aot01-008,Nearly Headless Nick,death,2-4-0,2,4,0,2-4-0,2,4,0,0,1,68,10
2025-07-19_louisville-regional#130,2025-07-19_louisville-regional,130,"jamie siu, peacekeeping breakdancer",sf60x-023,Michael B Deck,water,2-4-0,2,4,0,2-4-0,2,4,0,0,1,69,10
2025-07-19_louisville-regional#131,2025-07-19_louisville-regional,131,"levi ackerman, vengeance-driven",aot03-009,Short Blender,air,2-6-0,2,6,0,2-6-0,2,6,0,0,1,60,10
2025-07-19_louisville-regional#132,2025-07-19_louisville-regional,132,sasha blouse,aot01-018,My Right To Keep And Bear The Glizzy Shall Not Be Infringed.,air,2-4-0,2,4,0,2-4-0,2,4,0,0,1,65,10
2025-07-19_louisville-regional#133,2025-07-19_louisville-regional,133,sir nighteye (i),mha05-082,Mill the Planet,death,2-4-0,2,4,0,2-4-0,2,4,0,0,1,70,10
2025-07-19_louisville-regional#134,2025-07-19_louisville-regional,134,"rodan, giant monster of the sky",cha03krm-003,Trust me it’s actually a bird,void,1-3-3,1,3,3,1-3-3,1,3,3,0,1,77,10
2025-07-19_louisville-regional#135,2025-07-19_louisville-regional,135,overhaul (i),mha05-019,CMiller Deck,life,2-3-0,2,3,0,2-3-0,2,3,0,0,1,65,10
2025-07-19_louisville-regional#136,2025-07-19_louisville-regional,136,"sung jinwoo, e rank hunter",sl01-001,Murderous Intent,death,1-6-0 +1 bye,,,,1-6-0,1,6,0,0,1,68,0
2025-07-19_louisville-regional#137,2025-07-19_louisville-regional,137,"mollymauk tealeaf, carnival hooligan",cr02-011,Mollymauk my words :3,order,2-6-0,2,6,0,2-6-0,2,6,0,0,1,60,10
2025-07-19_louisville-regional#138,2025-07-19_louisville-regional,138,,,,,,,,,,,,,0,0,0,0
2025-07-19_louisville-regional#139,2025-07-19_louisville-regional,139,"mikasa ackerman, hizuru’s hope",aot03-010,Thomas B Deck - Louisville 2025 Regional,death,2-3-0,2,3,0,2-3-0,2,3,0,0,1,72,10
2025-07-19_louisville-regional#140,2025-07-19_louisville-regional,140,mirko,mha07-046,Maggie Kempf Deck,air,2-4-0,2,4,0,2-4-0,2,4,0,0,1,65,10
2025-07-19_louisville-regional#141,2025-07-19_louisville-regional,141,"fresh cut grass, positive reinforcement",promo2024-001,Low Cut Fade,water,1-2-2,1,2,2,1-2-2,1,2,2,0,1,64,10
2025-07-19_louisville-regional#142,2025-07-19_louisville-regional,142,elder toguro,yyhdt-019,Ky deck,evil,1-3-1,1,3,1,1-3-1,1,3,1,0,1,77,10
2025-07-19_louisville-regional#143,2025-07-19_louisville-regional,143,"pieck finger, panzer unit cartman // cart titan, finale",aot03-011,Push to Start,death,1-3-1,1,3,1,1-3-1,1,3,1,0,1,65,10
2025-07-19_louisville-regional#144,2025-07-19_louisville-regional,144,mimic (i),mha05-114,THE BADDEST,evil,1-2-1,1,2,1,1-2-1,1,2,1,0,1,76,10
2025-07-19_louisville-regional#145,2025-07-19_louisville-regional,145,pony tsunotori,mha07-098,HORSE,earth,1-3-1,1,3,1,1-3-1,1,3,1,0,1,70,10
2025-07-19_louisville-regional#146,2025-07-19_louisville-regional,146,"pieck finger, panzer unit cartman // cart titan, finale",aot03-011,Pieck Death,death,1-3-1,1,3,1,1-3-1,1,3,1,0,1,61,10
2025-07-19_louisville-regional#147,2025-07-19_louisville-regional,147,"izuku midoriya, on the move // izuku midoriya, quirks unleashed",mha08-001,"Izuku Midoriya, On the Move (Louisville)",life,0-6-1 +1 bye,,,,0-6-1,0,6,1,0,1,72,0
2025-07-19_louisville-regional#148,2025-07-19_louisville-regional,148,"mothra, giant moth monster",cha03gmm-003,Mothra Spirit Guns,good,1-4-1,1,4,1,1-4-1,1,4,1,0,1,73,0
2025-07-19_louisville-regional#149,2025-07-19_louisville-regional,149,,,,,,,,,,,,,0,0,0,0
2025-07-19_louisville-regional#150,2025-07-19_louisville-regional,150,"pieck finger, panzer unit cartman // cart titan, finale",aot03-011,Sticky Finger (This is a JoJo's reference),death,1-3-0,1,3,0,1-3-0,1,3,0,0,1,60,10
2025-07-19_louisville-regional#151,2025-07-19_louisville-regional,151,soramitsu tabe (i),mha05-117,Soramitsu Tabe - Ponza,death,1-4-0,1,4,0,1-4-0,1,4,0,0,1,69,10
2025-07-19_louisville-regional#152,2025-07-19_louisville-regional,152,soramitsu tabe (i),mha05-117,Michael R Deck,all,1-4-0,1,4,0,1-4-0,1,4,0,0,1,72,10
2025-07-19_louisville-regional#153,2025-07-19_louisville-regional,153,"jester lavorre, prankster priestess",crmn-001,Jester (AoT3),chaos,1-2-0,1,2,0,1-2-0,1,2,0,0,1,75,10
2025-07-19_louisville-regional#154,2025-07-19_louisville-regional,154,"king ghidorah, emperor of the cosmos",cha03krm-001,Nugget Champion Deck,evil,1-3-0,1,3,0,1-3-0,1,3,0,0,1,80,10
2025-07-19_louisville-regional#155,2025-07-19_louisville-regional,155,mirko,mha07-046,Sabrina V Deck,air,1-5-0,1,5,0,1-5-0,1,5,0,0,1,62,10
2025-07-19_louisville-regional#156,2025-07-19_louisville-regional,156,"armin arlert, power of the colossus // colossus titan, finale",aot03-002,Armin Kentucky,order,1-4-0,1,4,0,1-4-0,1,4,0,0,1,60,10
2025-07-19_louisville-regional#157,2025-07-19_louisville-regional,157,"zeke yeager, warchief",aot03-015,Zeke - Louisville,life,1-1-0,1,1,0,1-1-0,1,1,0,0,1,71,10
2025-07-19_louisville-regional#158,2025-07-19_louisville-regional,158,"pieck finger, panzer unit cartman // cart titan, finale",aot03-011,pieck fiction,death,1-4-0,1,4,0,1-4-0,1,4,0,0,1,63,10
2025-07-19_louisville-regional#159,2025-07-19_louisville-regional,159,mikasa ackerman,aot01-016,Justin M Deck,air,1-3-0,1,3,0,1-3-0,1,3,0,0,1,65,10
2025-07-19_louisville-regional#160,2025-07-19_louisville-regional,160,"armin arlert, power of the colossus // colossus titan, finale",aot03-002,Armin Deck,order,1-4-0,1,4,0,1-4-0,1,4,0,0,1,61,10
2025-07-19_louisville-regional#161,2025-07-19_louisville-regional,161,izuku midoriya (v),mha06-091,Deku fights back!,all,0-4-3,0,4,3,0-4-3,0,4,3,0,1,69,10
2025-07-19_louisville-regional#162,2025-07-19_louisville-regional,162,genkai,yyhdt-028,Oops!  All Throws!,good,0-4-2,0,4,2,0-4-2,0,4,2,0,1,68,10
2025-07-19_louisville-regional#163,2025-07-19_louisville-regional,163,"mikasa ackerman, hizuru’s hope",aot03-010,Kreed P Deck,death,0-2-2,0,2,2,0-2-2,0,2,2,0,1,72,10
2025-07-19_louisville-regional#164,2025-07-19_louisville-regional,164,byakko,yyhdt-162,Ryan DeWolf Deck,earth,0-3-2,0,3,2,0-3-2,0,3,2,0,1,108,10
2025-07-19_louisville-regional#165,2025-07-19_louisville-regional,165,pony tsunotori,mha07-098,Umamusume or Whatever,air,0-3-1,0,3,1,0-3-1,0,3,1,0,1,72,10
2025-07-19_louisville-regional#166,2025-07-19_louisville-regional,166,"ymir // ymir, jaw titan",aot01-020,Life Ymir,life,0-2-0,0,2,0,0-2-0,0,2,0,0,1,62,10
2025-07-19_louisville-regional#167,2025-07-19_louisville-regional,167,"godzilla, king of the monsters",cha03gmm-001,the glizzard,chaos,0-5-0,0,5,0,0-5-0,0,5,0,0,1,60,10
2025-07-19_louisville-regional#168,2025-07-19_louisville-regional,168,"mikasa ackerman, hizuru’s hope",aot03-010,He LIVES!!!,death,0-3-0,0,3,0,0-3-0,0,3,0,0,1,70,10
2025-07-19_louisville-regional#169,2025-07-19_louisville-regional,169,katsuki bakugo (iv),mha06-100,Bakoogo?,air,0-3-0,0,3,0,0-3-0,0,3,0,0,1,66,10
2025-07-19_louisville-regional#170,2025-07-19_louisville-regional,170,"jin kazama, lightning of fate",tk801-001,Thrown in a mountain,air,0-3-0,0,3,0,0-3-0,0,3,0,0,1,70,10
2025-07-19_louisville-regional#171,2025-07-19_louisville-regional,171,"pieck finger, panzer unit cartman // cart titan, finale",aot03-011,Pieck the Freak,death,0-3-0,0,3,0,0-3-0,0,3,0,0,1,63,10
2025-07-19_louisville-regional#172,2025-07-19_louisville-regional,172,"allura vysoren, arcanist of tal'dorei",cr02-001,Incase I play tomorrow,void,0-2-0,0,2,0,0-2-0,0,2,0,0,1,73,10
2025-07-19_louisville-regional#173,2025-07-19_louisville-regional,173,"mikasa ackerman, hizuru’s hope",aot03-010,3kasa,death,0-3-0,0,3,0,0-3-0,0,3,0,0,1,64,10
2025-07-19_louisville-regional#174,2025-07-19_louisville-regional,174,"pieck finger, panzer unit cartman // cart titan, finale",aot03-011,"Something Must Be Inflicted Upon Science Bros That I May Not Divulge, For Attempting To Do So The Name Filter Has Deleted My Deck Thrice",death,0-2-0,0,2,0,0-2-0,0,2,0,0,1,71,10
2025-07-19_louisville-regional#175,2025-07-19_louisville-regional,175,"porco galliard // jaw titan, crushing biter",aot03-012,Squirtguns Deck,fire,0-3-0,0,3,0,0-3-0,0,3,0,0,1,60,0
2025-07-19_louisville-regional#176,2025-07-19_louisville-regional,176,bui,yyhdt-001,Breakin' Bui-ville,death,0-2-0,0,2,0,0-2-0,0,2,0,0,1,62,10
2025-07-19_louisville-regional#177,2025-07-19_louisville-regional,177,"jester lavorre, prankster priestess",crmn-001,Chill TCard Brich,life,0-5-0,0,5,0,0-5-0,0,5,0,0,1,79,10
2025-08-23_alicante-regional#1,2025-08-23_alicante-regional,1,"izuku midoriya, on the move // izuku midoriya, quirks unleashed",mha08-001,Kevin Torregrosa WT Deck,water,4-0-2,4,0,2,7-0-2,7,0,2,1,1,75,10
2025-08-23_alicante-regional#2,2025-08-23_alicante-regional,2,"godzilla, king of the monsters",cha03gmm-001,Alicante Regional Godzilla,chaos,4-0-2,4,0,2,6-1-2,6,1,2,1,1,64,10
2025-08-23_alicante-regional#3,2025-08-23_alicante-regional,3,"godzilla, king of the monsters",cha03gmm-001,David Díaz Deck,chaos,4-0-2,4,0,2,5-1-2,5,1,2,1,1,62,10
2025-08-23_alicante-regional#4,2025-08-23_alicante-regional,4,"godzilla, king of the monsters",cha03gmm-001,Alex T Deck,chaos,4-2-0,4,2,0,5-3-0,5,3,0,1,1,69,10
2025-08-23_alicante-regional#5,2025-08-23_alicante-regional,5,pony tsunotori,mha07-098,Print More of Promo Drops so People Supporting Your Game Don't Miss Out When Traveling,earth,5-1-0,5,1,0,5-2-0,5,2,0,1,1,64,10
2025-08-23_alicante-regional#6,2025-08-23_alicante-regional,6,"rodan, giant monster of the sky",cha03krm-003,Rodan Regional Alicante 2025,void,3-1-1 +1 bye,,,,3-2-1,3,2,1,1,1,76,10
2025-08-23_alicante-regional#7,2025-08-23_alicante-regional,7,"zeke yeager, warchief",aot03-015,Zeke Warchief - Granados Warning Team,chaos,4-1-1,4,1,1,4-2-1,4,2,1,1,1,70,10
2025-08-23_alicante-regional#8,2025-08-23_alicante-regional,8,paul phoenix,tk801-043,Paul Phoenix🍍,order,4-2-0,4,2,0,4-3-0,4,3,0,1,1,67,10
2025-08-23_alicante-regional#9,2025-08-23_alicante-regional,9,"king ghidorah, emperor of the cosmos",cha03krm-001,"King Ghidorah, Emperor of the Cosmos 🃏🃏🃏",evil,3-0-3,3,0,3,3-0-3,3,0,3,0,1,77,10
2025-08-23_alicante-regional#10,2025-08-23_alicante-regional,10,"april o’neil, high school reporter",tmnt01-001,April Juggling Blocks,void,3-1-2,3,1,2,3-1-2,3,1,2,0,1,73,10
2025-08-23_alicante-regional#11,2025-08-23_alicante-regional,11,"mikasa ackerman, hizuru’s hope",aot03-010,Mikasa,death,3-1-2,3,1,2,3-1-2,3,1,2,0,1,67,10
2025-08-23_alicante-regional#12,2025-08-23_alicante-regional,12,"ymir // ymir, jaw titan",aot01-020,Ymir alicante,life,3-1-2,3,1,2,3-1-2,3,1,2,0,1,70,10
2025-08-23_alicante-regional#13,2025-08-23_alicante-regional,13,"king ghidorah, emperor of the cosmos",cha03krm-001,The Lord of the Rings...,evil,3-1-2,3,1,2,3-1-2,3,1,2,0,1,77,10
2025-08-23_alicante-regional#14,2025-08-23_alicante-regional,14,mikasa ackerman,aot01-016,Mikasa Ackerman,air,3-2-1,3,2,1,3-2-1,3,2,1,0,1,61,10
2025-08-23_alicante-regional#15,2025-08-23_alicante-regional,15,"zeke yeager, warchief",aot03-015,Teo V Deck,chaos,3-2-1,3,2,1,3-2-1,3,2,1,0,1,60,10
2025-08-23_alicante-regional#16,2025-08-23_alicante-regional,16,"izuku midoriya, on the move // izuku midoriya, quirks unleashed",mha08-001,"Izuku midoriya, on the move",life,3-2-1,3,2,1,3-2-1,3,2,1,0,1,70,10
2025-08-23_alicante-regional#17,2025-08-23_alicante-regional,17,"godzilla, king of the monsters",cha03gmm-001,Marcello T Deck,chaos,3-3-0,3,3,0,3-3-0,3,3,0,0,1,63,10
2025-08-23_alicante-regional#18,2025-08-23_alicante-regional,18,katsuki bakugo (iv),mha06-100,BAKUGO IV REGIO,air,3-3-0,3,3,0,3-3-0,3,3,0,0,1,60,10
2025-08-23_alicante-regional#19,2025-08-23_alicante-regional,19,mitchell cimino,promo2025-053,Mancer Deck,order,3-3-0,3,3,0,3-3-0,3,3,0,0,1,62,10
2025-08-23_alicante-regional#20,2025-08-23_alicante-regional,20,"reiner braun, warrior // reiner, armored titan advancing",aot02-013,Paulino  Deck,fire,3-3-0,3,3,0,3-3-0,3,3,0,0,1,77,10
2025-08-23_alicante-regional#21,2025-08-23_alicante-regional,21,"godzilla, king of the monsters",cha03gmm-001,Wertry  Deck,chaos,3-3-0,3,3,0,3-3-0,3,3,0,0,1,60,10
2025-08-23_alicante-regional#22,2025-08-23_alicante-regional,22,"godzilla, king of the monsters",cha03gmm-001,Godzilla,earth,3-3-0,3,3,0,3-3-0,3,3,0,0,1,64,10
2025-08-23_alicante-regional#23,2025-08-23_alicante-regional,23,"bertolt hoover // bertolt, colossus titan",aot01-005,Carlos S Deck,chaos,2-1-3,2,1,3,2-1-3,2,1,3,0,1,66,10
2025-08-23_alicante-regional#24,2025-08-23_alicante-regional,24,"godzilla, king of the monsters",cha03gmm-001,So I learned my lesson from trying to use this deck builder on the phone. And yea it was terrible spent $1500 on a new laptop. site crashed twice didnt save the deck one and finally let me save it correctly. I dont ask for much but gonna get matt on the payroll to sort this out its legit the worst part of events,chaos,2-1-3,2,1,3,2-1-3,2,1,3,0,1,67,10
2025-08-23_alicante-regional#25,2025-08-23_alicante-regional,25,"reiner braun // reiner, armored titan",aot01-017,Jose M Deck,death,2-1-3,2,1,3,2-1-3,2,1,3,0,1,60,10
2025-08-23_alicante-regional#26,2025-08-23_alicante-regional,26,hange zoë,aot01-010,Dan A Deck,fire,2-2-2,2,2,2,2-2-2,2,2,2,0,1,60,10
2025-08-23_alicante-regional#27,2025-08-23_alicante-regional,27,"reiner braun, warrior // reiner, armored titan advancing",aot02-013,Mattia Rustignoli Deck,chaos,2-2-2,2,2,2,2-2-2,2,2,2,0,1,68,10
2025-08-23_alicante-regional#28,2025-08-23_alicante-regional,28,byakko,yyhdt-162,Brais Deck,earth,2-2-2,2,2,2,2-2-2,2,2,2,0,1,68,10
2025-08-23_alicante-regional#29,2025-08-23_alicante-regional,29,katsuki bakugo (iv),mha06-100,mario S Deck,air,2-3-1,2,3,1,2-3-1,2,3,1,0,1,61,10
2025-08-23_alicante-regional#30,2025-08-23_alicante-regional,30,"allura vysoren, arcanist of tal'dorei",cr02-001,UniVersus.cards,void,2-3-1,2,3,1,2-3-1,2,3,1,0,1,70,10
2025-08-23_alicante-regional#31,2025-08-23_alicante-regional,31,"rodan, giant monster of the sky",cha03krm-003,sergio t Deck,void,2-3-1,2,3,1,2-3-1,2,3,1,0,1,79,10
2025-08-23_alicante-regional#32,2025-08-23_alicante-regional,32,"pike trickfoot, ferocious priestess",cr02-014,Pike Trickfoot MR,life,2-3-1,2,3,1,2-3-1,2,3,1,0,1,61,10
2025-08-23_alicante-regional#33,2025-08-23_alicante-regional,33,"godzilla, king of the monsters",cha03gmm-001,Iv√°n S Deck,chaos,2-3-1,2,3,1,2-3-1,2,3,1,0,1,60,10
2025-08-23_alicante-regional#34,2025-08-23_alicante-regional,34,"armin arlert, power of the colossus // colossus titan, finale",aot03-002,Armin Artlet 4 Fire,fire,2-4-0,2,4,0,2-4-0,2,4,0,0,1,68,10
2025-08-23_alicante-regional#35,2025-08-23_alicante-regional,35,"jamie siu, peacekeeping breakdancer",sf60x-023,Dario Gosalbez Deck,air,2-4-0,2,4,0,2-4-0,2,4,0,0,1,63,0
2025-08-23_alicante-regional#36,2025-08-23_alicante-regional,36,"izuku midoriya, on the move // izuku midoriya, quirks unleashed",mha08-001,deku,life,2-4-0,2,4,0,2-4-0,2,4,0,0,1,70,0
2025-08-23_alicante-regional#37,2025-08-23_alicante-regional,37,smiling titan,aot01-019,Éire Deck,death,1-3-2,1,3,2,1-3-2,1,3,2,0,1,64,10
2025-08-23_alicante-regional#38,2025-08-23_alicante-regional,38,hawks (i),mha06-073,LAURA S Deck,order,1-3-2,1,3,2,1-3-2,1,3,2,0,1,68,10
2025-08-23_alicante-regional#39,2025-08-23_alicante-regional,39,"godzilla, king of the monsters",cha03gmm-001,Moisés Suárez Deck,earth,1-3-2,1,3,2,1-3-2,1,3,2,0,1,62,0
2025-08-23_alicante-regional#40,2025-08-23_alicante-regional,40,"izuku midoriya, on the move // izuku midoriya, quirks unleashed",mha08-001,ADRIAN S Deck,good,1-3-2,1,3,2,1-3-2,1,3,2,0,1,72,10
2025-08-23_alicante-regional#41,2025-08-23_alicante-regional,41,byakko,yyhdt-162,Markos BS Deck,earth,0-3-2 +1 bye,,,,0-3-2,0,3,2,0,1,64,10
2025-08-23_alicante-regional#42,2025-08-23_alicante-regional,42,himiko toga (iii),mha06-001,Himiko Toga Bun Deck,chaos,0-4-1 +1 bye,,,,0-4-1,0,4,1,0,1,64,10
2025-08-23_alicante-regional#43,2025-08-23_alicante-regional,43,"eren yeager, promising scout // attack titan, ferocious challenger",aot01-331,Marc E Deck,fire,0-4-1 +1 bye,,,,0-4-1,0,4,1,0,1,68,10
2025-08-23_alicante-regional#44,2025-08-23_alicante-regional,44,"reiner braun // reiner, armored titan",aot01-017,Greg WarningTeam,death,1-2-0,1,2,0,1-2-0,1,2,0,0,1,60,10
2025-08-23_alicante-regional#45,2025-08-23_alicante-regional,45,levi ackerman,aot01-014,√Ålvaro C Deck,air,1-5-0,1,5,0,1-5-0,1,5,0,0,1,60,10
2025-08-23_alicante-regional#46,2025-08-23_alicante-regional,46,"falco grice // jaw titan, flying form",aot03-005,Falco Regional Alicante 2025,chaos,0-2-0 +1 bye,,,,0-2-0,0,2,0,0,1,69,10
2025-08-23_alicante-regional#47,2025-08-23_alicante-regional,47,"reiner braun, marley’s shield // armored titan, finale",aot03-013,Reiner,chaos,0-5-0 +1 bye,,,,0-5-0,0,5,0,0,1,67,10
2025-08-29_canberra-regional#1,2025-08-29_canberra-regional,1,"reiner braun // reiner, armored titan",aot01-017,Kailub Ives Deck,death,4-1-1,4,1,1,7-1-1,7,1,1,1,1,66,10
2025-08-29_canberra-regional#2,2025-08-29_canberra-regional,2,mimic (i),mha05-114,mimic earth regionals,earth,4-1-1,4,1,1,6-2-1,6,2,1,1,1,64,10
2025-08-29_canberra-regional#3,2025-08-29_canberra-regional,3,hawks (i),mha06-073,Hawks chan's legally distinct dimensional merge pty Ltd,order,4-0-2,4,0,2,5-1-2,5,1,2,1,1,76,10
2025-08-29_canberra-regional#4,2025-08-29_canberra-regional,4,byakko,yyhdt-162,Sam T Deck,earth,4-1-1,4,1,1,5-2-1,5,2,1,1,1,111,10
2025-08-29_canberra-regional#5,2025-08-29_canberra-regional,5,pony tsunotori,mha07-098,Alex G (Kumiho) Deck,earth,4-0-2,4,0,2,4-1-2,4,1,2,1,1,63,10
2025-08-29_canberra-regional#6,2025-08-29_canberra-regional,6,hawks (i),mha06-073,Setting the Hawks,order,4-0-2,4,0,2,4-1-2,4,1,2,1,1,74,10
2025-08-29_canberra-regional#7,2025-08-29_canberra-regional,7,"raphael, the muscle",tmnt01-010,Kai Deck,good,4-1-1,4,1,1,4-2-1,4,2,1,1,1,62,0
2025-08-29_canberra-regional#8,2025-08-29_canberra-regional,8,"eren yeager, humanity's hope // eren, attack titan advancing",aot02-005,Storlax Deck,order,4-1-1,4,1,1,4-2-1,4,2,1,1,1,68,10
2025-08-29_canberra-regional#9,2025-08-29_canberra-regional,9,"godzilla, king of the monsters",cha03gmm-001,God of the Lizards,earth,4-2-0,4,2,0,4-2-0,4,2,0,0,1,66,10
2025-08-29_canberra-regional#10,2025-08-29_canberra-regional,10,"allura vysoren, arcanist of tal'dorei",cr02-001,Allura Brrrrr,chaos,4-2-0,4,2,0,4-2-0,4,2,0,0,1,68,10
2025-08-29_canberra-regional#11,2025-08-29_canberra-regional,11,mimic (i),mha05-114,Ewen K Deck,chaos,4-2-0,4,2,0,4-2-0,4,2,0,0,1,60,0
2025-08-29_canberra-regional#12,2025-08-29_canberra-regional,12,"izuku midoriya, on the move // izuku midoriya, quirks unleashed",mha08-001,Connor R Deck,water,3-0-3,3,0,3,3-0-3,3,0,3,0,1,72,10
2025-08-29_canberra-regional#13,2025-08-29_canberra-regional,13,katsuki bakugo (iv),mha06-100,Phoenix Deck,death,3-1-2,3,1,2,3-1-2,3,1,2,0,1,66,10
2025-08-29_canberra-regional#14,2025-08-29_canberra-regional,14,hawks (i),mha06-073,Setting the Feathers,order,3-1-2,3,1,2,3-1-2,3,1,2,0,1,74,10
2025-08-29_canberra-regional#15,2025-08-29_canberra-regional,15,"grog strongjaw, mighty half-giant",cr02-007,Grogery,earth,3-2-1,3,2,1,3-2-1,3,2,1,0,1,73,10
2025-08-29_canberra-regional#16,2025-08-29_canberra-regional,16,"brad boimler, acting captain",stk0x-024,Aidan G Deck,order,3-2-1,3,2,1,3-2-1,3,2,1,0,1,63,10
2025-08-29_canberra-regional#17,2025-08-29_canberra-regional,17,"faye, queen of hearts",cb02-002,Faye ACT Regional,water,3-2-1,3,2,1,3-2-1,3,2,1,0,1,71,10
2025-08-29_canberra-regional#18,2025-08-29_canberra-regional,18,hange zoë,aot01-010,Hange and friends,life,2-2-1 +1 bye,,,,2-2-1,2,2,1,0,1,77,10
2025-08-29_canberra-regional#19,2025-08-29_canberra-regional,19,devil jin,tk801-040,zachary c Deck,chaos,3-3-0,3,3,0,3-3-0,3,3,0,0,1,66,10
2025-08-29_canberra-regional#20,2025-08-29_canberra-regional,20,"reiner braun, warrior // reiner, armored titan advancing",aot02-013,"Quirked up Reiner list, with the sauce",chaos,3-3-0,3,3,0,3-3-0,3,3,0,0,1,77,10
2025-08-29_canberra-regional#21,2025-08-29_canberra-regional,21,hange zoë,aot01-010,Hange Life,life,3-3-0,3,3,0,3-3-0,3,3,0,0,1,64,10
2025-08-29_canberra-regional#22,2025-08-29_canberra-regional,22,krista lenz,aot01-013,Are you doing okay?,chaos,3-3-0,3,3,0,3-3-0,3,3,0,0,1,70,10
2025-08-29_canberra-regional#23,2025-08-29_canberra-regional,23,devil jin,tk801-040,Chaos DvJ,chaos,3-3-0,3,3,0,3-3-0,3,3,0,0,1,64,10
2025-08-29_canberra-regional#24,2025-08-29_canberra-regional,24,"godzilla, king of the monsters",cha03gmm-001,Joel Burgess Deck,chaos,3-3-0,3,3,0,3-3-0,3,3,0,0,1,72,10
2025-08-29_canberra-regional#25,2025-08-29_canberra-regional,25,kyoka jiro (ii),mha06-109,I count to 25,life,3-3-0,3,3,0,3-3-0,3,3,0,0,1,68,10
2025-08-29_canberra-regional#26,2025-08-29_canberra-regional,26,himiko toga (iii),mha06-001,Cube's Toga III Deck,chaos,3-3-0,3,3,0,3-3-0,3,3,0,0,1,66,10
2025-08-29_canberra-regional#27,2025-08-29_canberra-regional,27,"zeke yeager, warchief",aot03-015,BJ C Deck,chaos,2-2-2,2,2,2,2-2-2,2,2,2,0,1,75,10
2025-08-29_canberra-regional#28,2025-08-29_canberra-regional,28,"izuku midoriya, on the move // izuku midoriya, quirks unleashed",mha08-001,DUCK DEKU,void,2-3-1,2,3,1,2-3-1,2,3,1,0,1,67,10
2025-08-29_canberra-regional#29,2025-08-29_canberra-regional,29,himiko toga (iii),mha06-001,FateArthur Deck,chaos,2-3-1,2,3,1,2-3-1,2,3,1,0,1,64,10
2025-08-29_canberra-regional#30,2025-08-29_canberra-regional,30,sir nighteye (i),mha05-082,"Nice looking deck, glad their faceup in remove",death,2-3-1,2,3,1,2-3-1,2,3,1,0,1,77,10
2025-08-29_canberra-regional#31,2025-08-29_canberra-regional,31,"vax’ildan, dagger master",cr02-018,Will H Deck,death,2-3-1,2,3,1,2-3-1,2,3,1,0,1,65,10
2025-08-29_canberra-regional#32,2025-08-29_canberra-regional,32,"godzilla, king of the monsters",cha03gmm-001,Nathan A Deck,chaos,2-3-1,2,3,1,2-3-1,2,3,1,0,1,68,10
2025-08-29_canberra-regional#33,2025-08-29_canberra-regional,33,"jester lavorre, prankster priestess",crmn-001,Canberra Regionals 2025,chaos,2-3-1,2,3,1,2-3-1,2,3,1,0,1,70,10
2025-08-29_canberra-regional#34,2025-08-29_canberra-regional,34,muscular (i),mha04-073,Muscular moving mountains,earth,2-3-1,2,3,1,2-3-1,2,3,1,0,1,69,10
2025-08-29_canberra-regional#35,2025-08-29_canberra-regional,35,"kenny ackerman, the ripper",aot02-010,Kenny's Revenge,death,2-4-0,2,4,0,2-4-0,2,4,0,0,1,64,10
2025-08-29_canberra-regional#36,2025-08-29_canberra-regional,36,mimic (i),mha05-114,Reed  Deck,evil,2-4-0,2,4,0,2-4-0,2,4,0,0,1,72,10
2025-08-29_canberra-regional#37,2025-08-29_canberra-regional,37,spinner (i),mha04-082,Spinner Order,order,2-4-0,2,4,0,2-4-0,2,4,0,0,1,66,10
2025-08-29_canberra-regional#38,2025-08-29_canberra-regional,38,"izuku midoriya, on the move // izuku midoriya, quirks unleashed",mha08-001,25 Canberra Deku6Air,water,2-4-0,2,4,0,2-4-0,2,4,0,0,1,69,10
2025-08-29_canberra-regional#39,2025-08-29_canberra-regional,39,"godzilla, king of the monsters",cha03gmm-001,earth Godzilla,earth,1-4-1,1,4,1,1-4-1,1,4,1,0,1,68,10
2025-08-29_canberra-regional#40,2025-08-29_canberra-regional,40,"allura vysoren, arcanist of tal'dorei",cr02-001,Falling Robot,chaos,1-4-1,1,4,1,1-4-1,1,4,1,0,1,60,10
2025-08-29_canberra-regional#41,2025-08-29_canberra-regional,41,"d'vana tendi, eager science officer",stk0x-045,Dodgie Deck,life,1-4-1,1,4,1,1-4-1,1,4,1,0,1,60,10
2025-08-29_canberra-regional#42,2025-08-29_canberra-regional,42,byakko,yyhdt-162,Adam R Deck,earth,1-4-0,1,4,0,1-4-0,1,4,0,0,1,84,10
2025-08-29_canberra-regional#43,2025-08-29_canberra-regional,43,hange zoë,aot01-010,Hange zoe,life,1-5-0,1,5,0,1-5-0,1,5,0,0,1,66,10
2025-08-29_canberra-regional#44,2025-08-29_canberra-regional,44,"raphael, the muscle",tmnt01-010,Josh J Deck,fire,0-5-0 +1 bye,,,,0-5-0,0,5,0,0,1,60,0
2025-08-29_canberra-regional#45,2025-08-29_canberra-regional,45,"kurama, youko unleashed",yyhdt-064,Grace B Deck,water,0-1-0,0,1,0,0-1-0,0,1,0,0,1,75,0
2025-08-29_canberra-regional#46,2025-08-29_canberra-regional,46,vash the stampede,ts01-001,Stunted Deck,all,0-3-0,0,3,0,0-3-0,0,3,0,0,1,81,0
2025-08-29_canberra-regional#47,2025-08-29_canberra-regional,47,"chun-li, martial arts master",sf60x-022,Chun-Li,water,0-3-0,0,3,0,0-3-0,0,3,0,0,1,60,0
2025-09-06_ontario-regional#1,2025-09-06_ontario-regional,1,"godzilla, king of the monsters",cha03gmm-001,Interrupted Kaiju Slumber,chaos,4-1-1,4,1,1,7-1-1,7,1,1,1,1,60,10
2025-09-06_ontario-regional#2,2025-09-06_ontario-regional,2,"izuku midoriya, on the move // izuku midoriya, quirks unleashed",mha08-001,Toronto,air,4-1-1,4,1,1,6-2-1,6,2,1,1,1,72,10
2025-09-06_ontario-regional#3,2025-09-06_ontario-regional,3,overhaul (i),mha05-019,Salvation Army,life,4-1-1,4,1,1,5-2-1,5,2,1,1,1,61,10
2025-09-06_ontario-regional#4,2025-09-06_ontario-regional,4,pony tsunotori,mha07-098,Forbidden Creation - Isomer 75,air,4-1-1,4,1,1,5-2-1,5,2,1,1,1,63,10
2025-09-06_ontario-regional#5,2025-09-06_ontario-regional,5,"zeke yeager, warchief",aot03-015,Perfected the ooze,life,5-0-1,5,0,1,5-1-1,5,1,1,1,1,70,10
2025-09-06_ontario-regional#6,2025-09-06_ontario-regional,6,hawks (i),mha06-073,Put Toronto in the bag and nobody gets hurt,order,5-1-0,5,1,0,5-2-0,5,2,0,1,1,70,10
2025-09-06_ontario-regional#7,2025-09-06_ontario-regional,7,"rodan, giant monster of the sky",cha03krm-003,"Rodan (Japanese: ラドン, Hepburn: Radon) is a giant monster, or kaiju, which first appeared in Ishirō H",void,4-0-2,4,0,2,4-1-2,4,1,2,1,1,73,10
2025-09-06_ontario-regional#8,2025-09-06_ontario-regional,8,"zeke yeager, warchief",aot03-015,monke,chaos,4-0-2,4,0,2,4-1-2,4,1,2,1,1,61,10
2025-09-06_ontario-regional#9,2025-09-06_ontario-regional,9,"pieck finger, panzer unit cartman // cart titan, finale",aot03-011,It’d be lazy to put a Templar joke here,death,4-2-0,4,2,0,4-2-0,4,2,0,0,1,69,10
2025-09-06_ontario-regional#10,2025-09-06_ontario-regional,10,"izuku midoriya, on the move // izuku midoriya, quirks unleashed",mha08-001,Deku - The King Beyond the Wall,air,4-2-0,4,2,0,4-2-0,4,2,0,0,1,67,10
2025-09-06_ontario-regional#11,2025-09-06_ontario-regional,11,pony tsunotori,mha07-098,Jump on It,air,4-2-0,4,2,0,4-2-0,4,2,0,0,1,62,10
2025-09-06_ontario-regional#12,2025-09-06_ontario-regional,12,"donatello, the smart one",tmnt01-004,idk man I just work here,void,3-1-2,3,1,2,3-1-2,3,1,2,0,1,75,10
2025-09-06_ontario-regional#13,2025-09-06_ontario-regional,13,"godzilla, king of the monsters",cha03gmm-001,Josh H - Canada 2025,chaos,3-1-2,3,1,2,3-1-2,3,1,2,0,1,60,10
2025-09-06_ontario-regional#14,2025-09-06_ontario-regional,14,byakko,yyhdt-162,Richard C Deck,earth,3-2-1,3,2,1,3-2-1,3,2,1,0,1,85,10
2025-09-06_ontario-regional#15,2025-09-06_ontario-regional,15,hange zoë,aot01-010,Justin Burch Deck,fire,3-2-1,3,2,1,3-2-1,3,2,1,0,1,61,10
2025-09-06_ontario-regional#16,2025-09-06_ontario-regional,16,"rodan, giant monster of the sky",cha03krm-003,Rodan Air,air,3-2-1,3,2,1,3-2-1,3,2,1,0,1,70,10
2025-09-06_ontario-regional#17,2025-09-06_ontario-regional,17,"grog strongjaw, mighty half-giant",cr02-007,Patrick C Deck,earth,3-2-1,3,2,1,3-2-1,3,2,1,0,1,60,10
2025-09-06_ontario-regional#18,2025-09-06_ontario-regional,18,pony tsunotori,mha07-098,TTP Pony,air,3-2-1,3,2,1,3-2-1,3,2,1,0,1,60,10
2025-09-06_ontario-regional#19,2025-09-06_ontario-regional,19,"kenny ackerman, the ripper",aot02-010,Pierre-Francois B Deck,chaos,3-2-1,3,2,1,3-2-1,3,2,1,0,1,62,10
2025-09-06_ontario-regional#20,2025-09-06_ontario-regional,20,"rodan, giant monster of the sky",cha03krm-003,Canada Reg 2025,void,3-3-0,3,3,0,3-3-0,3,3,0,0,1,82,10
2025-09-06_ontario-regional#21,2025-09-06_ontario-regional,21,"pieck finger, panzer unit cartman // cart titan, finale",aot03-011,Rohan F Deck,death,3-3-0,3,3,0,3-3-0,3,3,0,0,1,71,10
2025-09-06_ontario-regional#22,2025-09-06_ontario-regional,22,paul phoenix,tk801-043,Alessandro V Deck,all,3-3-0,3,3,0,3-3-0,3,3,0,0,1,73,10
2025-09-06_ontario-regional#23,2025-09-06_ontario-regional,23,"godzilla, king of the monsters",cha03gmm-001,Earth Effects,earth,3-3-0,3,3,0,3-3-0,3,3,0,0,1,60,10
2025-09-06_ontario-regional#24,2025-09-06_ontario-regional,24,mirio togata (i),mha05-001,Mirio Canada,chaos,3-3-0,3,3,0,3-3-0,3,3,0,0,1,60,10
2025-09-06_ontario-regional#25,2025-09-06_ontario-regional,25,"mikasa ackerman, hizuru’s hope",aot03-010,The Cervini Special,death,3-3-0,3,3,0,3-3-0,3,3,0,0,1,72,10
2025-09-06_ontario-regional#26,2025-09-06_ontario-regional,26,"ryu, world warrior",sf60x-001,Somewhere in the Static,void,3-3-0,3,3,0,3-3-0,3,3,0,0,1,67,10
2025-09-06_ontario-regional#27,2025-09-06_ontario-regional,27,"reiner braun // reiner, armored titan",aot01-017,Reiner deck,death,4-2-0,4,2,0,4-2-0,4,2,0,0,1,60,10
2025-09-06_ontario-regional#28,2025-09-06_ontario-regional,28,"mikasa ackerman, hizuru’s hope",aot03-010,Pamela J Deck,death,3-3-0,3,3,0,3-3-0,3,3,0,0,1,63,10
2025-09-06_ontario-regional#29,2025-09-06_ontario-regional,29,"godzilla, king of the monsters",cha03gmm-001,Maxime B Deck,earth,3-3-0,3,3,0,3-3-0,3,3,0,0,1,69,10
2025-09-06_ontario-regional#30,2025-09-06_ontario-regional,30,paul phoenix,tk801-043,Nicolas T Deck,order,2-2-2,2,2,2,2-2-2,2,2,2,0,1,67,10
2025-09-06_ontario-regional#31,2025-09-06_ontario-regional,31,pony tsunotori,mha07-098,Senpai’s Pony,air,2-3-1,2,3,1,2-3-1,2,3,1,0,1,63,10
2025-09-06_ontario-regional#32,2025-09-06_ontario-regional,32,pony tsunotori,mha07-098,Mike L Deck,air,2-3-1,2,3,1,2-3-1,2,3,1,0,1,70,10
2025-09-06_ontario-regional#33,2025-09-06_ontario-regional,33,"sam rutherford, devron racer",stk0x-068,Toronto 2025 Regional Decklist,order,2-3-1,2,3,1,2-3-1,2,3,1,0,1,70,10
2025-09-06_ontario-regional#34,2025-09-06_ontario-regional,34,"king ghidorah, emperor of the cosmos",cha03krm-001,Ryan F Deck,void,2-3-1,2,3,1,2-3-1,2,3,1,0,1,71,10
2025-09-06_ontario-regional#35,2025-09-06_ontario-regional,35,sir nighteye (i),mha05-082,Nighteye's Terrorism 2.0,death,2-3-1,2,3,1,2-3-1,2,3,1,0,1,73,10
2025-09-06_ontario-regional#36,2025-09-06_ontario-regional,36,vash the stampede,ts01-001,CA - Vash,confused,2-4-0,2,4,0,2-4-0,2,4,0,0,1,70,10
2025-09-06_ontario-regional#37,2025-09-06_ontario-regional,37,"pumat sol, magical proprietor",cr02-015,Pumat Sol,air,2-4-0,2,4,0,2-4-0,2,4,0,0,1,64,10
2025-09-06_ontario-regional#38,2025-09-06_ontario-regional,38,"godzilla, king of the monsters",cha03gmm-001,HeroOfTime247 Deck,water,2-4-0,2,4,0,2-4-0,2,4,0,0,1,63,0
2025-09-06_ontario-regional#39,2025-09-06_ontario-regional,39,"izuku midoriya, on the move // izuku midoriya, quirks unleashed",mha08-001,Deku with a Gun,water,2-4-0,2,4,0,2-4-0,2,4,0,0,1,66,10
2025-09-06_ontario-regional#40,2025-09-06_ontario-regional,40,"annie leonhart, awakened // female titan, finale",aot03-001,Annie is OK,chaos,2-4-0,2,4,0,2-4-0,2,4,0,0,1,69,10
2025-09-06_ontario-regional#41,2025-09-06_ontario-regional,41,"annie leonhart // annie, female titan",aot01-001,Annie & The Dooplers,life,2-4-0,2,4,0,2-4-0,2,4,0,0,1,65,10
2025-09-06_ontario-regional#42,2025-09-06_ontario-regional,42,"ryu, world warrior",sf60x-001,just a little guy,void,2-4-0,2,4,0,2-4-0,2,4,0,0,1,60,10
2025-09-06_ontario-regional#43,2025-09-06_ontario-regional,43,krista lenz,aot01-013,Krista - Chaos,chaos,1-2-3,1,2,3,1-2-3,1,2,3,0,1,60,10
2025-09-06_ontario-regional#44,2025-09-06_ontario-regional,44,hawks (i),mha06-073,Hawk Tuah,evil,1-4-1,1,4,1,1-4-1,1,4,1,0,1,75,10
2025-09-06_ontario-regional#45,2025-09-06_ontario-regional,45,mt. lady (ii),mha07-064,Giant Woman,earth,1-3-0,1,3,0,1-3-0,1,3,0,0,1,65,10
2025-09-06_ontario-regional#46,2025-09-06_ontario-regional,46,"donatello, the smart one",tmnt01-004,Ryan Deck,void,1-5-0,1,5,0,1-5-0,1,5,0,0,1,60,0
2025-09-06_ontario-regional#47,2025-09-06_ontario-regional,47,"annie leonhart, awakened // female titan, finale",aot03-001,Calling for Backup,chaos,0-5-0 +1 bye,,,,0-5-0,0,5,0,0,1,65,10
2025-09-06_ontario-regional#48,2025-09-06_ontario-regional,48,"sam rutherford, devron racer",stk0x-068,Sam the man,air,1-5-0,1,5,0,1-5-0,1,5,0,0,1,69,10
2025-09-06_ontario-regional#49,2025-09-06_ontario-regional,49,"jamie siu, peacekeeping breakdancer",sf60x-023,Kenny Deck,water,0-5-0 +1 bye,,,,0-5-0,0,5,0,0,1,99,10
2025-09-06_ontario-regional#50,2025-09-06_ontario-regional,50,"vex’ahlia, resourceful hunter",crvm-002,DCM_0069 Deck,life,1-5-0,1,5,0,1-5-0,1,5,0,0,1,60,0
2025-10-03_atlanta-regional#1,2025-10-03_atlanta-regional,1,"rodan, giant monster of the sky",cha03krm-003,"SHE WORE A CROWN AND SHE CAME DOWN IN A BUBBLE DAWG GROW UP BRUH, GROW UP!",void,5-1-2,5,1,2,9-1-2,9,1,2,1,1,72,10
2025-10-03_atlanta-regional#2,2025-10-03_atlanta-regional,2,"porco galliard // jaw titan, crushing biter",aot03-012,Jorge R Deck,fire,6-2-0,6,2,0,9-3-0,9,3,0,1,1,60,10
2025-10-03_atlanta-regional#3,2025-10-03_atlanta-regional,3,devil jin,tk801-040,the wubs list,chaos,6-1-1,6,1,1,8-2-1,8,2,1,1,1,62,10
2025-10-03_atlanta-regional#4,2025-10-03_atlanta-regional,4,"porco galliard // jaw titan, crushing biter",aot03-012,Porco 2.0,fire,6-1-1,6,1,1,8-2-1,8,2,1,1,1,60,10
2025-10-03_atlanta-regional#5,2025-10-03_atlanta-regional,5,krista lenz,aot01-013,Krista runback,chaos,6-0-2,6,0,2,7-1-2,7,1,2,1,1,66,10
2025-10-03_atlanta-regional#6,2025-10-03_atlanta-regional,6,"godzilla, king of the monsters",cha03gmm-001,Godzilleerrrrr,chaos,6-2-0,6,2,0,7-3-0,7,3,0,1,1,60,10
2025-10-03_atlanta-regional#7,2025-10-03_atlanta-regional,7,"godzilla, king of the monsters",cha03gmm-001,NES Man in the Suit 54,chaos,6-2-0,6,2,0,7-3-0,7,3,0,1,1,60,10
2025-10-03_atlanta-regional#8,2025-10-03_atlanta-regional,8,pony tsunotori,mha07-098,Pony,earth,6-2-0,6,2,0,7-3-0,7,3,0,1,1,60,10
2025-10-03_atlanta-regional#9,2025-10-03_atlanta-regional,9,devil jin,tk801-040,Devil jin,chaos,6-0-2,6,0,2,6-1-2,6,1,2,1,1,60,10
2025-10-03_atlanta-regional#10,2025-10-03_atlanta-regional,10,"godzilla, king of the monsters",cha03gmm-001,Ryan F Deck,chaos,6-1-1,6,1,1,6-2-1,6,2,1,1,1,60,10
2025-10-03_atlanta-regional#11,2025-10-03_atlanta-regional,11,hange zoë,aot01-010,Sawney and Bean,fire,6-1-1,6,1,1,6-2-1,6,2,1,1,1,62,10
2025-10-03_atlanta-regional#12,2025-10-03_atlanta-regional,12,"izuku midoriya, on the move // izuku midoriya, quirks unleashed",mha08-001,Birthday Buff Deku,air,6-2-0,6,2,0,6-3-0,6,3,0,1,1,70,10
2025-10-03_atlanta-regional#13,2025-10-03_atlanta-regional,13,hange zoë,aot01-010,Atlanta Regional 2025,fire,6-2-0,6,2,0,6-3-0,6,3,0,1,1,60,10
2025-10-03_atlanta-regional#14,2025-10-03_atlanta-regional,14,"zeke yeager // zeke, beast titan",aot02-015,“”Justin Martin” “Deck””,life,5-0-3,5,0,3,5-1-3,5,1,3,1,1,67,10
2025-10-03_atlanta-regional#15,2025-10-03_atlanta-regional,15,hange zoë,aot01-010,Big Smack,life,5-1-2,5,1,2,5-2-2,5,2,2,1,1,63,10
2025-10-03_atlanta-regional#16,2025-10-03_atlanta-regional,16,hange zoë,aot01-010,Andrew M Deck,fire,5-1-2,5,1,2,5-2-2,5,2,2,1,1,60,10
2025-10-03_atlanta-regional#17,2025-10-03_atlanta-regional,17,"hange zoë, four eyes",aot02-007,I got a Glock in my ‘rari,death,5-1-2,5,1,2,5-1-2,5,1,2,0,1,74,10
2025-10-03_atlanta-regional#18,2025-10-03_atlanta-regional,18,"godzilla, king of the monsters",cha03gmm-001,Skreeeeoooonk atl,earth,5-2-1,5,2,1,5-2-1,5,2,1,0,1,66,10
2025-10-03_atlanta-regional#19,2025-10-03_atlanta-regional,19,"zeke yeager // zeke, beast titan",aot02-015,euhhhhhh im the beast titan....,life,5-2-1,5,2,1,5-2-1,5,2,1,0,1,64,10
2025-10-03_atlanta-regional#20,2025-10-03_atlanta-regional,20,devil jin,tk801-040,WHO NEEDS TO PLAYTEST,chaos,5-2-1,5,2,1,5-2-1,5,2,1,0,1,62,10
2025-10-03_atlanta-regional#21,2025-10-03_atlanta-regional,21,hawks (i),mha06-073,Hawks is so cool,order,5-2-1,5,2,1,5-2-1,5,2,1,0,1,73,10
2025-10-03_atlanta-regional#22,2025-10-03_atlanta-regional,22,devil jin,tk801-040,Not My Devil Jin Deck - ATL Regional,chaos,5-3-0,5,3,0,5-3-0,5,3,0,0,1,62,10
2025-10-03_atlanta-regional#23,2025-10-03_atlanta-regional,23,"rodan, giant monster of the sky",cha03krm-003,Carson P Deck,air,5-3-0,5,3,0,5-3-0,5,3,0,0,1,92,0
2025-10-03_atlanta-regional#24,2025-10-03_atlanta-regional,24,hange zoë,aot01-010,Experiments Before Ethics,fire,5-3-0,5,3,0,5-3-0,5,3,0,0,1,75,10
2025-10-03_atlanta-regional#25,2025-10-03_atlanta-regional,25,pony tsunotori,mha07-098,Atlanta Pony Club,earth,5-3-0,5,3,0,5-3-0,5,3,0,0,1,62,10
2025-10-03_atlanta-regional#26,2025-10-03_atlanta-regional,26,"godzilla, king of the monsters",cha03gmm-001,ATL Godzilla,chaos,5-3-0,5,3,0,5-3-0,5,3,0,0,1,60,10
2025-10-03_atlanta-regional#27,2025-10-03_atlanta-regional,27,"ryu, world warrior",sf60x-001,Leonine Bite,fire,5-3-0,5,3,0,5-3-0,5,3,0,0,1,62,10
2025-10-03_atlanta-regional#28,2025-10-03_atlanta-regional,28,hawks (i),mha06-073,oh these? my assets?,order,5-3-0,5,3,0,5-3-0,5,3,0,0,1,69,10
2025-10-03_atlanta-regional#29,2025-10-03_atlanta-regional,29,"godzilla, king of the monsters",cha03gmm-001,Return to Goji,earth,5-3-0,5,3,0,5-3-0,5,3,0,0,1,66,10
2025-10-03_atlanta-regional#30,2025-10-03_atlanta-regional,30,"godzilla, king of the monsters",cha03gmm-001,Zilla ATL,chaos,5-3-0,5,3,0,5-3-0,5,3,0,0,1,60,10
2025-10-03_atlanta-regional#31,2025-10-03_atlanta-regional,31,"reiner braun // reiner, armored titan",aot01-017,Reiner,death,5-3-0,5,3,0,5-3-0,5,3,0,0,1,65,10
2025-10-03_atlanta-regional#32,2025-10-03_atlanta-regional,32,"godzilla, king of the monsters",cha03gmm-001,Colin C Deck,chaos,5-3-0,5,3,0,5-3-0,5,3,0,0,1,60,10
2025-10-03_atlanta-regional#33,2025-10-03_atlanta-regional,33,pony tsunotori,mha07-098,Disaster Pony,earth,5-3-0,5,3,0,5-3-0,5,3,0,0,1,66,10
2025-10-03_atlanta-regional#34,2025-10-03_atlanta-regional,34,"zeke yeager, warchief",aot03-015,Garett B Deck - Atlanta Regional 10042025 - SF,life,5-3-0,5,3,0,5-3-0,5,3,0,0,1,77,10
2025-10-03_atlanta-regional#35,2025-10-03_atlanta-regional,35,edgeshot (i),mha06-146,Edgeshot Atlanta,void,5-3-0,5,3,0,5-3-0,5,3,0,0,1,64,10
2025-10-03_atlanta-regional#36,2025-10-03_atlanta-regional,36,"godzilla, king of the monsters",cha03gmm-001,Thomas G Zilla,chaos,5-3-0,5,3,0,5-3-0,5,3,0,0,1,60,10
2025-10-03_atlanta-regional#37,2025-10-03_atlanta-regional,37,"godzilla, king of the monsters",cha03gmm-001,Atl regional,chaos,5-3-0,5,3,0,5-3-0,5,3,0,0,1,60,10
2025-10-03_atlanta-regional#38,2025-10-03_atlanta-regional,38,mega mutant,tmnt01-007,Where Fog,all,5-3-0,5,3,0,5-3-0,5,3,0,0,1,62,10
2025-10-03_atlanta-regional#39,2025-10-03_atlanta-regional,39,smiling titan,aot01-019,Smiling Titan Death,death,4-2-2,4,2,2,4-2-2,4,2,2,0,1,61,10
2025-10-03_atlanta-regional#40,2025-10-03_atlanta-regional,40,"rodan, giant monster of the sky",cha03krm-003,Rodan Merge_Rev. 8.5 (ATL),void,4-2-2,4,2,2,4-2-2,4,2,2,0,1,82,10
2025-10-03_atlanta-regional#41,2025-10-03_atlanta-regional,41,"eren yeager, usurper // attack titan, finale",aot03-004,"If someone is willing to take my freedom, I won't hesitate to take theirs",chaos,4-2-2,4,2,2,4-2-2,4,2,2,0,1,64,10
2025-10-03_atlanta-regional#42,2025-10-03_atlanta-regional,42,"king ghidorah, emperor of the cosmos",cha03krm-001,My attacks don’t affect you? Who Decided that?,evil,4-3-1,4,3,1,4-3-1,4,3,1,0,1,74,10
2025-10-03_atlanta-regional#43,2025-10-03_atlanta-regional,43,"zeke yeager // zeke, beast titan",aot02-015,The Cooler Zeke Yeager (but probably worse),life,4-3-1,4,3,1,4-3-1,4,3,1,0,1,63,10
2025-10-03_atlanta-regional#44,2025-10-03_atlanta-regional,44,"rodan, giant monster of the sky",cha03krm-003,POP/STARS,void,4-3-1,4,3,1,4-3-1,4,3,1,0,1,72,10
2025-10-03_atlanta-regional#45,2025-10-03_atlanta-regional,45,"godzilla, king of the monsters",cha03gmm-001,Lunch break deck,chaos,4-3-1,4,3,1,4-3-1,4,3,1,0,1,64,10
2025-10-03_atlanta-regional#46,2025-10-03_atlanta-regional,46,kyoka jiro (ii),mha06-109,GetWeirder,water,4-3-1,4,3,1,4-3-1,4,3,1,0,1,73,10
2025-10-03_atlanta-regional#47,2025-10-03_atlanta-regional,47,smiling titan,aot01-019,Smiling Titan :),death,4-3-1,4,3,1,4-3-1,4,3,1,0,1,64,10
2025-10-03_atlanta-regional#48,2025-10-03_atlanta-regional,48,"king ghidorah, emperor of the cosmos",cha03krm-001,Matthew A Deck,evil,4-3-1,4,3,1,4-3-1,4,3,1,0,1,74,10
2025-10-03_atlanta-regional#49,2025-10-03_atlanta-regional,49,devil jin,tk801-040,The Devil’s Jin,chaos,4-4-0,4,4,0,4-4-0,4,4,0,0,1,62,10
2025-10-03_atlanta-regional#50,2025-10-03_atlanta-regional,50,pony tsunotori,mha07-098,I'm winning Atlanta I think,air,4-4-0,4,4,0,4-4-0,4,4,0,0,1,60,10
2025-10-03_atlanta-regional#51,2025-10-03_atlanta-regional,51,devil jin,tk801-040,"""Son of a Gun I'm In""",chaos,4-4-0,4,4,0,4-4-0,4,4,0,0,1,63,10
2025-10-03_atlanta-regional#52,2025-10-03_atlanta-regional,52,"izuku midoriya, on the move // izuku midoriya, quirks unleashed",mha08-001,This is the story of how I became the greatest hero the world has ever seen.,air,4-4-0,4,4,0,4-4-0,4,4,0,0,1,63,10
2025-10-03_atlanta-regional#53,2025-10-03_atlanta-regional,53,devil jin,tk801-040,ATL Diablo Jim,chaos,4-4-0,4,4,0,4-4-0,4,4,0,0,1,60,10
2025-10-03_atlanta-regional#54,2025-10-03_atlanta-regional,54,devil jin,tk801-040,I'm not gonna sugarcoat it,chaos,4-4-0,4,4,0,4-4-0,4,4,0,0,1,62,10
2025-10-03_atlanta-regional#55,2025-10-03_atlanta-regional,55,"mikasa ackerman, hizuru’s hope",aot03-010,Guillermo M Deck,death,4-4-0,4,4,0,4-4-0,4,4,0,0,1,73,10
2025-10-03_atlanta-regional#56,2025-10-03_atlanta-regional,56,"izuku midoriya, on the move // izuku midoriya, quirks unleashed",mha08-001,Toronto,air,4-4-0,4,4,0,4-4-0,4,4,0,0,1,72,10
2025-10-03_atlanta-regional#57,2025-10-03_atlanta-regional,57,byakko,yyhdt-162,starkdark bradley smith deck list,earth,4-4-0,4,4,0,4-4-0,4,4,0,0,1,85,10
2025-10-03_atlanta-regional#58,2025-10-03_atlanta-regional,58,"izuku midoriya, on the move // izuku midoriya, quirks unleashed",mha08-001,Xzeaiver M Deck,water,4-4-0,4,4,0,4-4-0,4,4,0,0,1,73,10
2025-10-03_atlanta-regional#59,2025-10-03_atlanta-regional,59,"porco galliard // jaw titan, crushing biter",aot03-012,John Porc,fire,4-4-0,4,4,0,4-4-0,4,4,0,0,1,60,10
2025-10-03_atlanta-regional#60,2025-10-03_atlanta-regional,60,"porco galliard // jaw titan, crushing biter",aot03-012,Cory H Deck,fire,4-3-0,4,3,0,4-3-0,4,3,0,0,1,61,10
2025-10-03_atlanta-regional#61,2025-10-03_atlanta-regional,61,ochaco uraraka (iv),mha06-019,Dayton Steger Deck,water,4-4-0,4,4,0,4-4-0,4,4,0,0,1,66,10
2025-10-03_atlanta-regional#62,2025-10-03_atlanta-regional,62,"zeke yeager // zeke, beast titan",aot02-015,Christopher G Deck,life,4-4-0,4,4,0,4-4-0,4,4,0,0,1,64,10
2025-10-03_atlanta-regional#63,2025-10-03_atlanta-regional,63,"leatherhead, eager expat",tmnt01-005,blamedSiren Deck,water,4-4-0,4,4,0,4-4-0,4,4,0,0,1,65,10
2025-10-03_atlanta-regional#64,2025-10-03_atlanta-regional,64,pony tsunotori,mha07-098,Pony Tsunotori Altanta,earth,3-4-0 +1 bye,,,,3-4-0,3,4,0,0,1,63,10
2025-10-03_atlanta-regional#65,2025-10-03_atlanta-regional,65,"godzilla, king of the monsters",cha03gmm-001,freeze zilla,chaos,3-3-2,3,3,2,3-3-2,3,3,2,0,1,67,10
2025-10-03_atlanta-regional#66,2025-10-03_atlanta-regional,66,hawks (i),mha06-073,faakumeen,order,3-3-2,3,3,2,3-3-2,3,3,2,0,1,69,10
2025-10-03_atlanta-regional#67,2025-10-03_atlanta-regional,67,pony tsunotori,mha07-098,pony try hawd,air,3-3-1,3,3,1,3-3-1,3,3,1,0,1,62,10
2025-10-03_atlanta-regional#68,2025-10-03_atlanta-regional,68,smiling titan,aot01-019,ATL 2025,death,3-4-1,3,4,1,3-4-1,3,4,1,0,1,65,10
2025-10-03_atlanta-regional#69,2025-10-03_atlanta-regional,69,"zeke yeager, warchief",aot03-015,Zeke,chaos,3-4-1,3,4,1,3-4-1,3,4,1,0,1,72,10
2025-10-03_atlanta-regional#70,2025-10-03_atlanta-regional,70,"godzilla, king of the monsters",cha03gmm-001,Godzilla,chaos,3-4-1,3,4,1,3-4-1,3,4,1,0,1,64,10
2025-10-03_atlanta-regional#71,2025-10-03_atlanta-regional,71,"godzilla, king of the monsters",cha03gmm-001,Jet Jaguar is Cooler,chaos,3-4-1,3,4,1,3-4-1,3,4,1,0,1,65,10
2025-10-03_atlanta-regional#72,2025-10-03_atlanta-regional,72,mt. lady (ii),mha07-064,Nana's Mt Lady 2,earth,3-4-1,3,4,1,3-4-1,3,4,1,0,1,61,10
2025-10-03_atlanta-regional#73,2025-10-03_atlanta-regional,73,himiko toga,mha07-001,Parker S Deck,life,3-5-0,3,5,0,3-5-0,3,5,0,0,1,69,10
2025-10-03_atlanta-regional#74,2025-10-03_atlanta-regional,74,pony tsunotori,mha07-098,Watch us play da game,air,3-5-0,3,5,0,3-5-0,3,5,0,0,1,60,0
2025-10-03_atlanta-regional#75,2025-10-03_atlanta-regional,75,"porco galliard // jaw titan, crushing biter",aot03-012,Eli Deck,fire,3-4-0,3,4,0,3-4-0,3,4,0,0,1,60,10
2025-10-03_atlanta-regional#76,2025-10-03_atlanta-regional,76,"godzilla, king of the monsters",cha03gmm-001,Cryptid Gaming Deck,chaos,3-4-0,3,4,0,3-4-0,3,4,0,0,1,60,10
2025-10-03_atlanta-regional#77,2025-10-03_atlanta-regional,77,endeavor (iii),mha06-055,Scott D Endy3,earth,3-5-0,3,5,0,3-5-0,3,5,0,0,1,60,10
2025-10-03_atlanta-regional#78,2025-10-03_atlanta-regional,78,kurogiri (ii),mha04-055,Wind beneath my wings,air,3-5-0,3,5,0,3-5-0,3,5,0,0,1,64,10
2025-10-03_atlanta-regional#79,2025-10-03_atlanta-regional,79,keyleth of the air ashari,cr02-009,The worst game of Pokemon I have ever played,earth,3-5-0,3,5,0,3-5-0,3,5,0,0,1,67,10
2025-10-03_atlanta-regional#80,2025-10-03_atlanta-regional,80,"rodan, giant monster of the sky",cha03krm-003,Colby McHugh Deck,void,3-4-0,3,4,0,3-4-0,3,4,0,0,1,67,10
2025-10-03_atlanta-regional#81,2025-10-03_atlanta-regional,81,"bertolt hoover // bertolt, colossus titan",aot01-005,Mario D Deck,chaos,3-5-0,3,5,0,3-5-0,3,5,0,0,1,65,10
2025-10-03_atlanta-regional#82,2025-10-03_atlanta-regional,82,"izuku midoriya, on the move // izuku midoriya, quirks unleashed",mha08-001,FAH Jin Flurry,air,3-5-0,3,5,0,3-5-0,3,5,0,0,1,73,10
2025-10-03_atlanta-regional#83,2025-10-03_atlanta-regional,83,"erwin smith, 13th commander of the survey corps",aot01-009,James H Deck,death,2-3-3,2,3,3,2-3-3,2,3,3,0,1,71,10
2025-10-03_atlanta-regional#84,2025-10-03_atlanta-regional,84,"godzilla, king of the monsters",cha03gmm-001,Alex P Deck,chaos,2-2-1,2,2,1,2-2-1,2,2,1,0,1,60,10
2025-10-03_atlanta-regional#85,2025-10-03_atlanta-regional,85,"king ghidorah, emperor of the cosmos",cha03krm-001,"King Ghidorah, Emperor",evil,2-4-1,2,4,1,2-4-1,2,4,1,0,1,67,10
2025-10-03_atlanta-regional#86,2025-10-03_atlanta-regional,86,"godzilla, king of the monsters",cha03gmm-001,Big Steppy,earth,2-4-1,2,4,1,2-4-1,2,4,1,0,1,66,10
2025-10-03_atlanta-regional#87,2025-10-03_atlanta-regional,87,toru hagakure (ii),mha07-191,Toru (II - Air),air,2-4-1,2,4,1,2-4-1,2,4,1,0,1,62,10
2025-10-03_atlanta-regional#88,2025-10-03_atlanta-regional,88,pony tsunotori,mha07-098,Pony,earth,2-3-1,2,3,1,2-3-1,2,3,1,0,1,64,10
2025-10-03_atlanta-regional#89,2025-10-03_atlanta-regional,89,"donatello, the smart one",tmnt01-004,Donny,void,2-5-1,2,5,1,2-5-1,2,5,1,0,1,66,10
2025-10-03_atlanta-regional#90,2025-10-03_atlanta-regional,90,"zeke yeager, warchief",aot03-015,Monkeying Around,life,2-4-0,2,4,0,2-4-0,2,4,0,0,1,67,10
2025-10-03_atlanta-regional#91,2025-10-03_atlanta-regional,91,devil jin,tk801-040,Oh these? My assets?,chaos,2-2-0,2,2,0,2-2-0,2,2,0,0,1,65,10
2025-10-03_atlanta-regional#92,2025-10-03_atlanta-regional,92,"ymir // ymir, jaw titan",aot01-020,Ymir,life,2-3-0,2,3,0,2-3-0,2,3,0,0,1,73,10
2025-10-03_atlanta-regional#93,2025-10-03_atlanta-regional,93,"ryu, world warrior",sf60x-001,just a little guy,void,2-4-0,2,4,0,2-4-0,2,4,0,0,1,60,10
2025-10-03_atlanta-regional#94,2025-10-03_atlanta-regional,94,"sam rutherford, resourceful engineer",stk0x-067,Patrick,order,1-4-3,1,4,3,1-4-3,1,4,3,0,1,60,10
2025-10-03_atlanta-regional#95,2025-10-03_atlanta-regional,95,"kurama, youko unleashed",yyhdt-064,Kurama ATL,life,2-3-0,2,3,0,2-3-0,2,3,0,0,1,73,10
2025-10-03_atlanta-regional#96,2025-10-03_atlanta-regional,96,elder toguro,yyhdt-019,big bro,evil,2-3-0,2,3,0,2-3-0,2,3,0,0,1,87,10
2025-10-03_atlanta-regional#97,2025-10-03_atlanta-regional,97,"mikasa ackerman, hizuru’s hope",aot03-010,Tomberry's LC,death,2-5-0,2,5,0,2-5-0,2,5,0,0,1,72,10
2025-10-03_atlanta-regional#98,2025-10-03_atlanta-regional,98,tamaki amajiki (i),mha05-091,N.M.S. - It’s Eat or Be Eaten,chaos,1-4-3,1,4,3,1-4-3,1,4,3,0,1,62,10
2025-10-03_atlanta-regional#99,2025-10-03_atlanta-regional,99,levi ackerman,aot01-014,An Angry Man With Yo-Yo's,air,2-4-0,2,4,0,2-4-0,2,4,0,0,1,63,10
2025-10-03_atlanta-regional#100,2025-10-03_atlanta-regional,100,"vex’ahlia, protector of the wilds",cr02-019,Vex?!,air,2-4-0,2,4,0,2-4-0,2,4,0,0,1,65,10
2025-10-03_atlanta-regional#101,2025-10-03_atlanta-regional,101,"jamie siu, peacekeeping breakdancer",sf60x-023,Brad Manning Deck,fire,1-6-0 +1 bye,,,,1-6-0,1,6,0,0,1,63,10
2025-10-03_atlanta-regional#102,2025-10-03_atlanta-regional,102,"nott the brave, chaotic meddler",cr02-012,Nott Momentous,void,2-6-0,2,6,0,2-6-0,2,6,0,0,1,60,10
2025-10-03_atlanta-regional#103,2025-10-03_atlanta-regional,103,overhaul (i),mha05-019,[ATL] Overhauling my Massive Machines,life,2-3-0,2,3,0,2-3-0,2,3,0,0,1,60,10
2025-10-03_atlanta-regional#104,2025-10-03_atlanta-regional,104,"ymir // ymir, jaw titan",aot01-020,Liz A Deck,life,1-5-2,1,5,2,1-5-2,1,5,2,0,1,63,10
2025-10-03_atlanta-regional#105,2025-10-03_atlanta-regional,105,byakko,yyhdt-162,Byakko Regional,earth,1-3-1,1,3,1,1-3-1,1,3,1,0,1,75,10
2025-10-03_atlanta-regional#106,2025-10-03_atlanta-regional,106,woman,mha07-110,WOOMAN,void,0-6-1 +1 bye,,,,0-6-1,0,6,1,0,1,71,10
2025-10-03_atlanta-regional#107,2025-10-03_atlanta-regional,107,paul phoenix,tk801-043,5grain  Deck,order,1-2-1,1,2,1,1-2-1,1,2,1,0,1,69,10
2025-10-03_atlanta-regional#108,2025-10-03_atlanta-regional,108,smiling titan,aot01-019,Smiles in Atlanta,death,1-2-0,1,2,0,1-2-0,1,2,0,0,1,64,10
2025-10-03_atlanta-regional#109,2025-10-03_atlanta-regional,109,"ryu, world warrior",sf60x-001,Sure you can,void,1-3-0,1,3,0,1-3-0,1,3,0,0,1,67,10
2025-10-03_atlanta-regional#110,2025-10-03_atlanta-regional,110,"pieck finger, panzer unit cartman // cart titan, finale",aot03-011,Atlanta Pieck,death,1-2-0,1,2,0,1-2-0,1,2,0,0,1,69,10
2025-10-03_atlanta-regional#111,2025-10-03_atlanta-regional,111,"rodan, giant monster of the sky",cha03krm-003,Void Rodan Louisville Regional,void,1-3-0,1,3,0,1-3-0,1,3,0,0,1,70,10
2025-10-03_atlanta-regional#112,2025-10-03_atlanta-regional,112,"donatello, the smart one",tmnt01-004,David S Deck Atl,void,1-3-0,1,3,0,1-3-0,1,3,0,0,1,72,10
2025-10-03_atlanta-regional#113,2025-10-03_atlanta-regional,113,kyoka jiro (ii),mha06-109,Chris E Deck,good,1-4-0,1,4,0,1-4-0,1,4,0,0,1,65,10
2025-10-03_atlanta-regional#114,2025-10-03_atlanta-regional,114,"bebop, burly brawler",tmnt01-002,Hayden S Deck,water,1-4-0,1,4,0,1-4-0,1,4,0,0,1,66,10
2025-10-03_atlanta-regional#115,2025-10-03_atlanta-regional,115,"mikasa ackerman, hizuru’s hope",aot03-010,Mikasa Atlanta,death,1-4-0,1,4,0,1-4-0,1,4,0,0,1,60,10
2025-10-03_atlanta-regional#116,2025-10-03_atlanta-regional,116,jin,yyhdt-046,Atlanta Flash,void,1-4-0,1,4,0,1-4-0,1,4,0,0,1,65,10
2025-10-03_atlanta-regional#117,2025-10-03_atlanta-regional,117,"kurama, youko unleashed",yyhdt-064,Kurama | Life | TMNT,life,1-4-0,1,4,0,1-4-0,1,4,0,0,1,63,10
2025-10-03_atlanta-regional#118,2025-10-03_atlanta-regional,118,"leatherhead, eager expat",tmnt01-005,Leatherhead,water,1-3-0,1,3,0,1-3-0,1,3,0,0,1,73,0
2025-10-03_atlanta-regional#119,2025-10-03_atlanta-regional,119,"splinter, caring father",tmnt01-012,Splinter's Ninjitsu STTTRRRIIIKKKEEE,all,1-3-0,1,3,0,1-3-0,1,3,0,0,1,62,10
2025-10-03_atlanta-regional#120,2025-10-03_atlanta-regional,120,"godzilla, king of the monsters",cha03gmm-001,RongToi Deck,earth,0-2-1,0,2,1,0-2-1,0,2,1,0,1,96,10
2025-10-03_atlanta-regional#121,2025-10-03_atlanta-regional,121,ochaco uraraka (iv),mha06-019,kaykatx Deck,earth,0-3-1,0,3,1,0-3-1,0,3,1,0,1,64,0
2025-10-03_atlanta-regional#122,2025-10-03_atlanta-regional,122,katsuki bakugo (iv),mha06-100,Rocky M Deck,air,0-3-0,0,3,0,0-3-0,0,3,0,0,1,66,10
2025-10-03_atlanta-regional#123,2025-10-03_atlanta-regional,123,the joker,promo2024-005,Failing Your Way to Success,void,0-3-0,0,3,0,0-3-0,0,3,0,0,1,76,10
2025-10-03_atlanta-regional#124,2025-10-03_atlanta-regional,124,"caduceus clay, insightful caretaker",cr02-003,Razi Deck,life,0-3-0,0,3,0,0-3-0,0,3,0,0,1,79,0
2025-10-03_atlanta-regional#125,2025-10-03_atlanta-regional,125,"bishop, robotics engineer",tmnt01-003,Granny's soup,void,0-3-0,0,3,0,0-3-0,0,3,0,0,1,66,10
2025-10-03_atlanta-regional#126,2025-10-03_atlanta-regional,126,soramitsu tabe (i),mha05-117,Soramitsu Tabe - Ponza,death,0-3-0,0,3,0,0-3-0,0,3,0,0,1,69,10
2025-10-03_atlanta-regional#127,2025-10-03_atlanta-regional,127,"ryu, world warrior",sf60x-001,Tufenuf Deck,void,0-4-0,0,4,0,0-4-0,0,4,0,0,1,60,0
2025-10-03_atlanta-regional#128,2025-10-03_atlanta-regional,128,"rodan, giant monster of the sky",cha03krm-003,Run like the wind Ed-boy !!!,void,0-3-0,0,3,0,0-3-0,0,3,0,0,1,70,10
2025-10-03_atlanta-regional#129,2025-10-03_atlanta-regional,129,"godzilla, king of the monsters",cha03gmm-001,CJ M Deck,earth,0-3-0,0,3,0,0-3-0,0,3,0,0,1,61,0
2025-10-03_atlanta-regional#130,2025-10-03_atlanta-regional,130,"leonardo, the leader",tmnt01-006,Leo Sets the Standard,all,0-3-0,0,3,0,0-3-0,0,3,0,0,1,67,10
2025-11-22_glasgow-regional#1,2025-11-22_glasgow-regional,1,hange zoë,aot01-010,Rocco C Deck,fire,5-0-2,5,0,2,8-0-2,8,0,2,1,1,65,10
2025-11-22_glasgow-regional#2,2025-11-22_glasgow-regional,2,"izuku midoriya, on the move // izuku midoriya, quirks unleashed",mha08-001,glasglow,air,5-1-1,5,1,1,7-2-1,7,2,1,1,1,73,10
2025-11-22_glasgow-regional#3,2025-11-22_glasgow-regional,3,"mikasa ackerman, hizuru’s hope",aot03-010,Mikasa Ackerman HH | Glasgow,death,5-1-1,5,1,1,6-2-1,6,2,1,1,1,66,10
2025-11-22_glasgow-regional#4,2025-11-22_glasgow-regional,4,"rodan, giant monster of the sky",cha03krm-003,Kai Tyack  Deck,void,5-1-1,5,1,1,6-2-1,6,2,1,1,1,73,10
2025-11-22_glasgow-regional#5,2025-11-22_glasgow-regional,5,"mikasa ackerman, hizuru’s hope",aot03-010,Nathan James Deck,death,5-0-2,5,0,2,5-1-2,5,1,2,1,1,60,10
2025-11-22_glasgow-regional#6,2025-11-22_glasgow-regional,6,devil jin,tk801-040,The Devil’s Jin,chaos,5-1-1,5,1,1,5-2-1,5,2,1,1,1,65,10
2025-11-22_glasgow-regional#7,2025-11-22_glasgow-regional,7,"mikasa ackerman, hizuru’s hope",aot03-010,Mikasa Ackerman,death,5-1-1,5,1,1,5-2-1,5,2,1,1,1,66,10
2025-11-22_glasgow-regional#8,2025-11-22_glasgow-regional,8,mitchell cimino,promo2025-053,"They may take our lives, but they can never take… our momentum!",good,5-1-1,5,1,1,5-2-1,5,2,1,1,1,60,10
2025-11-22_glasgow-regional#9,2025-11-22_glasgow-regional,9,"izuku midoriya, on the move // izuku midoriya, quirks unleashed",mha08-001,4checku,water,5-2-0,5,2,0,5-2-0,5,2,0,0,1,66,10
2025-11-22_glasgow-regional#10,2025-11-22_glasgow-regional,10,"godzilla, king of the monsters",cha03gmm-001,Godzilla,chaos,5-2-0,5,2,0,5-2-0,5,2,0,0,1,60,10
2025-11-22_glasgow-regional#11,2025-11-22_glasgow-regional,11,"godzilla, king of the monsters",cha03gmm-001,One always comes back where one loved life,earth,5-2-0,5,2,0,5-2-0,5,2,0,0,1,66,10
2025-11-22_glasgow-regional#12,2025-11-22_glasgow-regional,12,devil jin,tk801-040,StarkDark DJ,chaos,5-2-0,5,2,0,5-2-0,5,2,0,0,1,62,10
2025-11-22_glasgow-regional#13,2025-11-22_glasgow-regional,13,"rodan, giant monster of the sky",cha03krm-003,POP/STARS,void,4-1-2,4,1,2,4-1-2,4,1,2,0,1,72,10
2025-11-22_glasgow-regional#14,2025-11-22_glasgow-regional,14,"sung jinwoo, e rank hunter",sl01-001,This deck builder sux.,life,4-1-2,4,1,2,4-1-2,4,1,2,0,1,77,10
2025-11-22_glasgow-regional#15,2025-11-22_glasgow-regional,15,"ryu, world warrior",sf60x-001,Repeated 100% blocks,void,4-2-1,4,2,1,4-2-1,4,2,1,0,1,63,10
2025-11-22_glasgow-regional#16,2025-11-22_glasgow-regional,16,"pumat sol, magical proprietor",cr02-015,"Pumat Sol, Magical Proprietor",air,4-2-1,4,2,1,4-2-1,4,2,1,0,1,60,10
2025-11-22_glasgow-regional#17,2025-11-22_glasgow-regional,17,overhaul (i),mha05-019,Ogrehaul,life,4-2-1,4,2,1,4-2-1,4,2,1,0,1,64,10
2025-11-22_glasgow-regional#18,2025-11-22_glasgow-regional,18,"izuku midoriya, on the move // izuku midoriya, quirks unleashed",mha08-001,Air Deku,air,4-2-1,4,2,1,4-2-1,4,2,1,0,1,73,10
2025-11-22_glasgow-regional#19,2025-11-22_glasgow-regional,19,"pieck finger, panzer unit cartman // cart titan, finale",aot03-011,Remember When International Players Had Events,death,4-2-1,4,2,1,4-2-1,4,2,1,0,1,73,10
2025-11-22_glasgow-regional#20,2025-11-22_glasgow-regional,20,"reiner braun // reiner, armored titan",aot01-017,you already know who it is,death,4-3-0,4,3,0,4-3-0,4,3,0,0,1,75,10
2025-11-22_glasgow-regional#21,2025-11-22_glasgow-regional,21,"porco galliard // jaw titan, crushing biter",aot03-012,Pork belly ramen,fire,4-3-0,4,3,0,4-3-0,4,3,0,0,1,64,10
2025-11-22_glasgow-regional#22,2025-11-22_glasgow-regional,22,"godzilla, king of the monsters",cha03gmm-001,International God of Monsters,earth,4-3-0,4,3,0,4-3-0,4,3,0,0,1,66,10
2025-11-22_glasgow-regional#23,2025-11-22_glasgow-regional,23,"donatello, the smart one",tmnt01-004,Last time,void,4-3-0,4,3,0,4-3-0,4,3,0,0,1,69,10
2025-11-22_glasgow-regional#24,2025-11-22_glasgow-regional,24,"grog strongjaw, mighty half-giant",cr02-007,Grog of Jaw,earth,4-3-0,4,3,0,4-3-0,4,3,0,0,1,64,10
2025-11-22_glasgow-regional#25,2025-11-22_glasgow-regional,25,"godzilla, king of the monsters",cha03gmm-001,La lagartija,earth,4-3-0,4,3,0,4-3-0,4,3,0,0,1,64,10
2025-11-22_glasgow-regional#26,2025-11-22_glasgow-regional,26,"pumat sol, magical proprietor",cr02-015,WTF...ThisAin'tRodan,air,4-3-0,4,3,0,4-3-0,4,3,0,0,1,63,10
2025-11-22_glasgow-regional#27,2025-11-22_glasgow-regional,27,"pieck finger, panzer unit cartman // cart titan, finale",aot03-011,Greg M Deck  Glasgow 2025,death,3-2-2,3,2,2,3-2-2,3,2,2,0,1,65,10
2025-11-22_glasgow-regional#28,2025-11-22_glasgow-regional,28,"sung jinwoo, e rank hunter",sl01-001,"IGRISS WAKE UP!, ITS TIME FOR SCHOOL!",death,3-2-2,3,2,2,3-2-2,3,2,2,0,1,66,10
2025-11-22_glasgow-regional#29,2025-11-22_glasgow-regional,29,devil jin,tk801-040,Marcus N Deck,chaos,3-2-2,3,2,2,3-2-2,3,2,2,0,1,62,10
2025-11-22_glasgow-regional#30,2025-11-22_glasgow-regional,30,"pumat sol, magical proprietor",cr02-015,Brute Man Group,air,3-2-2,3,2,2,3-2-2,3,2,2,0,1,75,10
2025-11-22_glasgow-regional#31,2025-11-22_glasgow-regional,31,"rodan, giant monster of the sky",cha03krm-003,"SHE WORE A CROWN AND SHE CAME DOWN IN A BUBBLE DAWG GROW UP BRUH, GROW UP!",void,3-2-2,3,2,2,3-2-2,3,2,2,0,1,72,10
2025-11-22_glasgow-regional#32,2025-11-22_glasgow-regional,32,"izuku midoriya, on the move // izuku midoriya, quirks unleashed",mha08-001,Liam C Deck,air,3-2-2,3,2,2,3-2-2,3,2,2,0,1,69,10
2025-11-22_glasgow-regional#33,2025-11-22_glasgow-regional,33,"annie leonhart, awakened // female titan, finale",aot03-001,Annie Necromancer,chaos,3-2-2,3,2,2,3-2-2,3,2,2,0,1,71,10
2025-11-22_glasgow-regional#34,2025-11-22_glasgow-regional,34,krista lenz,aot01-013,Dan A Deck,chaos,3-2-2,3,2,2,3-2-2,3,2,2,0,1,68,10
2025-11-22_glasgow-regional#35,2025-11-22_glasgow-regional,35,elder toguro,yyhdt-019,Elder Toguro for the last time! Or is it the first time? I think I might be stuck in a loop.,life,3-3-1,3,3,1,3-3-1,3,3,1,0,1,67,10
2025-11-22_glasgow-regional#36,2025-11-22_glasgow-regional,36,byakko,yyhdt-162,Rafa WT Deck BYAKKO,earth,3-3-1,3,3,1,3-3-1,3,3,1,0,1,104,10
2025-11-22_glasgow-regional#37,2025-11-22_glasgow-regional,37,"hange zoë, 14th commander of the survey corps",aot03-007,Hange,life,3-3-1,3,3,1,3-3-1,3,3,1,0,1,63,10
2025-11-22_glasgow-regional#38,2025-11-22_glasgow-regional,38,mirko,mha07-046,Mirko's Thunder Thighs,air,3-3-1,3,3,1,3-3-1,3,3,1,0,1,60,10
2025-11-22_glasgow-regional#39,2025-11-22_glasgow-regional,39,overhaul (i),mha05-019,"""I'll build"" an OP programme for Non-USA 2026!",life,3-3-1,3,3,1,3-3-1,3,3,1,0,1,72,10
2025-11-22_glasgow-regional#40,2025-11-22_glasgow-regional,40,tsuyu asui (iii),mha06-136,Worst symbol on the game with a random character,water,3-3-1,3,3,1,3-3-1,3,3,1,0,1,64,10
2025-11-22_glasgow-regional#41,2025-11-22_glasgow-regional,41,"zeke yeager, warchief",aot03-015,Andrew D Deck,life,3-3-1,3,3,1,3-3-1,3,3,1,0,1,72,10
2025-11-22_glasgow-regional#42,2025-11-22_glasgow-regional,42,"zeke yeager, warchief",aot03-015,Aemaeth Rob Deck,life,3-3-1,3,3,1,3-3-1,3,3,1,0,1,91,10
2025-11-22_glasgow-regional#43,2025-11-22_glasgow-regional,43,"king ghidorah, emperor of the cosmos",cha03krm-001,DatLoudBoi Deck,evil,2-3-1 +1 bye,,,,2-3-1,2,3,1,0,1,60,10
2025-11-22_glasgow-regional#44,2025-11-22_glasgow-regional,44,"pieck finger, panzer unit cartman // cart titan, finale",aot03-011,Freak Toes,death,2-4-0 +1 bye,,,,2-4-0,2,4,0,0,1,69,10
2025-11-22_glasgow-regional#45,2025-11-22_glasgow-regional,45,ryukyu,mha07-102,John B Deck,earth,3-4-0,3,4,0,3-4-0,3,4,0,0,1,62,10
2025-11-22_glasgow-regional#46,2025-11-22_glasgow-regional,46,"annie leonhart, awakened // female titan, finale",aot03-001,Grannie oldhart,chaos,3-4-0,3,4,0,3-4-0,3,4,0,0,1,60,10
2025-11-22_glasgow-regional#47,2025-11-22_glasgow-regional,47,"king ghidorah, emperor of the cosmos",cha03krm-001,The Two Towers...,evil,3-4-0,3,4,0,3-4-0,3,4,0,0,1,77,10
2025-11-22_glasgow-regional#48,2025-11-22_glasgow-regional,48,devil jin,tk801-040,The magic mushrooms,chaos,3-4-0,3,4,0,3-4-0,3,4,0,0,1,60,10
2025-11-22_glasgow-regional#49,2025-11-22_glasgow-regional,49,muscular (i),mha04-073,Billy S Deck,earth,3-4-0,3,4,0,3-4-0,3,4,0,0,1,63,0
2025-11-22_glasgow-regional#50,2025-11-22_glasgow-regional,50,mitchell cimino,promo2025-053,Michael r Deck,order,2-2-3,2,2,3,2-2-3,2,2,3,0,1,63,10
2025-11-22_glasgow-regional#51,2025-11-22_glasgow-regional,51,devil jin,tk801-040,I think I Spider,chaos,2-3-2,2,3,2,2-3-2,2,3,2,0,1,63,10
2025-11-22_glasgow-regional#52,2025-11-22_glasgow-regional,52,"godzilla, king of the monsters",cha03gmm-001,this is the last time i have to use this deck builder since theres no majors next year #imfree,chaos,2-4-1,2,4,1,2-4-1,2,4,1,0,1,68,10
2025-11-22_glasgow-regional#53,2025-11-22_glasgow-regional,53,"d'vana tendi, eager science officer",stk0x-045,bigula Deck,life,2-4-1,2,4,1,2-4-1,2,4,1,0,1,66,10
2025-11-22_glasgow-regional#54,2025-11-22_glasgow-regional,54,"kurama, youko unleashed",yyhdt-064,Nick Kurkuma,good,2-4-1,2,4,1,2-4-1,2,4,1,0,1,63,10
2025-11-22_glasgow-regional#55,2025-11-22_glasgow-regional,55,dabi (iii),mha06-046,Dabi Checkers,evil,2-4-1,2,4,1,2-4-1,2,4,1,0,1,69,10
2025-11-22_glasgow-regional#56,2025-11-22_glasgow-regional,56,botan,yyhdt-161,Look at me I'm burning 🔥,death,2-4-1,2,4,1,2-4-1,2,4,1,0,1,71,10
2025-11-22_glasgow-regional#57,2025-11-22_glasgow-regional,57,"ryu, world warrior",sf60x-001,Not Baek,void,2-4-1,2,4,1,2-4-1,2,4,1,0,1,68,10
2025-11-22_glasgow-regional#58,2025-11-22_glasgow-regional,58,himiko toga (iii),mha06-001,Toga Deck,chaos,2-4-1,2,4,1,2-4-1,2,4,1,0,1,70,10
2025-11-22_glasgow-regional#59,2025-11-22_glasgow-regional,59,paul phoenix,tk801-043,Paul Phoenix Glasgow🍍,all,2-4-1,2,4,1,2-4-1,2,4,1,0,1,66,10
2025-11-22_glasgow-regional#60,2025-11-22_glasgow-regional,60,"king ghidorah, emperor of the cosmos",cha03krm-001,GET ME OUT,evil,2-3-0,2,3,0,2-3-0,2,3,0,0,1,72,10
2025-11-22_glasgow-regional#61,2025-11-22_glasgow-regional,61,"april o’neil, high school reporter",tmnt01-001,April O'Mill,void,2-5-0,2,5,0,2-5-0,2,5,0,0,1,79,10
2025-11-22_glasgow-regional#62,2025-11-22_glasgow-regional,62,"godzilla, king of the monsters",cha03gmm-001,Godzilla Six Nine,chaos,2-5-0,2,5,0,2-5-0,2,5,0,0,1,60,10
2025-11-22_glasgow-regional#63,2025-11-22_glasgow-regional,63,"izuku midoriya, on the move // izuku midoriya, quirks unleashed",mha08-001,Michael Mcewan Deck,life,1-4-0 +1 bye,,,,1-4-0,1,4,0,0,1,67,10
2025-11-22_glasgow-regional#64,2025-11-22_glasgow-regional,64,hood (i),mha06-082,Casino Royale - Hood - Blaich Wright,earth,2-5-0,2,5,0,2-5-0,2,5,0,0,1,64,10
2025-11-22_glasgow-regional#65,2025-11-22_glasgow-regional,65,himiko toga (iii),mha06-001,Papa_Stain Deck,chaos,2-5-0,2,5,0,2-5-0,2,5,0,0,1,66,10
2025-11-22_glasgow-regional#66,2025-11-22_glasgow-regional,66,woman,mha07-110,Hot Woman,fire,2-5-0,2,5,0,2-5-0,2,5,0,0,1,65,0
2025-11-22_glasgow-regional#67,2025-11-22_glasgow-regional,67,mega mutant,tmnt01-007,on a 9...,all,0-3-1 +1 bye,,,,0-3-1,0,3,1,0,1,66,10
2025-11-22_glasgow-regional#68,2025-11-22_glasgow-regional,68,"luke sullivan, gym coach",sf60x-002,Jamie M Deck,earth,1-2-1,1,2,1,1-2-1,1,2,1,0,1,66,10
2025-11-22_glasgow-regional#69,2025-11-22_glasgow-regional,69,"chun-li, martial arts master",sf60x-022,Alan Y Deck,water,1-5-1,1,5,1,1-5-1,1,5,1,0,1,68,10
2025-11-22_glasgow-regional#70,2025-11-22_glasgow-regional,70,"bebop, burly brawler",tmnt01-002,Emi Deck - Glasgow Bebop,water,1-5-1,1,5,1,1-5-1,1,5,1,0,1,66,0
2025-11-22_glasgow-regional#71,2025-11-22_glasgow-regional,71,"bishop, robotics engineer",tmnt01-003,Kyle R Deck,evil,1-3-0,1,3,0,1-3-0,1,3,0,0,1,66,10
2025-11-22_glasgow-regional#72,2025-11-22_glasgow-regional,72,muscular (i),mha04-073,"I couldn't think of a funny name, alas",fire,1-5-0,1,5,0,1-5-0,1,5,0,0,1,60,10
2025-11-22_glasgow-regional#73,2025-11-22_glasgow-regional,73,himiko toga (iii),mha06-001,Toga (III) - Glasgow Regionals 2025,death,0-6-0 +1 bye,,,,0-6-0,0,6,0,0,1,75,10
2025-11-22_glasgow-regional#74,2025-11-22_glasgow-regional,74,himiko toga (iii),mha06-001,Toga! Toga! Toga!,chaos,0-3-2,0,3,2,0-3-2,0,3,2,0,1,66,10
2025-11-22_glasgow-regional#75,2025-11-22_glasgow-regional,75,"jun kazama, light of hope",tk801-020,Jun Clog Regionals list,water,0-6-1,0,6,1,0-6-1,0,6,1,0,1,85,10
2025-12-20_buffalo-major-regional#1,2025-12-20_buffalo-major-regional,1,"mikasa ackerman, hizuru’s hope",aot03-010,Finally I’ll show them what I’m meant to be.,death,5-1-1,5,1,1,8-1-1,8,1,1,1,1,62,10
2025-12-20_buffalo-major-regional#2,2025-12-20_buffalo-major-regional,2,devil jin,tk801-040,MonoWater Deck,chaos,6-0-1,6,0,1,8-1-1,8,1,1,1,1,60,10
2025-12-20_buffalo-major-regional#3,2025-12-20_buffalo-major-regional,3,"rodan, giant monster of the sky",cha03krm-003,🦖🪽 Rodan - Buffalo 🦬🦬,void,5-0-2,5,0,2,6-1-2,6,1,2,1,1,72,10
2025-12-20_buffalo-major-regional#4,2025-12-20_buffalo-major-regional,4,krista lenz,aot01-013,Bob's Deck,chaos,5-1-1,5,1,1,6-2-1,6,2,1,1,1,60,10
2025-12-20_buffalo-major-regional#5,2025-12-20_buffalo-major-regional,5,hawks (i),mha06-073,‘Twas The Heist Before Christmas,order,5-0-2,5,0,2,5-1-2,5,1,2,1,1,69,10
2025-12-20_buffalo-major-regional#6,2025-12-20_buffalo-major-regional,6,"mikasa ackerman, hizuru’s hope",aot03-010,Mikasa Ackerman HH | Buffalo,death,5-1-1,5,1,1,5-2-1,5,2,1,1,1,66,10
2025-12-20_buffalo-major-regional#7,2025-12-20_buffalo-major-regional,7,mikasa ackerman,aot01-016,Mikasa,air,5-1-1,5,1,1,5-2-1,5,2,1,1,1,61,10
2025-12-20_buffalo-major-regional#8,2025-12-20_buffalo-major-regional,8,"mikasa ackerman, hizuru’s hope",aot03-010,Beeg Mikasa,death,5-2-0,5,2,0,5-3-0,5,3,0,1,1,66,10
2025-12-20_buffalo-major-regional#9,2025-12-20_buffalo-major-regional,9,"bertolt hoover, living weapon // bertolt, colossus titan advancing",aot02-002,"No Diggity, No Doubt",death,5-2-0,5,2,0,5-2-0,5,2,0,0,1,63,10
2025-12-20_buffalo-major-regional#10,2025-12-20_buffalo-major-regional,10,"eren yeager // eren, attack titan",aot01-008,lil bro erin,death,5-2-0,5,2,0,5-2-0,5,2,0,0,1,68,10
2025-12-20_buffalo-major-regional#11,2025-12-20_buffalo-major-regional,11,"grog strongjaw, mighty half-giant",cr02-007,Grog Earth,earth,5-2-0,5,2,0,5-2-0,5,2,0,0,1,68,10
2025-12-20_buffalo-major-regional#12,2025-12-20_buffalo-major-regional,12,"rodan, giant monster of the sky",cha03krm-003,POP/STARS,void,4-1-2,4,1,2,4-1-2,4,1,2,0,1,72,10
2025-12-20_buffalo-major-regional#13,2025-12-20_buffalo-major-regional,13,"king ghidorah, emperor of the cosmos",cha03krm-001,Buffalo Regional (Matthew Antonio),evil,4-1-2,4,1,2,4-1-2,4,1,2,0,1,77,10
2025-12-20_buffalo-major-regional#14,2025-12-20_buffalo-major-regional,14,"ymir // ymir, jaw titan",aot01-020,Ymir Life Buffalo,life,4-2-1,4,2,1,4-2-1,4,2,1,0,1,60,10
2025-12-20_buffalo-major-regional#15,2025-12-20_buffalo-major-regional,15,devil jin,tk801-040,Buffalo Soldier,chaos,4-2-1,4,2,1,4-2-1,4,2,1,0,1,60,10
2025-12-20_buffalo-major-regional#16,2025-12-20_buffalo-major-regional,16,"grog strongjaw, mighty half-giant",cr02-007,Bustin' makes me feel good 💦💯,earth,4-2-1,4,2,1,4-2-1,4,2,1,0,1,60,10
2025-12-20_buffalo-major-regional#17,2025-12-20_buffalo-major-regional,17,"zeke yeager // zeke, beast titan",aot02-015,euhhhhhh im the beast titan....,life,4-2-1,4,2,1,4-2-1,4,2,1,0,1,62,10
2025-12-20_buffalo-major-regional#18,2025-12-20_buffalo-major-regional,18,"rodan, giant monster of the sky",cha03krm-003,Windy Chicken,void,4-2-1,4,2,1,4-2-1,4,2,1,0,1,73,10
2025-12-20_buffalo-major-regional#19,2025-12-20_buffalo-major-regional,19,krista lenz,aot01-013,Krista runback,order,4-2-1,4,2,1,4-2-1,4,2,1,0,1,66,10
2025-12-20_buffalo-major-regional#20,2025-12-20_buffalo-major-regional,20,"rodan, giant monster of the sky",cha03krm-003,Carson P Deck,air,4-2-1,4,2,1,4-2-1,4,2,1,0,1,85,0
2025-12-20_buffalo-major-regional#21,2025-12-20_buffalo-major-regional,21,tamaki amajiki (i),mha05-091,Farmajiki,chaos,4-2-1,4,2,1,4-2-1,4,2,1,0,1,60,10
2025-12-20_buffalo-major-regional#22,2025-12-20_buffalo-major-regional,22,nick ragan,promo2025-052,Buffalo,all,4-3-0,4,3,0,4-3-0,4,3,0,0,1,92,10
2025-12-20_buffalo-major-regional#23,2025-12-20_buffalo-major-regional,23,devil jin,tk801-040,Jett K Deck,chaos,4-3-0,4,3,0,4-3-0,4,3,0,0,1,63,10
2025-12-20_buffalo-major-regional#24,2025-12-20_buffalo-major-regional,24,"jamie siu, peacekeeping breakdancer",sf60x-023,Jamie NY,water,4-3-0,4,3,0,4-3-0,4,3,0,0,1,65,10
2025-12-20_buffalo-major-regional#25,2025-12-20_buffalo-major-regional,25,kendo rappa (i),mha05-064,Rappa Rave,fire,4-3-0,4,3,0,4-3-0,4,3,0,0,1,61,10
2025-12-20_buffalo-major-regional#26,2025-12-20_buffalo-major-regional,26,hawks (i),mha06-073,Hawks - Buffalo Regionals,order,4-3-0,4,3,0,4-3-0,4,3,0,0,1,61,10
2025-12-20_buffalo-major-regional#27,2025-12-20_buffalo-major-regional,27,"pumat sol, magical proprietor",cr02-015,Pumat Sol Hates This Deckbuilding Tool More Than You Could Ever Imagine,chaos,4-3-0,4,3,0,4-3-0,4,3,0,0,1,61,10
2025-12-20_buffalo-major-regional#28,2025-12-20_buffalo-major-regional,28,bridget,ggs01-001,blamedSiren Deck,water,4-3-0,4,3,0,4-3-0,4,3,0,0,1,60,10
2025-12-20_buffalo-major-regional#29,2025-12-20_buffalo-major-regional,29,hange zoë,aot01-010,Hange Zoe 1 Buffalo,fire,4-3-0,4,3,0,4-3-0,4,3,0,0,1,68,10
2025-12-20_buffalo-major-regional#30,2025-12-20_buffalo-major-regional,30,krista lenz,aot01-013,Release the Epstein files properly,order,3-1-3,3,1,3,3-1-3,3,1,3,0,1,66,10
2025-12-20_buffalo-major-regional#31,2025-12-20_buffalo-major-regional,31,"izuku midoriya, on the move // izuku midoriya, quirks unleashed",mha08-001,cory n Deck,water,3-2-2,3,2,2,3-2-2,3,2,2,0,1,74,10
2025-12-20_buffalo-major-regional#32,2025-12-20_buffalo-major-regional,32,devil jin,tk801-040,GIRTHQUAKE,chaos,3-2-2,3,2,2,3-2-2,3,2,2,0,1,62,10
2025-12-20_buffalo-major-regional#33,2025-12-20_buffalo-major-regional,33,"sung jinwoo, e rank hunter",sl01-001,Social Justice yeagerists,death,3-2-2,3,2,2,3-2-2,3,2,2,0,1,71,10
2025-12-20_buffalo-major-regional#34,2025-12-20_buffalo-major-regional,34,"annie leonhart, awakened // female titan, finale",aot03-001,Annie buffalo,chaos,3-2-2,3,2,2,3-2-2,3,2,2,0,1,66,10
2025-12-20_buffalo-major-regional#35,2025-12-20_buffalo-major-regional,35,hange zoë,aot01-010,Ludophobia,fire,3-3-1,3,3,1,3-3-1,3,3,1,0,1,67,10
2025-12-20_buffalo-major-regional#36,2025-12-20_buffalo-major-regional,36,"sung jinwoo, e rank hunter",sl01-001,Manuel B Deck,death,3-3-1,3,3,1,3-3-1,3,3,1,0,1,72,10
2025-12-20_buffalo-major-regional#37,2025-12-20_buffalo-major-regional,37,bridget,ggs01-001,Wub made me do it,water,3-3-1,3,3,1,3-3-1,3,3,1,0,1,64,10
2025-12-20_buffalo-major-regional#38,2025-12-20_buffalo-major-regional,38,"godzilla, king of the monsters",cha03gmm-001,Buffalo Zilla,chaos,3-3-1,3,3,1,3-3-1,3,3,1,0,1,64,10
2025-12-20_buffalo-major-regional#39,2025-12-20_buffalo-major-regional,39,"ryu, world warrior",sf60x-001,Ryu from Streets,void,3-3-1,3,3,1,3-3-1,3,3,1,0,1,78,10
2025-12-20_buffalo-major-regional#40,2025-12-20_buffalo-major-regional,40,"izuku midoriya, on the move // izuku midoriya, quirks unleashed",mha08-001,Dark Deku Deck,water,3-3-1,3,3,1,3-3-1,3,3,1,0,1,74,10
2025-12-20_buffalo-major-regional#41,2025-12-20_buffalo-major-regional,41,hange zoë,aot01-010,"As you run through my jungles, all you hear is rumbles",fire,3-3-1,3,3,1,3-3-1,3,3,1,0,1,65,10
2025-12-20_buffalo-major-regional#42,2025-12-20_buffalo-major-regional,42,devil jin,tk801-040,I'm not gonna sugarcoat it,chaos,3-3-1,3,3,1,3-3-1,3,3,1,0,1,67,10
2025-12-20_buffalo-major-regional#43,2025-12-20_buffalo-major-regional,43,hange zoë,aot01-010,i am cringe.,fire,3-3-1,3,3,1,3-3-1,3,3,1,0,1,66,10
2025-12-20_buffalo-major-regional#44,2025-12-20_buffalo-major-regional,44,bridget,ggs01-001,Brisket,water,3-4-0,3,4,0,3-4-0,3,4,0,0,1,60,10
2025-12-20_buffalo-major-regional#45,2025-12-20_buffalo-major-regional,45,"mikasa ackerman, hizuru’s hope",aot03-010,"Buffalo 2025 Regional - Mikasa, Hope of Hizuru",death,3-4-0,3,4,0,3-4-0,3,4,0,0,1,66,10
2025-12-20_buffalo-major-regional#46,2025-12-20_buffalo-major-regional,46,"zeke yeager, warchief",aot03-015,Dominic B Deck,chaos,3-4-0,3,4,0,3-4-0,3,4,0,0,1,66,10
2025-12-20_buffalo-major-regional#47,2025-12-20_buffalo-major-regional,47,mimic (i),mha05-114,mim buff,chaos,3-4-0,3,4,0,3-4-0,3,4,0,0,1,63,10
2025-12-20_buffalo-major-regional#48,2025-12-20_buffalo-major-regional,48,devil jin,tk801-040,D-Jin,chaos,3-4-0,3,4,0,3-4-0,3,4,0,0,1,66,10
2025-12-20_buffalo-major-regional#49,2025-12-20_buffalo-major-regional,49,woman,mha07-110,Blaze C Deck,evil,3-4-0,3,4,0,3-4-0,3,4,0,0,1,60,0
2025-12-20_buffalo-major-regional#50,2025-12-20_buffalo-major-regional,50,"mikasa ackerman, hizuru’s hope",aot03-010,Mike Vena Deck,death,3-4-0,3,4,0,3-4-0,3,4,0,0,1,61,10
2025-12-20_buffalo-major-regional#51,2025-12-20_buffalo-major-regional,51,"beauregard lionett, expositor",cr02-002,Beau Sleeper,water,3-4-0,3,4,0,3-4-0,3,4,0,0,1,66,10
2025-12-20_buffalo-major-regional#52,2025-12-20_buffalo-major-regional,52,nagoriyuki,ggs01-006,Friendly Vampire,all,2-4-0 +1 bye,,,,2-4-0,2,4,0,0,1,67,10
2025-12-20_buffalo-major-regional#53,2025-12-20_buffalo-major-regional,53,"godzilla, king of the monsters",cha03gmm-001,Heat Ray? Is that the Backup? I gotchu.,water,3-4-0,3,4,0,3-4-0,3,4,0,0,1,60,10
2025-12-20_buffalo-major-regional#54,2025-12-20_buffalo-major-regional,54,overhaul (i),mha05-019,Darwin H Deck,life,2-2-3,2,2,3,2-2-3,2,2,3,0,1,70,10
2025-12-20_buffalo-major-regional#55,2025-12-20_buffalo-major-regional,55,bridget,ggs01-001,I should've played Overhaul,water,2-2-2,2,2,2,2-2-2,2,2,2,0,1,63,10
2025-12-20_buffalo-major-regional#56,2025-12-20_buffalo-major-regional,56,krista lenz,aot01-013,Ryan F Deck,chaos,2-4-1,2,4,1,2-4-1,2,4,1,0,1,65,10
2025-12-20_buffalo-major-regional#57,2025-12-20_buffalo-major-regional,57,innsmouth (i),mha04-150,innsmouth,air,2-2-1,2,2,1,2-2-1,2,2,1,0,1,60,10
2025-12-20_buffalo-major-regional#58,2025-12-20_buffalo-major-regional,58,"rodan, giant monster of the sky",cha03krm-003,Rodan has a specific distaste for this deckbuilder,air,2-4-1,2,4,1,2-4-1,2,4,1,0,1,65,10
2025-12-20_buffalo-major-regional#59,2025-12-20_buffalo-major-regional,59,"caduceus clay, insightful caretaker",cr02-003,Bad Clay Day,life,2-3-1,2,3,1,2-3-1,2,3,1,0,1,74,10
2025-12-20_buffalo-major-regional#60,2025-12-20_buffalo-major-regional,60,"izuku midoriya, on the move // izuku midoriya, quirks unleashed",mha08-001,Izuku Midoriya Glocks unleashed,air,1-2-4,1,2,4,1-2-4,1,2,4,0,1,77,10
2025-12-20_buffalo-major-regional#61,2025-12-20_buffalo-major-regional,61,may,ggs01-005,Mr.Fork Deck,confused,2-4-1,2,4,1,2-4-1,2,4,1,0,1,60,10
2025-12-20_buffalo-major-regional#62,2025-12-20_buffalo-major-regional,62,may,ggs01-005,May,earth,2-4-1,2,4,1,2-4-1,2,4,1,0,1,67,10
2025-12-20_buffalo-major-regional#63,2025-12-20_buffalo-major-regional,63,"rodan, giant monster of the sky",cha03krm-003,Buffalo Reg 2025,void,2-5-0,2,5,0,2-5-0,2,5,0,0,1,81,10
2025-12-20_buffalo-major-regional#64,2025-12-20_buffalo-major-regional,64,"godzilla, king of the monsters",cha03gmm-001,Pass Me The Syrup,earth,2-5-0,2,5,0,2-5-0,2,5,0,0,1,66,10
2025-12-20_buffalo-major-regional#65,2025-12-20_buffalo-major-regional,65,"izuku midoriya, on the move // izuku midoriya, quirks unleashed",mha08-001,FAH Jin Flurry,air,2-5-0,2,5,0,2-5-0,2,5,0,0,1,75,10
2025-12-20_buffalo-major-regional#66,2025-12-20_buffalo-major-regional,66,paul phoenix,tk801-043,Paul Phoenix AJ S Deck,all,2-5-0,2,5,0,2-5-0,2,5,0,0,1,66,10
2025-12-20_buffalo-major-regional#67,2025-12-20_buffalo-major-regional,67,"grog strongjaw, mighty half-giant",cr02-007,Grog,earth,1-3-3,1,3,3,1-3-3,1,3,3,0,1,67,10
2025-12-20_buffalo-major-regional#68,2025-12-20_buffalo-major-regional,68,jin,yyhdt-046,Sorry Jin,void,2-5-0,2,5,0,2-5-0,2,5,0,0,1,68,10
2025-12-20_buffalo-major-regional#69,2025-12-20_buffalo-major-regional,69,ky kiske,ggs01-004,Kam M Deck (Buffalo),order,1-5-0 +1 bye,,,,1-5-0,1,5,0,0,1,60,10
2025-12-20_buffalo-major-regional#70,2025-12-20_buffalo-major-regional,70,nagoriyuki,ggs01-006,Everything in this world Leads to soul enlightenment There is nothing wasted about our lives,order,2-5-0,2,5,0,2-5-0,2,5,0,0,1,60,0
2025-12-20_buffalo-major-regional#71,2025-12-20_buffalo-major-regional,71,"allura vysoren, arcanist of tal'dorei",cr02-001,Allura Buff,chaos,1-3-0,1,3,0,1-3-0,1,3,0,0,1,73,10
2025-12-20_buffalo-major-regional#72,2025-12-20_buffalo-major-regional,72,"porco galliard // jaw titan, crushing biter",aot03-012,Liz A Deck,fire,1-3-0,1,3,0,1-3-0,1,3,0,0,1,60,10
2025-12-20_buffalo-major-regional#73,2025-12-20_buffalo-major-regional,73,"eren yeager, promising scout // attack titan, ferocious challenger",aot01-331,Brody.t Deck,fire,1-6-0,1,6,0,1-6-0,1,6,0,0,1,60,0
2025-12-20_buffalo-major-regional#74,2025-12-20_buffalo-major-regional,74,beast titan,aot01-004,Beast Titan Buffalo,life,0-6-0 +1 bye,,,,0-6-0,0,6,0,0,1,78,0
2025-12-20_buffalo-major-regional#75,2025-12-20_buffalo-major-regional,75,suzuki,yyhdt-109,Suzuki For Zookie Crisps,all,1-3-0,1,3,0,1-3-0,1,3,0,0,1,70,10
2025-12-20_buffalo-major-regional#76,2025-12-20_buffalo-major-regional,76,"godzilla, king of the monsters",cha03gmm-001,NES Man in the Suit 54,chaos,0-2-2,0,2,2,0-2-2,0,2,2,0,1,60,10
2025-12-20_buffalo-major-regional#77,2025-12-20_buffalo-major-regional,77,hange zoë,aot01-010,Fine I'll Play Hange,fire,0-3-1,0,3,1,0-3-1,0,3,1,0,1,67,10
2025-12-20_buffalo-major-regional#78,2025-12-20_buffalo-major-regional,78,hange zoë,aot01-010,Hange Hange Hippos,fire,0-1-0,0,1,0,0-1-0,0,1,0,0,1,65,10
2025-12-20_buffalo-major-regional#79,2025-12-20_buffalo-major-regional,79,sol badguy,ggs01-008,5grain  Deck,chaos,0-2-0,0,2,0,0-2-0,0,2,0,0,1,60,10
2025-12-20_buffalo-major-regional#80,2025-12-20_buffalo-major-regional,80,overhaul (i),mha05-019,Overhaul - Life (Buffalo),life,0-3-0,0,3,0,0-3-0,0,3,0,0,1,64,10
2025-12-20_buffalo-major-regional#81,2025-12-20_buffalo-major-regional,81,bridget,ggs01-001,Yomi*SJKO Deck,air,0-7-0,0,7,0,0-7-0,0,7,0,0,1,60,10
2026-02-27_2025-world-championship-day-1#1,2026-02-27_2025-world-championship-day-1,1,"godzilla, king of the monsters",cha03gmm-001,Zilla Worlds 2026,chaos,5-0-2,5,0,2,5-0-2,5,0,2,0,1,60,10
2026-02-27_2025-world-championship-day-1#2,2026-02-27_2025-world-championship-day-1,2,"bertolt hoover, living weapon // bertolt, colossus titan advancing",aot02-002,"No Diggity, No Doubt Worlds",death,5-0-2,5,0,2,5-0-2,5,0,2,0,1,63,10
2026-02-27_2025-world-championship-day-1#3,2026-02-27_2025-world-championship-day-1,3,"ryu, world warrior",sf60x-001,"Ryu, World Warrior [Void]",void,5-0-2,5,0,2,5-0-2,5,0,2,0,1,65,10
2026-02-27_2025-world-championship-day-1#4,2026-02-27_2025-world-championship-day-1,4,nagoriyuki,ggs01-006,Nago worlds,order,5-1-1,5,1,1,5-1-1,5,1,1,0,1,67,10
2026-02-27_2025-world-championship-day-1#5,2026-02-27_2025-world-championship-day-1,5,"rodan, giant monster of the sky",cha03krm-003,Cohen N Deck,void,5-1-1,5,1,1,5-1-1,5,1,1,0,1,80,10
2026-02-27_2025-world-championship-day-1#6,2026-02-27_2025-world-championship-day-1,6,"jacob johnson, 2019 uk national champion",promo2026-002,Jacob J Deck,evil,5-1-1,5,1,1,5-1-1,5,1,1,0,1,69,10
2026-02-27_2025-world-championship-day-1#7,2026-02-27_2025-world-championship-day-1,7,mark tyner,promo2025-098,Mark T Deck,evil,5-1-1,5,1,1,5-1-1,5,1,1,0,1,65,10
2026-02-27_2025-world-championship-day-1#8,2026-02-27_2025-world-championship-day-1,8,"mikasa ackerman, hizuru’s hope",aot03-010,Stealing This,death,5-1-1,5,1,1,5-1-1,5,1,1,0,1,62,10
2026-02-27_2025-world-championship-day-1#9,2026-02-27_2025-world-championship-day-1,9,"godzilla, king of the monsters",cha03gmm-001,Colin C Deck,earth,5-1-1,5,1,1,5-1-1,5,1,1,0,1,61,10
2026-02-27_2025-world-championship-day-1#10,2026-02-27_2025-world-championship-day-1,10,"rodan, giant monster of the sky",cha03krm-003,James H Deck Worlds,void,5-1-1,5,1,1,5-1-1,5,1,1,0,1,75,10
2026-02-27_2025-world-championship-day-1#11,2026-02-27_2025-world-championship-day-1,11,"zeke yeager // zeke, beast titan",aot02-015,euhhhhhh im the beast titan....,life,5-1-1,5,1,1,5-1-1,5,1,1,0,1,62,10
2026-02-27_2025-world-championship-day-1#12,2026-02-27_2025-world-championship-day-1,12,"godzilla, king of the monsters",cha03gmm-001,Jorge R Deck,chaos,5-2-0,5,2,0,5-2-0,5,2,0,0,1,60,10
2026-02-27_2025-world-championship-day-1#13,2026-02-27_2025-world-championship-day-1,13,"rodan, giant monster of the sky",cha03krm-003,Walk the Dinosaur,air,5-2-0,5,2,0,5-2-0,5,2,0,0,1,64,10
2026-02-27_2025-world-championship-day-1#14,2026-02-27_2025-world-championship-day-1,14,"rodan, giant monster of the sky",cha03krm-003,Rodan Worlds,void,5-2-0,5,2,0,5-2-0,5,2,0,0,1,73,10
2026-02-27_2025-world-championship-day-1#15,2026-02-27_2025-world-championship-day-1,15,"zeke yeager, warchief",aot03-015,Zeke,life,5-2-0,5,2,0,5-2-0,5,2,0,0,1,72,10
2026-02-27_2025-world-championship-day-1#16,2026-02-27_2025-world-championship-day-1,16,"izuku midoriya, on the move // izuku midoriya, quirks unleashed",mha08-001,On the smooth,air,5-2-0,5,2,0,5-2-0,5,2,0,0,1,67,10
2026-02-27_2025-world-championship-day-1#17,2026-02-27_2025-world-championship-day-1,17,"zeke yeager // zeke, beast titan",aot02-015,Parker S Deck,fire,5-2-0,5,2,0,5-2-0,5,2,0,0,1,65,10
2026-02-27_2025-world-championship-day-1#18,2026-02-27_2025-world-championship-day-1,18,"king ghidorah, emperor of the cosmos",cha03krm-001,KG worldsss,evil,4-1-2,4,1,2,4-1-2,4,1,2,0,1,80,10
2026-02-27_2025-world-championship-day-1#19,2026-02-27_2025-world-championship-day-1,19,"bertolt hoover, living weapon // bertolt, colossus titan advancing",aot02-002,I stole this deck from Paul Butler,death,4-2-1,4,2,1,4-2-1,4,2,1,0,1,63,10
2026-02-27_2025-world-championship-day-1#20,2026-02-27_2025-world-championship-day-1,20,mark tyner,promo2025-098,Cole H Deck,evil,4-2-1,4,2,1,4-2-1,4,2,1,0,1,60,10
2026-02-27_2025-world-championship-day-1#21,2026-02-27_2025-world-championship-day-1,21,hawks (i),mha06-073,"Farewell… Jetburn… Now It’s Your Turn Mechagodzilla, Modified Type-3 Kiryu",order,4-2-1,4,2,1,4-2-1,4,2,1,0,1,65,10
2026-02-27_2025-world-championship-day-1#22,2026-02-27_2025-world-championship-day-1,22,"benimaru, shooting star",kf0x-003,Benimaru Rampage Worlds,chaos,4-2-1,4,2,1,4-2-1,4,2,1,0,1,60,10
2026-02-27_2025-world-championship-day-1#23,2026-02-27_2025-world-championship-day-1,23,"godzilla, king of the monsters",cha03gmm-001,zilla good zzzz,chaos,4-2-1,4,2,1,4-2-1,4,2,1,0,1,67,10
2026-02-27_2025-world-championship-day-1#24,2026-02-27_2025-world-championship-day-1,24,"sung jinwoo, e rank hunter",sl01-001,Social Justice yeagerists,death,4-2-1,4,2,1,4-2-1,4,2,1,0,1,76,10
2026-02-27_2025-world-championship-day-1#25,2026-02-27_2025-world-championship-day-1,25,"benimaru, shooting star",kf0x-003,Benimaru Deck,chaos,4-2-1,4,2,1,4-2-1,4,2,1,0,1,65,10
2026-02-27_2025-world-championship-day-1#26,2026-02-27_2025-world-championship-day-1,26,"rodan, giant monster of the sky",cha03krm-003,Rodan Main Worlds,void,4-2-1,4,2,1,4-2-1,4,2,1,0,1,83,10
2026-02-27_2025-world-championship-day-1#27,2026-02-27_2025-world-championship-day-1,27,"jester lavorre, prankster priestess",crmn-001,Taking the Low Road,chaos,4-2-1,4,2,1,4-2-1,4,2,1,0,1,70,10
2026-02-27_2025-world-championship-day-1#28,2026-02-27_2025-world-championship-day-1,28,ashley fullerton,promo2025-097,Heidi’s favorite,water,4-2-1,4,2,1,4-2-1,4,2,1,0,1,62,10
2026-02-27_2025-world-championship-day-1#29,2026-02-27_2025-world-championship-day-1,29,devil jin,tk801-040,D-Jack Deck,chaos,4-3-0,4,3,0,4-3-0,4,3,0,0,1,62,10
2026-02-27_2025-world-championship-day-1#30,2026-02-27_2025-world-championship-day-1,30,"mikasa ackerman, hizuru’s hope",aot03-010,OKAY I GUESS IT IS THIS ONE,death,4-3-0,4,3,0,4-3-0,4,3,0,0,1,65,10
2026-02-27_2025-world-championship-day-1#31,2026-02-27_2025-world-championship-day-1,31,mark tyner,promo2025-098,Ⓜ️🅰️®️ 🅺  🆃 🅈 🄝️ 🇪 🅡,evil,4-3-0,4,3,0,4-3-0,4,3,0,0,1,60,10
2026-02-27_2025-world-championship-day-1#32,2026-02-27_2025-world-championship-day-1,32,"grog strongjaw, mighty half-giant",cr02-007,Throg the throw goat,earth,4-3-0,4,3,0,4-3-0,4,3,0,0,1,64,10
2026-02-27_2025-world-championship-day-1#33,2026-02-27_2025-world-championship-day-1,33,"zeke yeager // zeke, beast titan",aot02-015,Zeke worlds,life,4-3-0,4,3,0,4-3-0,4,3,0,0,1,65,10
2026-02-27_2025-world-championship-day-1#34,2026-02-27_2025-world-championship-day-1,34,"godzilla, king of the monsters",cha03gmm-001,King of Monsters,earth,4-3-0,4,3,0,4-3-0,4,3,0,0,1,66,10
2026-02-27_2025-world-championship-day-1#35,2026-02-27_2025-world-championship-day-1,35,happy chaos,ggs01-002,Happy Chaos - Worlds '26,chaos,4-3-0,4,3,0,4-3-0,4,3,0,0,1,60,10
2026-02-27_2025-world-championship-day-1#36,2026-02-27_2025-world-championship-day-1,36,"mikasa ackerman, hizuru’s hope",aot03-010,Eli Deck,death,4-3-0,4,3,0,4-3-0,4,3,0,0,1,61,10
2026-02-27_2025-world-championship-day-1#37,2026-02-27_2025-world-championship-day-1,37,mega mutant,tmnt01-007,Where Fog,all,4-3-0,4,3,0,4-3-0,4,3,0,0,1,69,10
2026-02-27_2025-world-championship-day-1#38,2026-02-27_2025-world-championship-day-1,38,"mikasa ackerman, hizuru’s hope",aot03-010,chrome,death,4-3-0,4,3,0,4-3-0,4,3,0,0,1,60,10
2026-02-27_2025-world-championship-day-1#39,2026-02-27_2025-world-championship-day-1,39,"rodan, giant monster of the sky",cha03krm-003,Void Rodan Worlds 2025,void,4-3-0,4,3,0,4-3-0,4,3,0,0,1,70,10
2026-02-27_2025-world-championship-day-1#40,2026-02-27_2025-world-championship-day-1,40,"sung jinwoo, e rank hunter",sl01-001,Hunter Sung,life,3-1-3,3,1,3,3-1-3,3,1,3,0,1,66,10
2026-02-27_2025-world-championship-day-1#41,2026-02-27_2025-world-championship-day-1,41,"godzilla, king of the monsters",cha03gmm-001,NES Man in the Suit 54,water,4-3-0,4,3,0,4-3-0,4,3,0,0,1,62,10
2026-02-27_2025-world-championship-day-1#42,2026-02-27_2025-world-championship-day-1,42,"mikasa ackerman, hizuru’s hope",aot03-010,Mikasa 3 Worlds,death,4-3-0,4,3,0,4-3-0,4,3,0,0,1,60,10
2026-02-27_2025-world-championship-day-1#43,2026-02-27_2025-world-championship-day-1,43,"reiner braun // reiner, armored titan",aot01-017,Carlos F Deck,death,3-1-3,3,1,3,3-1-3,3,1,3,0,1,68,10
2026-02-27_2025-world-championship-day-1#44,2026-02-27_2025-world-championship-day-1,44,"ryu, world warrior",sf60x-001,Cringe Ryu,void,3-2-2,3,2,2,3-2-2,3,2,2,0,1,71,10
2026-02-27_2025-world-championship-day-1#45,2026-02-27_2025-world-championship-day-1,45,mitchell cimino,promo2025-053,Mitch Worlds 2025,order,3-2-2,3,2,2,3-2-2,3,2,2,0,1,68,10
2026-02-27_2025-world-championship-day-1#46,2026-02-27_2025-world-championship-day-1,46,"sung jinwoo, e rank hunter",sl01-001,The Shadow Monarch,life,3-2-2,3,2,2,3-2-2,3,2,2,0,1,68,10
2026-02-27_2025-world-championship-day-1#47,2026-02-27_2025-world-championship-day-1,47,"ryu, world warrior",sf60x-001,Steven S (Surfwiz) Deck,void,3-2-2,3,2,2,3-2-2,3,2,2,0,1,65,10
2026-02-27_2025-world-championship-day-1#48,2026-02-27_2025-world-championship-day-1,48,"rodan, giant monster of the sky",cha03krm-003,Voidan Tech,void,3-2-2,3,2,2,3-2-2,3,2,2,0,1,64,10
2026-02-27_2025-world-championship-day-1#49,2026-02-27_2025-world-championship-day-1,49,"izuku midoriya, on the move // izuku midoriya, quirks unleashed",mha08-001,Im smokin that shi that made Ted talk,void,3-3-1,3,3,1,3-3-1,3,3,1,0,1,81,10
2026-02-27_2025-world-championship-day-1#50,2026-02-27_2025-world-championship-day-1,50,toru hagakure (ii),mha07-191,Worlds 2025,air,3-3-1,3,3,1,3-3-1,3,3,1,0,1,63,10
2026-02-27_2025-world-championship-day-1#51,2026-02-27_2025-world-championship-day-1,51,"sung jinwoo, e rank hunter",sl01-001,Garrison B Deck,life,3-3-1,3,3,1,3-3-1,3,3,1,0,1,66,10
2026-02-27_2025-world-championship-day-1#52,2026-02-27_2025-world-championship-day-1,52,"reiner braun // reiner, armored titan",aot01-017,Marcus N Deck,death,3-3-1,3,3,1,3-3-1,3,3,1,0,1,72,10
2026-02-27_2025-world-championship-day-1#53,2026-02-27_2025-world-championship-day-1,53,mark tyner,promo2025-098,Ethan Holmes mark worlds,order,3-3-1,3,3,1,3-3-1,3,3,1,0,1,68,10
2026-02-27_2025-world-championship-day-1#54,2026-02-27_2025-world-championship-day-1,54,"godzilla, king of the monsters",cha03gmm-001,Khang Le <3 Deck,chaos,3-4-0,3,4,0,3-4-0,3,4,0,0,1,66,10
2026-02-27_2025-world-championship-day-1#55,2026-02-27_2025-world-championship-day-1,55,"godzilla, king of the monsters",cha03gmm-001,Daniel Mosley Deck,earth,3-4-0,3,4,0,3-4-0,3,4,0,0,1,60,10
2026-02-27_2025-world-championship-day-1#56,2026-02-27_2025-world-championship-day-1,56,"grog strongjaw, mighty half-giant",cr02-007,Drunk at worlds,earth,2-2-3,2,2,3,2-2-3,2,2,3,0,1,77,10
2026-02-27_2025-world-championship-day-1#57,2026-02-27_2025-world-championship-day-1,57,"godzilla, king of the monsters",cha03gmm-001,Godzilla Worlds ‘26,chaos,3-4-0,3,4,0,3-4-0,3,4,0,0,1,60,10
2026-02-27_2025-world-championship-day-1#58,2026-02-27_2025-world-championship-day-1,58,"godzilla, king of the monsters",cha03gmm-001,Determined Skreeonk,chaos,3-4-0,3,4,0,3-4-0,3,4,0,0,1,61,10
2026-02-27_2025-world-championship-day-1#59,2026-02-27_2025-world-championship-day-1,59,"mikasa ackerman, hizuru’s hope",aot03-010,Ben Deck Worlds,death,3-4-0,3,4,0,3-4-0,3,4,0,0,1,64,10
2026-02-27_2025-world-championship-day-1#60,2026-02-27_2025-world-championship-day-1,60,"reiner braun // reiner, armored titan",aot01-017,Reiner Hugs,death,3-4-0,3,4,0,3-4-0,3,4,0,0,1,75,10
2026-02-27_2025-world-championship-day-1#61,2026-02-27_2025-world-championship-day-1,61,"rodan, giant monster of the sky",cha03krm-003,Austin P Deck,void,2-2-3,2,2,3,2-2-3,2,2,3,0,1,76,10
2026-02-27_2025-world-championship-day-1#62,2026-02-27_2025-world-championship-day-1,62,nagoriyuki,ggs01-006,Nagoriyuki has wings?!,order,3-4-0,3,4,0,3-4-0,3,4,0,0,1,62,10
2026-02-27_2025-world-championship-day-1#63,2026-02-27_2025-world-championship-day-1,63,"reiner braun // reiner, armored titan",aot01-017,Worlds Ruiner,death,2-2-3,2,2,3,2-2-3,2,2,3,0,1,62,10
2026-02-27_2025-world-championship-day-1#64,2026-02-27_2025-world-championship-day-1,64,shoto todoroki (iv),mha06-127,Todo 4,fire,3-4-0,3,4,0,3-4-0,3,4,0,0,1,62,10
2026-02-27_2025-world-championship-day-1#65,2026-02-27_2025-world-championship-day-1,65,mark tyner,promo2025-098,Mark Tyner owes me money for this experience,evil,2-3-2,2,3,2,2-3-2,2,3,2,0,1,66,10
2026-02-27_2025-world-championship-day-1#66,2026-02-27_2025-world-championship-day-1,66,kyoka jiro (ii),mha06-109,Guitar Solo,life,2-3-2,2,3,2,2-3-2,2,3,2,0,1,67,10
2026-02-27_2025-world-championship-day-1#67,2026-02-27_2025-world-championship-day-1,67,"pumat sol, magical proprietor",cr02-015,Pumat Sol,chaos,2-3-2,2,3,2,2-3-2,2,3,2,0,1,70,10
2026-02-27_2025-world-championship-day-1#68,2026-02-27_2025-world-championship-day-1,68,"isla, dreaming brilliance",kf0x-023,Isla,void,2-2-2,2,2,2,2-2-2,2,2,2,0,1,64,10
2026-02-27_2025-world-championship-day-1#69,2026-02-27_2025-world-championship-day-1,69,byakko,yyhdt-162,Bradley Smith Deck second time,earth,2-3-2,2,3,2,2-3-2,2,3,2,0,1,81,10
2026-02-27_2025-world-championship-day-1#70,2026-02-27_2025-world-championship-day-1,70,"mikasa ackerman, hizuru’s hope",aot03-010,Mikasa Hizuru’s Hope,death,2-3-2,2,3,2,2-3-2,2,3,2,0,1,63,10
2026-02-27_2025-world-championship-day-1#71,2026-02-27_2025-world-championship-day-1,71,"mikasa ackerman, hizuru’s hope",aot03-010,Mikasa Worlds Richard C,death,2-3-2,2,3,2,2-3-2,2,3,2,0,1,69,10
2026-02-27_2025-world-championship-day-1#72,2026-02-27_2025-world-championship-day-1,72,"rodan, giant monster of the sky",cha03krm-003,The 0-2 Special,void,2-3-2,2,3,2,2-3-2,2,3,2,0,1,70,10
2026-02-27_2025-world-championship-day-1#73,2026-02-27_2025-world-championship-day-1,73,"rodan, giant monster of the sky",cha03krm-003,chicken wing chicken wing hot dogs and A;LKNER;AOnSD0GIUN4EBIPWSGL;JA,void,2-3-2,2,3,2,2-3-2,2,3,2,0,1,66,10
2026-02-27_2025-world-championship-day-1#74,2026-02-27_2025-world-championship-day-1,74,"grog strongjaw, mighty half-giant",cr02-007,grog worlds,earth,2-3-2,2,3,2,2-3-2,2,3,2,0,1,65,10
2026-02-27_2025-world-championship-day-1#75,2026-02-27_2025-world-championship-day-1,75,"rodan, giant monster of the sky",cha03krm-003,horrible cope deck,void,2-3-1,2,3,1,2-3-1,2,3,1,0,1,72,10
2026-02-27_2025-world-championship-day-1#76,2026-02-27_2025-world-championship-day-1,76,"izuku midoriya, on the move // izuku midoriya, quirks unleashed",mha08-001,Zach Bargery Deck,air,2-4-1,2,4,1,2-4-1,2,4,1,0,1,73,10
2026-02-27_2025-world-championship-day-1#77,2026-02-27_2025-world-championship-day-1,77,devil jin,tk801-040,DJs In The Club,chaos,2-4-1,2,4,1,2-4-1,2,4,1,0,1,67,10
2026-02-27_2025-world-championship-day-1#78,2026-02-27_2025-world-championship-day-1,78,shoto todoroki (iv),mha06-127,Shoto Todoroki worlds 2025,fire,2-3-0,2,3,0,2-3-0,2,3,0,0,1,69,10
2026-02-27_2025-world-championship-day-1#79,2026-02-27_2025-world-championship-day-1,79,bridget,ggs01-001,blamedSiren Deck,water,2-4-0,2,4,0,2-4-0,2,4,0,0,1,60,10
2026-02-27_2025-world-championship-day-1#80,2026-02-27_2025-world-championship-day-1,80,gentle criminal,mha06-064,Gentle World,chaos,2-5-0,2,5,0,2-5-0,2,5,0,0,1,60,10
2026-02-27_2025-world-championship-day-1#81,2026-02-27_2025-world-championship-day-1,81,"grog strongjaw, mighty half-giant",cr02-007,Grog: Worlds 2025,earth,2-3-0,2,3,0,2-3-0,2,3,0,0,1,65,10
2026-02-27_2025-world-championship-day-1#82,2026-02-27_2025-world-championship-day-1,82,"pumat sol, magical proprietor",cr02-015,Ben M Deck,air,2-3-0,2,3,0,2-3-0,2,3,0,0,1,64,10
2026-02-27_2025-world-championship-day-1#83,2026-02-27_2025-world-championship-day-1,83,"hange zoë, four eyes",aot02-007,Andrew M Deck,death,0-3-3 +1 bye,,,,0-3-3,0,3,3,0,1,63,10
2026-02-27_2025-world-championship-day-1#84,2026-02-27_2025-world-championship-day-1,84,"leatherhead, eager expat",tmnt01-005,Til the sweat drops down my,water,2-5-0,2,5,0,2-5-0,2,5,0,0,1,65,10
2026-02-27_2025-world-championship-day-1#85,2026-02-27_2025-world-championship-day-1,85,"mikasa ackerman, hizuru’s hope",aot03-010,I work at the Attack Factory,death,1-3-3,1,3,3,1-3-3,1,3,3,0,1,65,10
2026-02-27_2025-world-championship-day-1#86,2026-02-27_2025-world-championship-day-1,86,mirio togata (i),mha05-001,Andrew (Flashray) Deck  worlds,confused,1-4-2,1,4,2,1-4-2,1,4,2,0,1,68,10
2026-02-27_2025-world-championship-day-1#87,2026-02-27_2025-world-championship-day-1,87,"king ghidorah, emperor of the cosmos",cha03krm-001,King G Worlds,evil,1-4-2,1,4,2,1-4-2,1,4,2,0,1,73,10
2026-02-27_2025-world-championship-day-1#88,2026-02-27_2025-world-championship-day-1,88,nagoriyuki,ggs01-006,Vampire Samurai Throwdown,all,1-4-2,1,4,2,1-4-2,1,4,2,0,1,60,10
2026-02-27_2025-world-championship-day-1#89,2026-02-27_2025-world-championship-day-1,89,"grog strongjaw, mighty half-giant",cr02-007,Feeling Groggy,death,1-1-2,1,1,2,1-1-2,1,1,2,0,1,60,10
2026-02-27_2025-world-championship-day-1#90,2026-02-27_2025-world-championship-day-1,90,tamaki amajiki (i),mha05-091,0-2 Brew Crew,chaos,1-3-1,1,3,1,1-3-1,1,3,1,0,1,69,10
2026-02-27_2025-world-championship-day-1#91,2026-02-27_2025-world-championship-day-1,91,ky kiske,ggs01-004,Where's my Super Suit?,order,1-3-1,1,3,1,1-3-1,1,3,1,0,1,62,10
2026-02-27_2025-world-championship-day-1#92,2026-02-27_2025-world-championship-day-1,92,"godzilla, king of the monsters",cha03gmm-001,Big Stompa,chaos,1-2-1,1,2,1,1-2-1,1,2,1,0,1,60,10
2026-02-27_2025-world-championship-day-1#93,2026-02-27_2025-world-championship-day-1,93,"mikasa ackerman, hizuru’s hope",aot03-010,Dayton S Deck,death,1-3-1,1,3,1,1-3-1,1,3,1,0,1,65,10
2026-02-27_2025-world-championship-day-1#94,2026-02-27_2025-world-championship-day-1,94,"jun kazama, light of hope",tk801-020,Jun Kazama V3,water,0-5-1 +1 bye,,,,0-5-1,0,5,1,0,1,60,10
2026-02-27_2025-world-championship-day-1#95,2026-02-27_2025-world-championship-day-1,95,"mikasa ackerman, hizuru’s hope",aot03-010,Mikasa Worlds,death,1-3-0,1,3,0,1-3-0,1,3,0,0,1,64,10
2026-02-27_2025-world-championship-day-1#96,2026-02-27_2025-world-championship-day-1,96,nagoriyuki,ggs01-006,Everything in this world Leads to soul enlightenment There is nothing wasted about our lives,order,1-3-0,1,3,0,1-3-0,1,3,0,0,1,60,10
2026-02-27_2025-world-championship-day-1#97,2026-02-27_2025-world-championship-day-1,97,ky kiske,ggs01-004,Kiryu Model 3 Waiting Room,order,1-4-0,1,4,0,1-4-0,1,4,0,0,1,70,10
2026-02-27_2025-world-championship-day-1#98,2026-02-27_2025-world-championship-day-1,98,"godzilla, king of the monsters",cha03gmm-001,Godzilla,chaos,1-3-0,1,3,0,1-3-0,1,3,0,0,1,60,0
2026-02-27_2025-world-championship-day-1#99,2026-02-27_2025-world-championship-day-1,99,overhaul (i),mha05-019,Overhaul,life,1-3-0,1,3,0,1-3-0,1,3,0,0,1,65,10
2026-02-27_2025-world-championship-day-1#100,2026-02-27_2025-world-championship-day-1,100,"eren yeager // eren, attack titan",aot01-008,Trenton C Deck,death,1-3-0,1,3,0,1-3-0,1,3,0,0,1,73,10
2026-02-27_2025-world-championship-day-1#101,2026-02-27_2025-world-championship-day-1,101,"godzilla, king of the monsters",cha03gmm-001,Godzilla | Earth,earth,0-4-0 +1 bye,,,,0-4-0,0,4,0,0,1,63,10
2026-02-27_2025-world-championship-day-1#102,2026-02-27_2025-world-championship-day-1,102,"isla, dreaming brilliance",kf0x-023,Isla Void,void,1-3-0,1,3,0,1-3-0,1,3,0,0,1,68,10
2026-02-27_2025-world-championship-day-1#103,2026-02-27_2025-world-championship-day-1,103,spinner (i),mha04-082,Frank C Spinner Order,order,1-4-0,1,4,0,1-4-0,1,4,0,0,1,67,10
2026-02-27_2025-world-championship-day-1#104,2026-02-27_2025-world-championship-day-1,104,krista lenz,aot01-013,5grain  Deck,chaos,1-5-0,1,5,0,1-5-0,1,5,0,0,1,62,10
2026-02-27_2025-world-championship-day-1#105,2026-02-27_2025-world-championship-day-1,105,"grog strongjaw, mighty half-giant",cr02-007,Rage Against The Machines,earth,0-3-2,0,3,2,0-3-2,0,3,2,0,1,65,10
2026-02-27_2025-world-championship-day-1#106,2026-02-27_2025-world-championship-day-1,106,"jester lavorre, prankster priestess",crmn-001,Jester 1 (Worlds),life,0-1-1,0,1,1,0-1-1,0,1,1,0,1,66,10
2026-02-27_2025-world-championship-day-1#107,2026-02-27_2025-world-championship-day-1,107,"sung jinwoo, e rank hunter",sl01-001,"Sung Jinwoo, Shadow Monarch",death,0-2-1,0,2,1,0-2-1,0,2,1,0,1,73,10
2026-02-27_2025-world-championship-day-1#108,2026-02-27_2025-world-championship-day-1,108,"godzilla, king of the monsters",cha03gmm-001,Bill Evans - The People's Champion - WD1,chaos,0-2-1,0,2,1,0-2-1,0,2,1,0,1,64,10
2026-02-27_2025-world-championship-day-1#109,2026-02-27_2025-world-championship-day-1,109,"mikasa ackerman, hizuru’s hope",aot03-010,Dumb Deck,death,0-2-1,0,2,1,0-2-1,0,2,1,0,1,61,10
2026-02-27_2025-world-championship-day-1#110,2026-02-27_2025-world-championship-day-1,110,"jester lavorre, prankster priestess",crmn-001,Jester Worlds 1,life,0-3-0,0,3,0,0-3-0,0,3,0,0,1,76,10
2026-02-27_2025-world-championship-day-1#111,2026-02-27_2025-world-championship-day-1,111,"godzilla, king of the monsters",cha03gmm-001,Mario D final,chaos,0-3-0,0,3,0,0-3-0,0,3,0,0,1,65,10
2026-02-27_2025-world-championship-day-1#112,2026-02-27_2025-world-championship-day-1,112,"annie leonhart, awakened // female titan, finale",aot03-001,Annie (worlds 2026),chaos,0-5-0,0,5,0,0-5-0,0,5,0,0,1,70,10
2026-02-27_2025-world-championship-day-1#113,2026-02-27_2025-world-championship-day-1,113,"jamie siu, peacekeeping breakdancer",sf60x-023,Jamie Worlds,water,0-3-0,0,3,0,0-3-0,0,3,0,0,1,63,10
2026-02-27_2025-world-championship-day-1#114,2026-02-27_2025-world-championship-day-1,114,sol badguy,ggs01-008,Your Sol is Mine,chaos,0-3-0,0,3,0,0-3-0,0,3,0,0,1,65,10
2026-02-28_2025-world-championship-day-2#1,2026-02-28_2025-world-championship-day-2,1,"godzilla, king of the monsters",cha03gmm-001,Jorge R Deck,chaos,5-0-1,5,0,1,9-0-1,9,0,1,1,1,60,10
2026-02-28_2025-world-championship-day-2#2,2026-02-28_2025-world-championship-day-2,2,nagoriyuki,ggs01-006,Nago worlds,order,4-1-1,4,1,1,7-2-1,7,2,1,1,1,67,10
2026-02-28_2025-world-championship-day-2#3,2026-02-28_2025-world-championship-day-2,3,"godzilla, king of the monsters",cha03gmm-001,Carson P Deck,chaos,4-0-2,4,0,2,6-1-2,6,1,2,1,1,68,10
2026-02-28_2025-world-championship-day-2#4,2026-02-28_2025-world-championship-day-2,4,mark tyner,promo2025-098,Justin Burch Deck,evil,3-0-3,3,0,3,5-1-3,5,1,3,1,1,66,10
2026-02-28_2025-world-championship-day-2#5,2026-02-28_2025-world-championship-day-2,5,"izuku midoriya, on the move // izuku midoriya, quirks unleashed",mha08-001,Deku Worlds,water,4-1-1,4,1,1,5-2-1,5,2,1,1,1,64,10
2026-02-28_2025-world-championship-day-2#6,2026-02-28_2025-world-championship-day-2,6,"mikasa ackerman, hizuru’s hope",aot03-010,Stealing This,death,4-1-1,4,1,1,5-2-1,5,2,1,1,1,62,10
2026-02-28_2025-world-championship-day-2#7,2026-02-28_2025-world-championship-day-2,7,"zeke yeager // zeke, beast titan",aot02-015,euhhhhhh im the beast titan....,life,4-1-1,4,1,1,5-2-1,5,2,1,1,1,62,10
2026-02-28_2025-world-championship-day-2#8,2026-02-28_2025-world-championship-day-2,8,"godzilla, king of the monsters",cha03gmm-001,Zilla Worlds 2026,chaos,4-2-0,4,2,0,5-3-0,5,3,0,1,1,60,10
2026-02-28_2025-world-championship-day-2#9,2026-02-28_2025-world-championship-day-2,9,mark tyner,promo2025-098,Travis T Deck,evil,4-0-2,4,0,2,4-1-2,4,1,2,1,1,66,10
2026-02-28_2025-world-championship-day-2#10,2026-02-28_2025-world-championship-day-2,10,krista lenz,aot01-013,Bob's Deck,chaos,4-1-1,4,1,1,4-2-1,4,2,1,1,1,60,10
2026-02-28_2025-world-championship-day-2#11,2026-02-28_2025-world-championship-day-2,11,"pumat sol, magical proprietor",cr02-015,4Ross,air,4-2-0,4,2,0,4-3-0,4,3,0,1,1,64,10
2026-02-28_2025-world-championship-day-2#12,2026-02-28_2025-world-championship-day-2,12,bridget,ggs01-001,Bridge,water,4-2-0,4,2,0,4-3-0,4,3,0,1,1,60,10
2026-02-28_2025-world-championship-day-2#13,2026-02-28_2025-world-championship-day-2,13,"zeke yeager, warchief",aot03-015,Cayden G Deck,chaos,4-2-0,4,2,0,4-3-0,4,3,0,1,1,66,10
2026-02-28_2025-world-championship-day-2#14,2026-02-28_2025-world-championship-day-2,14,"jacob johnson, 2019 uk national champion",promo2026-002,Jacob J Deck,evil,4-2-0,4,2,0,4-3-0,4,3,0,1,1,68,10
2026-02-28_2025-world-championship-day-2#15,2026-02-28_2025-world-championship-day-2,15,"izuku midoriya, on the move // izuku midoriya, quirks unleashed",mha08-001,greed,water,3-1-2,3,1,2,3-2-2,3,2,2,1,1,71,10
2026-02-28_2025-world-championship-day-2#16,2026-02-28_2025-world-championship-day-2,16,"ryu, world warrior",sf60x-001,Zach Ryu Worlds,void,3-1-2,3,1,2,3-2-2,3,2,2,1,1,69,10
2026-02-28_2025-world-championship-day-2#17,2026-02-28_2025-world-championship-day-2,17,"pieck finger, panzer unit cartman // cart titan, finale",aot03-011,Idyllic Dream,order,3-1-2,3,1,2,3-1-2,3,1,2,0,1,68,10
2026-02-28_2025-world-championship-day-2#18,2026-02-28_2025-world-championship-day-2,18,nejire hado,mha07-094,Miderie,air,3-2-1,3,2,1,3-2-1,3,2,1,0,1,78,10
2026-02-28_2025-world-championship-day-2#19,2026-02-28_2025-world-championship-day-2,19,"zeke yeager, warchief",aot03-015,Zeke,life,3-2-1,3,2,1,3-2-1,3,2,1,0,1,72,10
2026-02-28_2025-world-championship-day-2#20,2026-02-28_2025-world-championship-day-2,20,"rodan, giant monster of the sky",cha03krm-003,Cohen N Deck,void,3-2-1,3,2,1,3-2-1,3,2,1,0,1,80,10
2026-02-28_2025-world-championship-day-2#21,2026-02-28_2025-world-championship-day-2,21,bridget,ggs01-001,Beep Beep I'm A Sheep,water,3-2-1,3,2,1,3-2-1,3,2,1,0,1,65,10
2026-02-28_2025-world-championship-day-2#22,2026-02-28_2025-world-championship-day-2,22,"izuku midoriya, on the move // izuku midoriya, quirks unleashed",mha08-001,cory n Deck,void,3-3-0,3,3,0,3-3-0,3,3,0,0,1,78,10
2026-02-28_2025-world-championship-day-2#23,2026-02-28_2025-world-championship-day-2,23,"godzilla, king of the monsters",cha03gmm-001,iari melchor Deck,earth,3-3-0,3,3,0,3-3-0,3,3,0,0,1,60,10
2026-02-28_2025-world-championship-day-2#24,2026-02-28_2025-world-championship-day-2,24,"pieck finger, panzer unit cartman // cart titan, finale",aot03-011,Pieck Gaming,death,3-3-0,3,3,0,3-3-0,3,3,0,0,1,70,10
2026-02-28_2025-world-championship-day-2#25,2026-02-28_2025-world-championship-day-2,25,baek yoonho,sleb-001,Baek Yoonho [Void],void,3-3-0,3,3,0,3-3-0,3,3,0,0,1,65,10
2026-02-28_2025-world-championship-day-2#26,2026-02-28_2025-world-championship-day-2,26,"izuku midoriya, on the move // izuku midoriya, quirks unleashed",mha08-001,Deku,water,3-3-0,3,3,0,3-3-0,3,3,0,0,1,77,10
2026-02-28_2025-world-championship-day-2#27,2026-02-28_2025-world-championship-day-2,27,"godzilla, king of the monsters",cha03gmm-001,Worlds Godzilla,earth,3-3-0,3,3,0,3-3-0,3,3,0,0,1,64,10
2026-02-28_2025-world-championship-day-2#28,2026-02-28_2025-world-championship-day-2,28,mitchell cimino,promo2025-053,It’s like this shah,order,3-3-0,3,3,0,3-3-0,3,3,0,0,1,63,10
2026-02-28_2025-world-championship-day-2#29,2026-02-28_2025-world-championship-day-2,29,"bertolt hoover, living weapon // bertolt, colossus titan advancing",aot02-002,"No Diggity, No Doubt Worlds",death,3-3-0,3,3,0,3-3-0,3,3,0,0,1,63,10
2026-02-28_2025-world-championship-day-2#30,2026-02-28_2025-world-championship-day-2,30,"zeke yeager // zeke, beast titan",aot02-015,Parker S Deck,fire,3-3-0,3,3,0,3-3-0,3,3,0,0,1,65,10
2026-02-28_2025-world-championship-day-2#31,2026-02-28_2025-world-championship-day-2,31,"mikasa ackerman, hizuru’s hope",aot03-010,Beeg Mikasa (Worlds Edition),death,3-3-0,3,3,0,3-3-0,3,3,0,0,1,65,10
2026-02-28_2025-world-championship-day-2#32,2026-02-28_2025-world-championship-day-2,32,"rodan, giant monster of the sky",cha03krm-003,Jett K Deck,void,3-3-0,3,3,0,3-3-0,3,3,0,0,1,75,10
2026-02-28_2025-world-championship-day-2#33,2026-02-28_2025-world-championship-day-2,33,"godzilla, king of the monsters",cha03gmm-001,Colin C Deck,earth,2-2-2,2,2,2,2-2-2,2,2,2,0,1,61,10
2026-02-28_2025-world-championship-day-2#34,2026-02-28_2025-world-championship-day-2,34,mark tyner,promo2025-098,Mark T Deck,evil,2-2-2,2,2,2,2-2-2,2,2,2,0,1,65,10
2026-02-28_2025-world-championship-day-2#35,2026-02-28_2025-world-championship-day-2,35,"mikasa ackerman, hizuru’s hope",aot03-010,Kumiho Worlds,death,2-2-2,2,2,2,2-2-2,2,2,2,0,1,69,10
2026-02-28_2025-world-championship-day-2#36,2026-02-28_2025-world-championship-day-2,36,"king ghidorah, emperor of the cosmos",cha03krm-001,Matthew A Deck,evil,2-2-2,2,2,2,2-2-2,2,2,2,0,1,74,10
2026-02-28_2025-world-championship-day-2#37,2026-02-28_2025-world-championship-day-2,37,"mikasa ackerman, hizuru’s hope",aot03-010,5 Hander Aggro in Texas Part 2,death,2-3-1,2,3,1,2-3-1,2,3,1,0,1,61,10
2026-02-28_2025-world-championship-day-2#38,2026-02-28_2025-world-championship-day-2,38,"rodan, giant monster of the sky",cha03krm-003,Kai Tyack  Deck,void,2-3-1,2,3,1,2-3-1,2,3,1,0,1,69,10
2026-02-28_2025-world-championship-day-2#39,2026-02-28_2025-world-championship-day-2,39,"godzilla, king of the monsters",cha03gmm-001,Knekro,chaos,2-3-1,2,3,1,2-3-1,2,3,1,0,1,60,10
2026-02-28_2025-world-championship-day-2#40,2026-02-28_2025-world-championship-day-2,40,william anderson iii,promo2025-089,William Anderson III Deck,life,2-3-1,2,3,1,2-3-1,2,3,1,0,1,68,10
2026-02-28_2025-world-championship-day-2#41,2026-02-28_2025-world-championship-day-2,41,"pieck finger, panzer unit cartman // cart titan, finale",aot03-011,It's Pieck I'm afraid,order,2-4-0,2,4,0,2-4-0,2,4,0,0,1,68,10
2026-02-28_2025-world-championship-day-2#42,2026-02-28_2025-world-championship-day-2,42,"rodan, giant monster of the sky",cha03krm-003,Walk the Dinosaur,air,2-4-0,2,4,0,2-4-0,2,4,0,0,1,64,10
2026-02-28_2025-world-championship-day-2#43,2026-02-28_2025-world-championship-day-2,43,"mikasa ackerman, hizuru’s hope",aot03-010,"No one knows what the outcome will be. So as much as you can, choose whatever you’ll regret least",death,2-4-0,2,4,0,2-4-0,2,4,0,0,1,65,10
2026-02-28_2025-world-championship-day-2#44,2026-02-28_2025-world-championship-day-2,44,"reiner braun // reiner, armored titan",aot01-017,The Boimler wins worlds,death,2-4-0,2,4,0,2-4-0,2,4,0,0,1,66,10
2026-02-28_2025-world-championship-day-2#45,2026-02-28_2025-world-championship-day-2,45,"godzilla, king of the monsters",cha03gmm-001,"I’m sorry Ibara, I tried I really tried",chaos,2-4-0,2,4,0,2-4-0,2,4,0,0,1,61,10
2026-02-28_2025-world-championship-day-2#46,2026-02-28_2025-world-championship-day-2,46,baek yoonho,sleb-001,Rocco C Deck,void,2-4-0,2,4,0,2-4-0,2,4,0,0,1,66,10
2026-02-28_2025-world-championship-day-2#47,2026-02-28_2025-world-championship-day-2,47,ochaco uraraka (iv),mha06-019,UGN deckbuilder leaves me Dumbfounded,water,2-4-0,2,4,0,2-4-0,2,4,0,0,1,60,10
2026-02-28_2025-world-championship-day-2#48,2026-02-28_2025-world-championship-day-2,48,"pumat sol, magical proprietor",cr02-015,Worlds,air,1-2-0,1,2,0,1-2-0,1,2,0,0,1,69,10
2026-02-28_2025-world-championship-day-2#49,2026-02-28_2025-world-championship-day-2,49,"rodan, giant monster of the sky",cha03krm-003,James H Deck day 2,void,1-3-0,1,3,0,1-3-0,1,3,0,0,1,76,10
2026-02-28_2025-world-championship-day-2#50,2026-02-28_2025-world-championship-day-2,50,nick ragan,promo2025-052,Worlds 2025,all,1-5-0,1,5,0,1-5-0,1,5,0,0,1,93,10
2026-02-28_2025-world-championship-day-2#51,2026-02-28_2025-world-championship-day-2,51,"ryu, world warrior",sf60x-001,Ryu Void Worlds 2025,void,1-5-0,1,5,0,1-5-0,1,5,0,0,1,67,10
2026-02-28_2025-world-championship-day-2#52,2026-02-28_2025-world-championship-day-2,52,"erwin smith, 13th commander of the survey corps",aot01-009,A Stick of Gum And Some String,death,1-3-0,1,3,0,1-3-0,1,3,0,0,1,70,10
2026-02-28_2025-world-championship-day-2#53,2026-02-28_2025-world-championship-day-2,53,"rodan, giant monster of the sky",cha03krm-003,Rodan Worlds,void,1-5-0,1,5,0,1-5-0,1,5,0,0,1,73,10
2026-02-28_2025-world-championship-day-2#54,2026-02-28_2025-world-championship-day-2,54,hekiji tengai (i),mha05-112,I built this at 7:54am,void,0-2-1,0,2,1,0-2-1,0,2,1,0,1,72,10
2026-02-28_2025-world-championship-day-2#55,2026-02-28_2025-world-championship-day-2,55,"bertolt hoover, living weapon // bertolt, colossus titan advancing",aot02-002,Kai Deck,death,0-4-0,0,4,0,0-4-0,0,4,0,0,1,75,10
2026-02-28_2025-world-championship-day-2#56,2026-02-28_2025-world-championship-day-2,56,katsuki bakugo (iv),mha06-100,"""I WILL WIN THE WAY I WANT TO!""",death,0-4-0,0,4,0,0-4-0,0,4,0,0,1,66,10
2026-02-28_2025-world-championship-day-2#57,2026-02-28_2025-world-championship-day-2,57,"izuku midoriya, on the move // izuku midoriya, quirks unleashed",mha08-001,On the smooth,air,0-3-0,0,3,0,0-3-0,0,3,0,0,1,67,10
2026-02-28_2025-world-championship-day-2#58,2026-02-28_2025-world-championship-day-2,58,"pieck finger, panzer unit cartman // cart titan, finale",aot03-011,Freddy,death,0-3-0,0,3,0,0-3-0,0,3,0,0,1,70,10
